
DROP TABLE IF EXISTS osoby CASCADE;
DROP TABLE IF EXISTS stanowiska CASCADE;
DROP TABLE IF EXISTS stanowiska_osoby CASCADE;
DROP TABLE IF EXISTS uprawnienia CASCADE;
DROP TABLE IF EXISTS osoby_uprawnienia CASCADE;
DROP TABLE IF EXISTS rodzaje_pojazdow CASCADE;
DROP TABLE IF EXISTS pojazdy CASCADE;
DROP TABLE IF EXISTS usterki CASCADE;
DROP TABLE IF EXISTS rodzaje_przegladow CASCADE;
DROP TABLE IF EXISTS przeglady_rod_pojazdy CASCADE;
DROP TABLE IF EXISTS serwis CASCADE;
DROP TABLE IF EXISTS magazyny CASCADE;
DROP TABLE IF EXISTS praca_osoby CASCADE;
DROP TABLE IF EXISTS paczkomaty CASCADE;
DROP TABLE IF EXISTS zlecenia CASCADE;
DROP TABLE IF EXISTS kursy CASCADE;
DROP TABLE IF EXISTS zlecenia_kursy CASCADE;
DROP TABLE IF EXISTS nadania CASCADE;
DROP TABLE IF EXISTS odbiory CASCADE;
DROP TABLE IF EXISTS zlecenia_magazyny CASCADE;
DROP TABLE IF EXISTS kursy_paczkomaty CASCADE;
DROP TABLE IF EXISTS skrytki CASCADE;
DROP TABLE IF EXISTS deklaracja_wypakowan CASCADE;

CREATE TABLE osoby(
    id_osoby NUMERIC(9,0) PRIMARY KEY,
    pesel NUMERIC(15,0),
    imie VARCHAR(30) NOT NULL,
    nazwisko VARCHAR(50) NOT NULL,
    email VARCHAR(100) NOT NULL UNIQUE,
    nr_tel VARCHAR(25) NOT NULL UNIQUE
);

CREATE TABLE stanowiska(
    id_stanowiska NUMERIC(6,0) PRIMARY KEY,
    nazwa VARCHAR(200) NOT NULL
);

CREATE TABLE stanowiska_osoby(
    id_osoby NUMERIC(9,0) NOT NULL REFERENCES osoby(id_osoby),
    id_stanowiska NUMERIC(6,0) NOT NULL REFERENCES stanowiska(id_stanowiska)
);

CREATE TABLE uprawnienia(
    id_uprawnienia NUMERIC(4,0) PRIMARY KEY,
    nazwa VARCHAR(200) NOT NULL
);

CREATE TABLE osoby_uprawnienia(
    id_osoby NUMERIC(9,0) NOT NULL REFERENCES osoby(id_osoby),
    id_uprawnienia NUMERIC(4,0) NOT NULL REFERENCES uprawnienia(id_uprawnienia)
);

CREATE TABLE rodzaje_pojazdow(
    id_rodzaju NUMERIC(9,0) PRIMARY KEY,
    nazwa VARCHAR(200) NOT NULL,
    pojemnosc NUMERIC(12,0) NOT NULL,
    id_uprawnienia NUMERIC(4,0) REFERENCES uprawnienia(id_uprawnienia)
);

CREATE TABLE pojazdy(
    id_pojazdu NUMERIC(9,0) PRIMARY KEY,
    nr_rejestracyjny VARCHAR(12) NOT NULL,
    id_rodzaju NUMERIC(9,0) NOT NULL REFERENCES rodzaje_pojazdow(id_rodzaju)
);

CREATE TABLE usterki(
    id_pojazdu NUMERIC(9,0) NOT NULL REFERENCES pojazdy(id_pojazdu),
    opis VARCHAR(300) NOT NULL,
    data_wystapienia TIMESTAMP NOT NULL,
    data_rozpoczecia_naprawy TIMESTAMP CHECK(data_wystapienia<=data_rozpoczecia_naprawy),
    data_zakonczenia_naprawy TIMESTAMP CHECK(data_rozpoczecia_naprawy<=data_zakonczenia_naprawy)
);

CREATE TABLE rodzaje_przegladow(
    id_przegladu NUMERIC(9,0) PRIMARY KEY,
    nazwa VARCHAR(200) NOT NULL
);

CREATE TABLE przeglady_rod_pojazdy(
    id_rodzaju NUMERIC(9,0) NOT NULL REFERENCES rodzaje_pojazdow(id_rodzaju),
    id_przegladu NUMERIC(9,0) NOT NULL REFERENCES rodzaje_przegladow(id_przegladu),
    czestotliwosc INT NOT NULL
);

CREATE TABLE serwis(
    id_pojazdu NUMERIC(9,0) NOT NULL REFERENCES pojazdy(id_pojazdu),
    id_przegladu NUMERIC(9,0) NOT NULL REFERENCES rodzaje_przegladow(id_przegladu),
    data_rozpoczecia TIMESTAMP,
    data_zakonczenia TIMESTAMP, CHECK(data_rozpoczecia<data_zakonczenia)
);

CREATE TABLE magazyny(
    id_magazynu NUMERIC(6,0) PRIMARY KEY,
    lokalizacja VARCHAR(200) NOT NULL
);

CREATE TABLE praca_osoby(
    id_osoby NUMERIC(9,0) NOT NULL REFERENCES osoby(id_osoby),
    id_magazynu NUMERIC(6,0) NOT NULL REFERENCES magazyny(id_magazynu),
    id_stanowiska NUMERIC(6,0) NOT NULL REFERENCES stanowiska(id_stanowiska),
    data_rozpoczecia TIMESTAMP NOT NULL,
    data_zakonczenia TIMESTAMP CHECK(data_rozpoczecia<data_zakonczenia)
);

CREATE TABLE paczkomaty(
    id_paczkomatu NUMERIC(9,0) PRIMARY KEY,
    lokalizacja VARCHAR(200) NOT NULL,
    magazyn NUMERIC(6,0) NOT NULL REFERENCES magazyny(id_magazynu)
);

CREATE TABLE zlecenia(
    id_zlecenia NUMERIC(12,0) PRIMARY KEY,
    id_nadawcy NUMERIC(9,0) NOT NULL REFERENCES osoby(id_osoby),
    id_odbiorcy NUMERIC(9,0) NOT NULL REFERENCES osoby(id_osoby),
    id_pacz_odb NUMERIC(9,0) NOT NULL REFERENCES paczkomaty(id_paczkomatu),
    data_zlozenia TIMESTAMP NOT NULL,
    rozmiar NUMERIC(1,0),
    CONSTRAINT rozmiary_przesylek CHECK (rozmiar IN(1,2,3))
);

CREATE TABLE kursy(
    id_kursu NUMERIC(12,0) PRIMARY KEY,
    id_pojazdu NUMERIC(9,0) NOT NULL REFERENCES pojazdy(id_pojazdu),
    id_kierowcy NUMERIC(9,0) NOT NULL REFERENCES osoby(id_osoby),
    magazyn_start NUMERIC(6,0) NOT NULL REFERENCES magazyny(id_magazynu),
    magazyn_docelowy NUMERIC(6,0) NOT NULL REFERENCES magazyny(id_magazynu),
    data_wyjazdu TIMESTAMP,
    data_przyjazdu TIMESTAMP CHECK (data_wyjazdu<=data_przyjazdu)
);

CREATE TABLE zlecenia_kursy(
    id_zlecenia NUMERIC(12,0) NOT NULL REFERENCES zlecenia(id_zlecenia),
    id_kursu NUMERIC(12,0) NOT NULL REFERENCES kursy(id_kursu),
    "data" TIMESTAMP NOT NULL
);

CREATE TABLE zlecenia_magazyny(
    id_zlecenia NUMERIC(12,0) NOT NULL REFERENCES zlecenia(id_zlecenia),
    id_magazynu NUMERIC(6,0) NOT NULL REFERENCES magazyny(id_magazynu),
    "data" TIMESTAMP NOT NULL
);

CREATE TABLE kursy_paczkomaty(
    id_kursu NUMERIC(12,0) NOT NULL REFERENCES kursy(id_kursu),
    id_paczkomatu NUMERIC(9,0) NOT NULL REFERENCES paczkomaty(id_paczkomatu),
    data_przyjazdu TIMESTAMP NOT NULL,
    data_odjazdu TIMESTAMP CHECK (data_przyjazdu<=data_odjazdu)
);

CREATE TABLE skrytki(
    id_skrytki NUMERIC(12,0) PRIMARY KEY,
    id_paczkomatu NUMERIC(9,0) NOT NULL REFERENCES paczkomaty(id_paczkomatu),
    rozmiar NUMERIC(1,0) NOT NULL,
    CONSTRAINT rozmiary_skrytek CHECK (rozmiar IN(1,2,3))
);

CREATE TABLE odbiory(
    id_zlecenia NUMERIC(12,0) NOT NULL REFERENCES zlecenia(id_zlecenia),
    id_skrytki NUMERIC(12,0) NOT NULL REFERENCES skrytki(id_skrytki),
    data_dostarczenia TIMESTAMP,
    data_odebrania TIMESTAMP
);

CREATE TABLE nadania(
    id_zlecenia NUMERIC(12,0) NOT NULL REFERENCES zlecenia(id_zlecenia),
    id_skrytki NUMERIC(12,0) NOT NULL REFERENCES skrytki(id_skrytki),
    "data" TIMESTAMP NOT NULL
);

CREATE TABLE deklaracja_wypakowan(
    id_kursu NUMERIC(12,0) NOT NULL REFERENCES kursy(id_kursu),
    "data" TIMESTAMP NOT NULL
);
INSERT INTO uprawnienia VALUES
(1,'C'),
(2,'C1'),
(3,'C1E'),
(4,'CE');

INSERT INTO rodzaje_pojazdow VALUES
(1,'Ford Transit',750,1),
(2,'Mercedes Sprinter',775,1),
(3,'Volkswagen Crafter',900,1),
(4,'Tir większy',4500,4),
(5,'Tir mniejszy',3000,4);

INSERT INTO stanowiska VALUES
(1,'dyrektor'),
(2,'kierowca'),
(3,'komisjoner'),
(4,'informatyk');

INSERT INTO rodzaje_przegladow VALUES
(1,'Wymiana oleju'),
(2,'Wymiana płynu hamulcowego'),
(3,'Wymiana płynu do spryskiwaczy'),
(4,'Wymiana płynu chłodniczego'),
(5,'Wymiana tarczy hamulcowych'),
(6,'Wymiana opon');

INSERT INTO magazyny VALUES
(1,'Warszawa, Jerozolimska 50'),
(2,'Kraków, Mokra 41'),
(3,'Poznań, Narutowicza 18'),
(4,'Piaseczno, Wiejska 12'),
(5,'Radom, Mościckiego 2g'),
(6,'Siedlce, Narutowicza 52'),
(7,'Tarnów, Matejki 11a'),
(8,'Katowice, Elektryczna 20'),
(9,'Gniezno, Mickiewicza 37a'),
(10,'Piła, Mościckiego 26'),
(11,'Leszno, Śliwy 55b');

INSERT INTO paczkomaty VALUES
(1,'Warszawa, Szeroka 41',1),
(2,'Warszawa, Elektryczna 8',1),
(3,'Warszawa, Mokra 53',1),
(4,'Warszawa, Chwalebna 24',1),
(5,'Kraków, Konopnickiej 50',2),
(6,'Kraków, Śliwy 36',2),
(7,'Kraków, Kamieńska 56e',2),
(8,'Kraków, Kmicica 15',2),
(9,'Poznań, Waryńskiego 13',3),
(10,'Poznań, Długa 6',3),
(11,'Poznań, Czerwona 12',3),
(12,'Radom, Lwowska 12',5),
(13,'Radom, Lwowska 58',5),
(14,'Siedlce, Krakowska 42',6),
(15,'Siedlce, Walentego 3b',6),
(16,'Piaseczno, Krakowska 11',4),
(17,'Piaseczno, Kamieńska 57',4),
(18,'Tarnów, Józefowicza 50c',7),
(19,'Tarnów, Kmicica 30',7),
(20,'Katowice, Cicha 26c',8),
(21,'Katowice, Chwalebna 24',8),
(22,'Gniezno, Konopnickiej 34',9),
(23,'Piła, Wałowa 4',10),
(24,'Leszno, Kmicica 49',11);

INSERT INTO osoby VALUES
(1,'0','N','N','-','-'),
(2,'93121563545','Zofia','Wróbel','wielka.plastik998@interia.pl','+48 987303859'),
(3,'45121285329','Anna','Wilk','cichy.byk578@o2.pl','+48 180029503'),
(4,'62070770241','Magdalena','Dudek','radosna.poeta472@o2.pl','+48 206735730'),
(5,'90121003923','Bogusława','Stelarz','radosna.drut647@gmail.com','+48 653053633'),
(6,'92040672608','Ewa','Mickiewicz','cicha.kawa265@interia.pl','+48 615680546'),
(7,'92052649346','Laura','Mróz','radosna.smok393@o2.pl','+48 016920719'),
(8,'73062519159','Władysław','Mak','trafny.giermek639@onet.pl','+48 642065634'),
(9,'90062875335','Arkadiusz','Sążeń','kwadratowa.tarcza372@onet.pl','+48 896886478'),
(10,'91100889857','Rafał','Sążeń','wilczy.kura166@onet.pl','+48 137116199'),
(11,'66051648583','Alicja','Mazurek','czerwona.warzywo465@wp.pl','+48 483109599'),
(12,'62062172729','Ewa','Sikora','ultra.spray887@o2.pl','+48 632270319'),
(13,'75112619844','Paweł','Wróbel','dzielny.moneta614@onet.pl','+48 139672569'),
(14,'47111677015','Arkadiusz','Potok','luzacki.hrabia534@wp.pl','+48 330742757'),
(15,'89041237114','Filip','Sikora','czarny.stopa203@gmail.com','+48 423445190'),
(16,'04291893626','Bogusława','Zięba','dolna.tarcza673@interia.pl','+48 097651684'),
(17,'98061176860','Alicja','Wilk','liniowy.kos621@interia.pl','+48 952729105'),
(18,'57101430461','Julia','Czech','liniowa.banan415@o2.pl','+48 871130250'),
(19,'94082385548','Marek','Zięba','trafna.mur197@interia.pl','+48 307007245'),
(20,'47102462844','Zuzanna','Sążeń','limonkowy.kos213@gmail.com','+48 118391788'),
(21,'51122734946','Kacper','Mak','srebrna.hrabia772@interia.pl','+48 014093972'),
(22,'83011730162','Jan','Dąb','czarna.tarcza131@onet.pl','+48 304874494'),
(23,'97100647684','Bogusława','Zieleń','dolna.parasol945@o2.pl','+48 583030526'),
(24,'51121295064','Krzysztof','Steiner','waleczny.metal42@gmail.com','+48 992156023'),
(25,'70010171034','Bogdan','Mazurek','kwadratowa.drzwi32@onet.pl','+48 180672104'),
(26,'63052375982','Wiktoria','Lis','mega.rycerz449@onet.pl','+48 150089283'),
(27,'48061532584','Maciej','Wilk','smaczny.toster438@wp.pl','+48 454951724'),
(28,'72060423888','Laura','Zięba','fioletowy.chleb128@interia.pl','+48 347601260'),
(29,'82110337809','Anna','Kowal','dolna.heban770@o2.pl','+48 867052149'),
(30,'47021331809','Teofil','Wiśniewicz','przestraszony.drewno606@wp.pl','+48 170819675'),
(31,'96061810588','Alicja','Kamień','limonkowa.tarcza212@o2.pl','+48 216600267'),
(32,NULL,'Rafał','Mróz','smaczny.smerf889@gmail.com','+48 896389710'),
(33,'58061299402','Magdalena','Kot','limonkowa.moneta344@gmail.com','+48 793371103'),
(34,'73081618271','Krzysztof','Sikora','dumna.stopa104@onet.pl','+48 535332747'),
(35,'68082259424','Zuzanna','Niemen','dumna.kartka597@wp.pl','+48 432972137'),
(36,'87120826264','Bogdan','Nowak','czerwona.kartka737@onet.pl','+48 485283492'),
(37,'78030281896','Cezary','Steiner','ekstra.widelec832@gmail.com','+48 988357546'),
(38,'53061772133','Kacper','Dudek','wielki.wilk194@o2.pl','+48 606499802'),
(39,'77102182273','Marian','Mazur','limonkowy.pluszak260@onet.pl','+48 053780648'),
(40,'58082440731','Marian','Nowak','dumna.karton389@wp.pl','+48 055562447'),
(41,'51031144205','Cezary','Pawlak','czarna.sikorka192@interia.pl','+48 517500799'),
(42,'57111905234','Kamil','Zieleń','ultra.mysz228@o2.pl','+48 909740405'),
(43,'44102630853','Arkadiusz','Dudek','trafna.okno520@onet.pl','+48 234093227'),
(44,'98112250800','Kazimierz','Zięba','cichy.kwadrat392@interia.pl','+48 294236988'),
(45,'78050263658','Krystian','Potok','wielki.smok863@onet.pl','+48 514838486'),
(46,'67050402534','Filip','Wilk','przestraszony.kos416@interia.pl','+48 256022632'),
(47,'49122343206','Wincenty','Niemen','nieustraszliwy.muzyka575@onet.pl','+48 841981022'),
(48,'02241722529','Hanna','Kamień','srebrny.herbata108@interia.pl','+48 898387271'),
(49,'78072536103','Julia','Niemen','wilczy.skarpeta544@gmail.com','+48 558007405'),
(50,'53080601304','Wanda','Zieleń','czerwony.owoc652@interia.pl','+48 281951680'),
(51,'85061880019','Arkadiusz','Mazurek','radosny.yeti313@gmail.com','+48 751199435'),
(52,'74020858866','Kamila','Sikora','ultra.spray155@interia.pl','+48 074057874'),
(53,'57101391685','Zuzanna','Pawlak','radosny.smerf789@o2.pl','+48 255881466'),
(54,'58042213980','Zuzanna','Wieczorek','metalowy.kostka181@onet.pl','+48 417791025'),
(55,'57122788138','Cezary','Szulc','waleczny.linia931@gmail.com','+48 797377694'),
(56,'97011119863','Paweł','Wilk','niebieski.stopa309@wp.pl','+48 078082439'),
(57,'57030999969','Anna','Mak','cicha.batman419@o2.pl','+48 512642140'),
(58,'53012811463','Zuzanna','Wojtar','dzielny.trawa854@o2.pl','+48 807022782'),
(59,'60040890605','Arkadiusz','Wilk','przestraszony.banan114@o2.pl','+48 418803430'),
(60,'87080302446','Zuzanna','Szulc','limonkowa.hrabia642@o2.pl','+48 471597696'),
(61,'94091851436','Wincenty','Dąb','pomocna.wilk303@wp.pl','+48 849027969'),
(62,'68022388546','Grzegorz','Wróbel','wielka.lis249@gmail.com','+48 949689314'),
(63,'81041048941','Tomasz','Szulc','ekstra.spray84@wp.pl','+48 687281603'),
(64,'87121451382','Wiktoria','Potok','cichy.skarpeta724@gmail.com','+48 466460578'),
(65,'45012848259','Arkadiusz','Steiner','trafna.spray144@interia.pl','+48 852339264'),
(66,'64041789052','Grzegorz','Mróz','pomocna.rycerz132@onet.pl','+48 494050229'),
(67,'63051743614','Tomasz','Kowal','dolny.sikorka208@wp.pl','+48 442005513'),
(68,NULL,'Marian','Mickiewicz','nieustraszliwy.smerf235@gmail.com','+48 223819524'),
(69,'57091328922','Oliwa','Sążeń','smaczny.orzel514@wp.pl','+48 872106158'),
(70,'96020336407','Dorota','Niemen','dolny.srebro430@gmail.com','+48 232918165'),
(71,'71102721663','Oliwa','Kamień','zielony.giermek984@gmail.com','+48 895490592'),
(72,'59110236902','Krystian','Czech','nieprzeliczalny.wilk681@wp.pl','+48 064441540'),
(73,'87112786545','Alicja','Szulc','kwadratowy.orzel518@wp.pl','+48 613697123'),
(74,'68080358569','Zuzanna','Stelarz','dzielna.chleb727@wp.pl','+48 069808080'),
(75,'94060795761','Władysław','Przybyło','ultra.banan501@onet.pl','+48 940344517'),
(76,'51051961268','Alicja','Lis','the.puszka217@interia.pl','+48 621998584'),
(77,'77042541262','Laura','Niemen','maly.klej467@onet.pl','+48 610772876'),
(78,'89080400308','Agata','Lis','mega.drut988@interia.pl','+48 140862085'),
(79,'77011744649','Arkadiusz','Mickiewicz','czerwona.kwadrat542@interia.pl','+48 263477036'),
(80,'78010996105','Zuzanna','Lis','zielona.drewno144@o2.pl','+48 999717293'),
(81,'98012678786','Krystian','Mazur','ekstra.osa311@onet.pl','+48 022573707'),
(82,'91042574987','Alicja','Steiner','wilczy.kartka204@wp.pl','+48 211257481'),
(83,'85111049360','Jadwiga','Szulc','nieustraszliwa.owoc584@wp.pl','+48 104545010'),
(84,'44041290145','Wiktoria','Szulc','nieustraszliwa.spray934@onet.pl','+48 331436762'),
(85,'64100959606','Hanna','Dudek','dolna.herb598@o2.pl','+48 100654751'),
(86,'81020769847','Krzysztof','Kowalczyk','metalowy.herbata111@o2.pl','+48 561441014'),
(87,'79111651809','Cezary','Wiśniewicz','srebrny.wilk338@gmail.com','+48 085517057'),
(88,'94121591709','Paweł','Zięba','waleczny.chleb957@o2.pl','+48 187981321'),
(89,'60031303604','Natalia','Steiner','przestraszony.kawa388@interia.pl','+48 394083003'),
(90,'60021142181','Laura','Kozioł','mega.drzwi658@interia.pl','+48 135408894'),
(91,'77010837104','Krzysztof','Zieleń','smieszny.drzwi692@gmail.com','+48 514940688'),
(92,'85030802725','Zofia','Dąb','ultra.muzyka1000@o2.pl','+48 024279865'),
(93,'91071473020','Kamila','Zięba','cicha.giermek559@gmail.com','+48 921870507'),
(94,'65081043445','Wanda','Wojtar','boczny.lustro147@o2.pl','+48 105952704'),
(95,'72051747085','Piotr','Krawczyk','kwadratowa.byk41@gmail.com','+48 131358232'),
(96,'04301412504','Zuzanna','Kaczmarek','trafny.heban609@onet.pl','+48 352263157'),
(97,'97041793187','Małorzata','Kowal','wielka.kawa948@o2.pl','+48 202629687'),
(98,'68032416589','Agata','Kaczmarek','boczny.banan262@interia.pl','+48 065259480'),
(99,'83072316244','Kamil','Nowak','czerwony.herbata428@interia.pl','+48 002610607'),
(100,'01280562143','Marian','Kwiecień','dzielna.poeta32@wp.pl','+48 438735800'),
(101,'72022660922','Kamila','Stelarz','metalowy.poeta470@gmail.com','+48 548052308'),
(102,'89010860574','Tomasz','Czech','cicha.yeti872@o2.pl','+48 634670165'),
(103,'50080428920','Izabela','Potok','waleczny.skarpeta731@o2.pl','+48 749120348'),
(104,'69060803569','Maria','Wróbel','maly.srebro455@gmail.com','+48 020279145'),
(105,'87101376391','Grzegorz','Kwiecień','cicha.papier746@o2.pl','+48 000791878'),
(106,'93040668509','Izabela','Wojtar','luzacki.owoc230@o2.pl','+48 499008778'),
(107,'86071308269','Wiktoria','Kowalczyk','dolna.lampka625@onet.pl','+48 325916782'),
(108,'59080184827','Władysław','Niemen','maly.kwadrat115@interia.pl','+48 875551306'),
(109,'89040524226','Zofia','Mak','zielona.pluszak134@o2.pl','+48 547959942'),
(110,'82081582400','Maria','Kowalczyk','boczny.lis584@interia.pl','+48 768588769'),
(111,'53120730382','Jan','Szewczyk','dumny.toster210@interia.pl','+48 305492244'),
(112,'63122808620','Jadwiga','Lis','super.hrabia608@onet.pl','+48 490333880'),
(113,'81111204024','Agata','Mickiewicz','smieszny.giermek98@interia.pl','+48 444878598'),
(114,'76092460121','Magdalena','Kowalczyk','the.kula402@gmail.com','+48 455809276'),
(115,'69040544699','Maciej','Lis','luzacki.okno51@gmail.com','+48 910290924'),
(116,'86011508120','Czesław','Sążeń','wilczy.pluszak836@onet.pl','+48 662504671'),
(117,'90080117044','Kamila','Pawlak','wielka.talerz505@interia.pl','+48 657698663'),
(118,'78010758040','Hanna','Sikora','radosny.heban743@o2.pl','+48 827888945'),
(119,'70111497190','Maciej','Szewczyk','przestraszony.stefan588@interia.pl','+48 298927423'),
(120,'02290790883','Maria','Wróbel','czarna.lampka22@o2.pl','+48 421946340'),
(121,'97010471278','Filip','Mickiewicz','limonkowa.stopa48@o2.pl','+48 983571426'),
(122,'88120349012','Arkadiusz','Kaczmarek','super.talerz674@gmail.com','+48 021155149'),
(123,'56031849266','Barnaba','Mazurek','maly.matryca818@wp.pl','+48 956823546'),
(124,'60112399034','Cezary','Przybyło','super.kwadrat145@onet.pl','+48 095508595'),
(125,'63072759829','Maria','Zięba','czarny.trawa896@o2.pl','+48 956304770'),
(126,'91112015626','Magdalena','Nowak','kwadratowy.byk206@interia.pl','+48 941013433'),
(127,'69021688538','Maciej','Lis','smaczny.mysz196@o2.pl','+48 416897122'),
(128,'72052660260','Tomasz','Zięba','maly.parasol531@interia.pl','+48 158012915'),
(129,'48102451724','Maciej','Mazurek','czerwona.kartka596@wp.pl','+48 399175425'),
(130,'88011059743','Kacper','Krawczyk','metalowy.drut381@wp.pl','+48 260675623'),
(131,'91092449042','Kamila','Mazurek','wielki.astronauta114@gmail.com','+48 460255964'),
(132,'03262454749','Jan','Zieleń','srebrny.drzewo932@o2.pl','+48 911343964'),
(133,'63100709501','Barnaba','Nowak','ultra.heban279@o2.pl','+48 332429223'),
(134,'02221269002','Jadwiga','Duda','liniowy.puszka97@gmail.com','+48 475124321'),
(135,'49030493208','Zuzanna','Zięba','smaczny.klej67@wp.pl','+48 857909272'),
(136,'03220874505','Filip','Piątek','luzacki.yeti464@interia.pl','+48 690582950'),
(137,'61031478758','Krzysztof','Wiśniewicz','nieustraszliwa.linijka723@wp.pl','+48 276911744'),
(138,'01251884261','Wiktoria','Dudek','boczny.kawa260@onet.pl','+48 696634265'),
(139,'83092546850','Teofil','Steiner','radosna.toster529@onet.pl','+48 428611673'),
(140,'82051374327','Izabela','Kamień','metalowy.kostka119@gmail.com','+48 455880750'),
(141,NULL,'Władysław','Mróz','ultra.klej903@gmail.com','+48 526317742'),
(142,'73030317244','Maria','Potok','smaczny.drzewo824@onet.pl','+48 521454594'),
(143,'04310493228','Wincenty','Krawczyk','dolny.smerf268@onet.pl','+48 132611338'),
(144,'86082793160','Laura','Wojtar','przestraszony.kula708@wp.pl','+48 658203711'),
(145,'98080317174','Cezary','Wojtar','nieustraszliwy.pluszak586@o2.pl','+48 417201879'),
(146,'99011442037','Maciej','Szulc','ekstra.kawa943@wp.pl','+48 426422579'),
(147,'63080742082','Krzysztof','Duda','wielki.herbata319@interia.pl','+48 303521231'),
(148,'51090667923','Zuzanna','Stelarz','kwadratowy.kula235@o2.pl','+48 126340699'),
(149,'65071934131','Filip','Mak','przestraszony.kostka244@gmail.com','+48 913369971'),
(150,'87071692947','Kamil','Wojtar','radosna.poeta142@wp.pl','+48 166321166'),
(151,'78090969039','Kazimierz','Szewczyk','dumny.yeti641@onet.pl','+48 289055481'),
(152,'95112842596','Krzysztof','Kaczmarek','mega.kostka140@wp.pl','+48 744527035'),
(153,'45032136325','Anna','Stelarz','dolny.astronauta621@o2.pl','+48 011154581'),
(154,'68022435200','Alicja','Woźniak','trafna.lis740@onet.pl','+48 736684291'),
(155,'90102133728','Natalia','Kot','czerwona.linijka972@o2.pl','+48 715759874'),
(156,'72031072750','Maciej','Kaczmarek','smaczny.widelec796@o2.pl','+48 733425251'),
(157,'46112176103','Cezary','Sążeń','liniowa.mur552@gmail.com','+48 618798778'),
(158,'97042059068','Laura','Zieleń','mega.klej693@o2.pl','+48 406589070'),
(159,'69030744630','Maciej','Lis','boczny.kula308@wp.pl','+48 043211206'),
(160,'53100165757','Rafał','Piątek','zielona.muzyka203@o2.pl','+48 510019125'),
(161,'03271802506','Natalia','Woźniak','limonkowa.trawa244@wp.pl','+48 942439877'),
(162,'61031602526','Rafał','Mróz','super.parasol197@wp.pl','+48 248329797'),
(163,'54032632151','Tomasz','Piątek','liniowy.kartka932@wp.pl','+48 026177015'),
(164,'53011864400','Aleksandra','Mickiewicz','radosny.moneta474@o2.pl','+48 981178718'),
(165,'66062549068','Wiktoria','Potok','przestraszony.metal621@interia.pl','+48 700290361'),
(166,'52051957985','Zuzanna','Kot','niebieski.chleb202@o2.pl','+48 646357698'),
(167,'64021281460','Tomasz','Pawlak','ekstra.kura560@interia.pl','+48 856388340'),
(168,'90111770882','Maria','Woźniak','cicha.wilk829@onet.pl','+48 245677918'),
(169,'95091969165','Agata','Zięba','dumna.kostka669@interia.pl','+48 014806633'),
(170,'99072876859','Piotr','Niemen','limonkowy.batman885@o2.pl','+48 200720804'),
(171,'99061117204','Kazimierz','Wiśniewicz','ultra.metal942@o2.pl','+48 497371220'),
(172,'89050692520','Zuzanna','Czech','srebrna.puszka423@interia.pl','+48 323255300'),
(173,'76071946972','Piotr','Wojtar','czarna.widelec609@gmail.com','+48 076354705'),
(174,'01322236258','Marian','Wróbel','kwadratowa.kostka696@gmail.com','+48 260033926'),
(175,'04281559482','Maria','Mak','czerwona.kula188@interia.pl','+48 957857894'),
(176,'78090738127','Dorota','Dąb','metalowy.owoc326@onet.pl','+48 259366492'),
(177,'59111677650','Wincenty','Szewczyk','maly.lis417@o2.pl','+48 014522010'),
(178,'59041284201','Barnaba','Stelarz','srebrny.chleb876@gmail.com','+48 113184969'),
(179,'79052048627','Maria','Przybyło','kwadratowy.matryca803@onet.pl','+48 540232998'),
(180,'87042828157','Teofil','Woźniak','dolny.batman761@wp.pl','+48 931192636'),
(181,'89041561460','Agata','Przybyło','maly.astronauta348@onet.pl','+48 373984276'),
(182,'60051630801','Wanda','Krawczyk','zielony.kawa808@interia.pl','+48 749125525'),
(183,'82032179905','Alicja','Woźniak','czerwony.poeta593@wp.pl','+48 045256625'),
(184,'83101957352','Marek','Niemen','dumna.byk929@interia.pl','+48 697865012'),
(185,'71082729840','Marian','Krawczyk','ultra.smok762@onet.pl','+48 340504755'),
(186,'53050607826','Władysław','Niemen','kwadratowy.kawa177@interia.pl','+48 260468148'),
(187,'91010468591','Filip','Kwiecień','wielka.giermek71@gmail.com','+48 162927057'),
(188,'45051603888','Hanna','Kowalczyk','dzielny.osa634@onet.pl','+48 324320061'),
(189,'77010894888','Laura','Czech','przestraszony.kostka383@gmail.com','+48 517704036'),
(190,'90021891785','Cezary','Wróbel','radosny.kura426@o2.pl','+48 415297735'),
(191,'02282678809','Wiktoria','Zięba','dumny.astronauta781@wp.pl','+48 200179770'),
(192,'59030283545','Hanna','Wieczorek','mega.batman379@o2.pl','+48 272087235'),
(193,'62072536720','Kacper','Przybyło','czerwona.pluszak475@gmail.com','+48 910859457'),
(194,'84051601540','Jadwiga','Zieleń','przestraszony.kwadrat860@gmail.com','+48 801241695'),
(195,'58021558420','Arkadiusz','Przybyło','czarna.lampka452@onet.pl','+48 143772382'),
(196,'51111236455','Piotr','Lis','niebieski.muzyka826@o2.pl','+48 234174956'),
(197,'64041984426','Bogusława','Mak','czerwony.giermek129@wp.pl','+48 599831852'),
(198,'65051582363','Małorzata','Wojtar','dumna.warzywo535@o2.pl','+48 724054560'),
(199,'00301886257','Filip','Duda','liniowy.bohater22@onet.pl','+48 206066432'),
(200,'93032490794','Maciej','Wilk','boczny.owoc80@interia.pl','+48 895053268'),
(201,'70071626829','Kamila','Lis','dumna.parasol530@interia.pl','+48 718517552'),
(202,'00220198420','Władysław','Steiner','niebieski.lis489@gmail.com','+48 793641436'),
(203,'72110837348','Laura','Wilk','cicha.cielak870@wp.pl','+48 258721857'),
(204,'84041410820','Zofia','Stelarz','nieprzeliczalny.bohater135@wp.pl','+48 745284222'),
(205,'89051408005','Anna','Wieczorek','dzielny.okno277@interia.pl','+48 156048146'),
(206,'63020911547','Bogusława','Mickiewicz','niebieski.stefan782@interia.pl','+48 120040733'),
(207,'78011420331','Czesław','Steiner','ultra.lampka692@gmail.com','+48 155311978'),
(208,'59072276189','Bogusława','Kaczmarek','smaczna.parasol376@gmail.com','+48 439836955'),
(209,'02231148634','Marian','Kwiecień','ekstra.batman276@onet.pl','+48 818412856'),
(210,'94070670665','Magdalena','Kozioł','zielona.stefan721@wp.pl','+48 376938973'),
(211,'98010106469','Rafał','Kot','zielony.metal286@gmail.com','+48 147315665'),
(212,'99010767481','Natalia','Dąb','zielona.smerf851@interia.pl','+48 714849503'),
(213,'79072337947','Kamila','Pawlak','kwadratowa.byk361@onet.pl','+48 144973104'),
(214,'47041358552','Marek','Czech','boczny.toster662@wp.pl','+48 204920439'),
(215,'68102505032','Piotr','Zięba','nieprzeliczalny.rock445@gmail.com','+48 504681136'),
(216,'95100155204','Zofia','Woźniak','przestraszony.muzyka180@onet.pl','+48 532428609'),
(217,'84120747546','Marian','Przybyło','liniowa.drzewo139@wp.pl','+48 163639309'),
(218,'94081798017','Rafał','Mróz','luzacki.puszka143@interia.pl','+48 241404425'),
(219,'86032146987','Maria','Krawczyk','niebieski.moneta573@wp.pl','+48 467799831'),
(220,'92012042206','Marek','Dąb','maly.puszka703@interia.pl','+48 530105329'),
(221,'95021752263','Hanna','Wojtar','czarna.tarcza382@wp.pl','+48 704235644'),
(222,'64080322146','Małorzata','Nowak','zielona.astronauta720@wp.pl','+48 151260831'),
(223,'73102167816','Kazimierz','Kamień','smieszny.rycerz698@gmail.com','+48 653605295'),
(224,'78101543421','Natalia','Kamień','fioletowy.kartka106@gmail.com','+48 550779275'),
(225,'52012199780','Dorota','Woźniak','radosny.kwadrat62@interia.pl','+48 300568258'),
(226,'95082081328','Ewa','Pawlak','wielka.drzwi688@onet.pl','+48 887683913'),
(227,'82082537324','Dorota','Wojtar','kwadratowa.smerf676@wp.pl','+48 251860107'),
(228,'02301304601','Paweł','Nowak','smieszny.widelec926@interia.pl','+48 287254210'),
(229,'47050269612','Marian','Zięba','niebieski.karton804@o2.pl','+48 660899332'),
(230,'54060147388','Krzysztof','Pawlak','nieustraszliwa.cielak600@interia.pl','+48 528538574'),
(231,'51071128474','Grzegorz','Nowak','ultra.drzewo34@wp.pl','+48 297813506'),
(232,'83090640341','Natalia','Piątek','luzacki.mur656@o2.pl','+48 437940050'),
(233,'94122755544','Zuzanna','Piątek','liniowy.skarpeta300@onet.pl','+48 757076075'),
(234,'89052879646','Wanda','Sążeń','liniowa.batman406@wp.pl','+48 311513216'),
(235,'01292173889','Anna','Zięba','boczny.bohater758@onet.pl','+48 668336737'),
(236,'97112101000','Zuzanna','Kwiecień','dumny.muzyka816@onet.pl','+48 040333361'),
(237,'69042680340','Rafał','Kwiecień','limonkowy.kula231@wp.pl','+48 655948333'),
(238,'92121031016','Kazimierz','Kozioł','trafna.orzel215@interia.pl','+48 051911988'),
(239,'69032632827','Barnaba','Zieleń','limonkowa.kula829@onet.pl','+48 852068144'),
(240,'52012138583','Wiktoria','Stelarz','dumna.cielak99@o2.pl','+48 668627145'),
(241,'70060965845','Czesław','Nowak','wielka.osa775@wp.pl','+48 119756451'),
(242,'62061383728','Jadwiga','Kot','dolny.lis883@gmail.com','+48 722808888'),
(243,'94062452619','Kamil','Lis','dumny.herb989@interia.pl','+48 271063651'),
(244,'87122240147','Teofil','Zięba','ekstra.stefan784@interia.pl','+48 516565515'),
(245,'50021887881','Wiktoria','Duda','limonkowy.klej431@interia.pl','+48 104352592'),
(246,'60081468005','Aleksandra','Kot','dzielna.srebro437@interia.pl','+48 165845230'),
(247,'59052356744','Maciej','Dąb','nieprzeliczalny.drut944@interia.pl','+48 180468879'),
(248,'95121539027','Bogusława','Woźniak','liniowa.kostka621@gmail.com','+48 228338642');

INSERT INTO stanowiska_osoby VALUES
(202,1),
(203,2),
(204,2),
(205,2),
(206,2),
(207,2),
(208,2),
(209,2),
(210,2),
(211,2),
(212,2),
(213,2),
(214,2),
(215,2),
(216,2),
(217,2),
(218,2),
(219,2),
(220,2),
(221,2),
(222,2),
(223,2),
(224,2),
(225,2),
(226,2),
(227,2),
(228,2),
(229,2),
(230,2),
(231,2),
(232,2),
(233,3),
(234,3),
(235,3),
(236,3),
(237,3),
(238,3),
(239,3),
(240,3),
(241,3),
(242,3),
(243,3),
(244,4),
(245,4),
(246,4),
(247,4),
(248,4);

INSERT INTO osoby_uprawnienia VALUES
(203,4),
(204,4),
(205,1),
(205,4),
(206,4),
(207,4),
(207,2),
(208,1),
(209,4),
(210,1),
(211,1),
(212,1),
(213,4),
(214,1),
(214,2),
(215,1),
(216,1),
(217,4),
(218,1),
(219,4),
(220,1),
(221,1),
(222,1),
(223,1),
(224,1),
(225,1),
(225,3),
(226,1),
(227,4),
(228,1),
(229,1),
(229,4),
(230,4),
(231,1),
(232,1),
(232,4);

INSERT INTO pojazdy VALUES
(1,'WND2010',2),
(2,'RBI4031',2),
(3,'WF333Q',4),
(4,'FSL864A',1),
(5,'EPD4271',2),
(6,'DWR9610',2),
(7,'ZGY923Y',2),
(8,'LCH195W',5),
(9,'RT927G',4),
(10,'DKL2250',4),
(11,'SWZ1881',5),
(12,'TOS248E',2),
(13,'WWE6970',3),
(14,'CBR5001',1),
(15,'KBC4551',2),
(16,'LLU9270',5),
(17,'OKR6341',4),
(18,'PJA028O',2),
(19,'SMY135C',4),
(20,'PWL090Q',5),
(21,'CSW9641',3),
(22,'ZGY105W',4),
(23,'TLW1411',1),
(24,'RSR321R',2),
(25,'WGS894Z',3),
(26,'WZU211R',4),
(27,'RP0231',2),
(28,'SLU9170',1),
(29,'TPI4381',2),
(30,'KT373X',5),
(31,'KRA2140',2),
(32,'EWI759J',4),
(33,'POT8060',3),
(34,'KBC134F',1),
(35,'WPU690Z',2),
(36,'RDE904I',3),
(37,'SPI0340',3),
(38,'BLM9430',2),
(39,'NDZ653G',2),
(40,'SB6340',5),
(41,'KTA1620',3),
(42,'CB818I',1),
(43,'RLA331E',5),
(44,'KOL537H',1),
(45,'PWA5240',3);

INSERT INTO serwis VALUES
(1,1,'2020-01-01 00:00:00','2020-01-01 00:01:00'),
(1,2,'2020-01-01 00:00:00','2020-01-01 00:01:00'),
(1,3,'2020-01-01 00:00:00','2020-01-01 00:01:00'),
(1,4,'2020-01-01 00:00:00','2020-01-01 00:01:00'),
(1,5,'2020-01-01 00:00:00','2020-01-01 00:01:00'),
(1,6,'2020-01-01 00:00:00','2020-01-01 00:01:00'),
(2,1,'2020-01-01 00:00:00','2020-01-01 00:01:00'),
(2,2,'2020-01-01 00:00:00','2020-01-01 00:01:00'),
(2,3,'2020-01-01 00:00:00','2020-01-01 00:01:00'),
(2,4,'2020-01-01 00:00:00','2020-01-01 00:01:00'),
(2,5,'2020-01-01 00:00:00','2020-01-01 00:01:00'),
(2,6,'2020-01-01 00:00:00','2020-01-01 00:01:00'),
(3,1,'2020-01-01 00:00:00','2020-01-01 00:01:00'),
(3,2,'2020-01-01 00:00:00','2020-01-01 00:01:00'),
(3,3,'2020-01-01 00:00:00','2020-01-01 00:01:00'),
(3,4,'2020-01-01 00:00:00','2020-01-01 00:01:00'),
(3,5,'2020-01-01 00:00:00','2020-01-01 00:01:00'),
(3,6,'2020-01-01 00:00:00','2020-01-01 00:01:00'),
(4,1,'2020-01-01 00:00:00','2020-01-01 00:01:00'),
(4,2,'2020-01-01 00:00:00','2020-01-01 00:01:00'),
(4,3,'2020-01-01 00:00:00','2020-01-01 00:01:00'),
(4,4,'2020-01-01 00:00:00','2020-01-01 00:01:00'),
(4,5,'2020-01-01 00:00:00','2020-01-01 00:01:00'),
(4,6,'2020-01-01 00:00:00','2020-01-01 00:01:00'),
(5,1,'2020-01-01 00:00:00','2020-01-01 00:01:00'),
(5,2,'2020-01-01 00:00:00','2020-01-01 00:01:00'),
(5,3,'2020-01-01 00:00:00','2020-01-01 00:01:00'),
(5,4,'2020-01-01 00:00:00','2020-01-01 00:01:00'),
(5,5,'2020-01-01 00:00:00','2020-01-01 00:01:00'),
(5,6,'2020-01-01 00:00:00','2020-01-01 00:01:00'),
(6,1,'2020-01-01 00:00:00','2020-01-01 00:01:00'),
(6,2,'2020-01-01 00:00:00','2020-01-01 00:01:00'),
(6,3,'2020-01-01 00:00:00','2020-01-01 00:01:00'),
(6,4,'2020-01-01 00:00:00','2020-01-01 00:01:00'),
(6,5,'2020-01-01 00:00:00','2020-01-01 00:01:00'),
(6,6,'2020-01-01 00:00:00','2020-01-01 00:01:00'),
(7,1,'2020-01-01 00:00:00','2020-01-01 00:01:00'),
(7,2,'2020-01-01 00:00:00','2020-01-01 00:01:00'),
(7,3,'2020-01-01 00:00:00','2020-01-01 00:01:00'),
(7,4,'2020-01-01 00:00:00','2020-01-01 00:01:00'),
(7,5,'2020-01-01 00:00:00','2020-01-01 00:01:00'),
(7,6,'2020-01-01 00:00:00','2020-01-01 00:01:00'),
(8,1,'2020-01-01 00:00:00','2020-01-01 00:01:00'),
(8,2,'2020-01-01 00:00:00','2020-01-01 00:01:00'),
(8,3,'2020-01-01 00:00:00','2020-01-01 00:01:00'),
(8,4,'2020-01-01 00:00:00','2020-01-01 00:01:00'),
(8,5,'2020-01-01 00:00:00','2020-01-01 00:01:00'),
(8,6,'2020-01-01 00:00:00','2020-01-01 00:01:00'),
(9,1,'2020-01-01 00:00:00','2020-01-01 00:01:00'),
(9,2,'2020-01-01 00:00:00','2020-01-01 00:01:00'),
(9,3,'2020-01-01 00:00:00','2020-01-01 00:01:00'),
(9,4,'2020-01-01 00:00:00','2020-01-01 00:01:00'),
(9,5,'2020-01-01 00:00:00','2020-01-01 00:01:00'),
(9,6,'2020-01-01 00:00:00','2020-01-01 00:01:00'),
(10,1,'2020-01-01 00:00:00','2020-01-01 00:01:00'),
(10,2,'2020-01-01 00:00:00','2020-01-01 00:01:00'),
(10,3,'2020-01-01 00:00:00','2020-01-01 00:01:00'),
(10,4,'2020-01-01 00:00:00','2020-01-01 00:01:00'),
(10,5,'2020-01-01 00:00:00','2020-01-01 00:01:00'),
(10,6,'2020-01-01 00:00:00','2020-01-01 00:01:00'),
(11,1,'2020-01-01 00:00:00','2020-01-01 00:01:00'),
(11,2,'2020-01-01 00:00:00','2020-01-01 00:01:00'),
(11,3,'2020-01-01 00:00:00','2020-01-01 00:01:00'),
(11,4,'2020-01-01 00:00:00','2020-01-01 00:01:00'),
(11,5,'2020-01-01 00:00:00','2020-01-01 00:01:00'),
(11,6,'2020-01-01 00:00:00','2020-01-01 00:01:00'),
(12,1,'2020-01-01 00:00:00','2020-01-01 00:01:00'),
(12,2,'2020-01-01 00:00:00','2020-01-01 00:01:00'),
(12,3,'2020-01-01 00:00:00','2020-01-01 00:01:00'),
(12,4,'2020-01-01 00:00:00','2020-01-01 00:01:00'),
(12,5,'2020-01-01 00:00:00','2020-01-01 00:01:00'),
(12,6,'2020-01-01 00:00:00','2020-01-01 00:01:00'),
(13,1,'2020-01-01 00:00:00','2020-01-01 00:01:00'),
(13,2,'2020-01-01 00:00:00','2020-01-01 00:01:00'),
(13,3,'2020-01-01 00:00:00','2020-01-01 00:01:00'),
(13,4,'2020-01-01 00:00:00','2020-01-01 00:01:00'),
(13,5,'2020-01-01 00:00:00','2020-01-01 00:01:00'),
(13,6,'2020-01-01 00:00:00','2020-01-01 00:01:00'),
(14,1,'2020-01-01 00:00:00','2020-01-01 00:01:00'),
(14,2,'2020-01-01 00:00:00','2020-01-01 00:01:00'),
(14,3,'2020-01-01 00:00:00','2020-01-01 00:01:00'),
(14,4,'2020-01-01 00:00:00','2020-01-01 00:01:00'),
(14,5,'2020-01-01 00:00:00','2020-01-01 00:01:00'),
(14,6,'2020-01-01 00:00:00','2020-01-01 00:01:00'),
(15,1,'2020-01-01 00:00:00','2020-01-01 00:01:00'),
(15,2,'2020-01-01 00:00:00','2020-01-01 00:01:00'),
(15,3,'2020-01-01 00:00:00','2020-01-01 00:01:00'),
(15,4,'2020-01-01 00:00:00','2020-01-01 00:01:00'),
(15,5,'2020-01-01 00:00:00','2020-01-01 00:01:00'),
(15,6,'2020-01-01 00:00:00','2020-01-01 00:01:00'),
(16,1,'2020-01-01 00:00:00','2020-01-01 00:01:00'),
(16,2,'2020-01-01 00:00:00','2020-01-01 00:01:00'),
(16,3,'2020-01-01 00:00:00','2020-01-01 00:01:00'),
(16,4,'2020-01-01 00:00:00','2020-01-01 00:01:00'),
(16,5,'2020-01-01 00:00:00','2020-01-01 00:01:00'),
(16,6,'2020-01-01 00:00:00','2020-01-01 00:01:00'),
(17,1,'2020-01-01 00:00:00','2020-01-01 00:01:00'),
(17,2,'2020-01-01 00:00:00','2020-01-01 00:01:00'),
(17,3,'2020-01-01 00:00:00','2020-01-01 00:01:00'),
(17,4,'2020-01-01 00:00:00','2020-01-01 00:01:00'),
(17,5,'2020-01-01 00:00:00','2020-01-01 00:01:00'),
(17,6,'2020-01-01 00:00:00','2020-01-01 00:01:00'),
(18,1,'2020-01-01 00:00:00','2020-01-01 00:01:00'),
(18,2,'2020-01-01 00:00:00','2020-01-01 00:01:00'),
(18,3,'2020-01-01 00:00:00','2020-01-01 00:01:00'),
(18,4,'2020-01-01 00:00:00','2020-01-01 00:01:00'),
(18,5,'2020-01-01 00:00:00','2020-01-01 00:01:00'),
(18,6,'2020-01-01 00:00:00','2020-01-01 00:01:00'),
(19,1,'2020-01-01 00:00:00','2020-01-01 00:01:00'),
(19,2,'2020-01-01 00:00:00','2020-01-01 00:01:00'),
(19,3,'2020-01-01 00:00:00','2020-01-01 00:01:00'),
(19,4,'2020-01-01 00:00:00','2020-01-01 00:01:00'),
(19,5,'2020-01-01 00:00:00','2020-01-01 00:01:00'),
(19,6,'2020-01-01 00:00:00','2020-01-01 00:01:00'),
(20,1,'2020-01-01 00:00:00','2020-01-01 00:01:00'),
(20,2,'2020-01-01 00:00:00','2020-01-01 00:01:00'),
(20,3,'2020-01-01 00:00:00','2020-01-01 00:01:00'),
(20,4,'2020-01-01 00:00:00','2020-01-01 00:01:00'),
(20,5,'2020-01-01 00:00:00','2020-01-01 00:01:00'),
(20,6,'2020-01-01 00:00:00','2020-01-01 00:01:00'),
(21,1,'2020-01-01 00:00:00','2020-01-01 00:01:00'),
(21,2,'2020-01-01 00:00:00','2020-01-01 00:01:00'),
(21,3,'2020-01-01 00:00:00','2020-01-01 00:01:00'),
(21,4,'2020-01-01 00:00:00','2020-01-01 00:01:00'),
(21,5,'2020-01-01 00:00:00','2020-01-01 00:01:00'),
(21,6,'2020-01-01 00:00:00','2020-01-01 00:01:00'),
(22,1,'2020-01-01 00:00:00','2020-01-01 00:01:00'),
(22,2,'2020-01-01 00:00:00','2020-01-01 00:01:00'),
(22,3,'2020-01-01 00:00:00','2020-01-01 00:01:00'),
(22,4,'2020-01-01 00:00:00','2020-01-01 00:01:00'),
(22,5,'2020-01-01 00:00:00','2020-01-01 00:01:00'),
(22,6,'2020-01-01 00:00:00','2020-01-01 00:01:00'),
(23,1,'2020-01-01 00:00:00','2020-01-01 00:01:00'),
(23,2,'2020-01-01 00:00:00','2020-01-01 00:01:00'),
(23,3,'2020-01-01 00:00:00','2020-01-01 00:01:00'),
(23,4,'2020-01-01 00:00:00','2020-01-01 00:01:00'),
(23,5,'2020-01-01 00:00:00','2020-01-01 00:01:00'),
(23,6,'2020-01-01 00:00:00','2020-01-01 00:01:00'),
(24,1,'2020-01-01 00:00:00','2020-01-01 00:01:00'),
(24,2,'2020-01-01 00:00:00','2020-01-01 00:01:00'),
(24,3,'2020-01-01 00:00:00','2020-01-01 00:01:00'),
(24,4,'2020-01-01 00:00:00','2020-01-01 00:01:00'),
(24,5,'2020-01-01 00:00:00','2020-01-01 00:01:00'),
(24,6,'2020-01-01 00:00:00','2020-01-01 00:01:00'),
(25,1,'2020-01-01 00:00:00','2020-01-01 00:01:00'),
(25,2,'2020-01-01 00:00:00','2020-01-01 00:01:00'),
(25,3,'2020-01-01 00:00:00','2020-01-01 00:01:00'),
(25,4,'2020-01-01 00:00:00','2020-01-01 00:01:00'),
(25,5,'2020-01-01 00:00:00','2020-01-01 00:01:00'),
(25,6,'2020-01-01 00:00:00','2020-01-01 00:01:00'),
(26,1,'2020-01-01 00:00:00','2020-01-01 00:01:00'),
(26,2,'2020-01-01 00:00:00','2020-01-01 00:01:00'),
(26,3,'2020-01-01 00:00:00','2020-01-01 00:01:00'),
(26,4,'2020-01-01 00:00:00','2020-01-01 00:01:00'),
(26,5,'2020-01-01 00:00:00','2020-01-01 00:01:00'),
(26,6,'2020-01-01 00:00:00','2020-01-01 00:01:00'),
(27,1,'2020-01-01 00:00:00','2020-01-01 00:01:00'),
(27,2,'2020-01-01 00:00:00','2020-01-01 00:01:00'),
(27,3,'2020-01-01 00:00:00','2020-01-01 00:01:00'),
(27,4,'2020-01-01 00:00:00','2020-01-01 00:01:00'),
(27,5,'2020-01-01 00:00:00','2020-01-01 00:01:00'),
(27,6,'2020-01-01 00:00:00','2020-01-01 00:01:00'),
(28,1,'2020-01-01 00:00:00','2020-01-01 00:01:00'),
(28,2,'2020-01-01 00:00:00','2020-01-01 00:01:00'),
(28,3,'2020-01-01 00:00:00','2020-01-01 00:01:00'),
(28,4,'2020-01-01 00:00:00','2020-01-01 00:01:00'),
(28,5,'2020-01-01 00:00:00','2020-01-01 00:01:00'),
(28,6,'2020-01-01 00:00:00','2020-01-01 00:01:00'),
(29,1,'2020-01-01 00:00:00','2020-01-01 00:01:00'),
(29,2,'2020-01-01 00:00:00','2020-01-01 00:01:00'),
(29,3,'2020-01-01 00:00:00','2020-01-01 00:01:00'),
(29,4,'2020-01-01 00:00:00','2020-01-01 00:01:00'),
(29,5,'2020-01-01 00:00:00','2020-01-01 00:01:00'),
(29,6,'2020-01-01 00:00:00','2020-01-01 00:01:00'),
(30,1,'2020-01-01 00:00:00','2020-01-01 00:01:00'),
(30,2,'2020-01-01 00:00:00','2020-01-01 00:01:00'),
(30,3,'2020-01-01 00:00:00','2020-01-01 00:01:00'),
(30,4,'2020-01-01 00:00:00','2020-01-01 00:01:00'),
(30,5,'2020-01-01 00:00:00','2020-01-01 00:01:00'),
(30,6,'2020-01-01 00:00:00','2020-01-01 00:01:00'),
(31,1,'2020-01-01 00:00:00','2020-01-01 00:01:00'),
(31,2,'2020-01-01 00:00:00','2020-01-01 00:01:00'),
(31,3,'2020-01-01 00:00:00','2020-01-01 00:01:00'),
(31,4,'2020-01-01 00:00:00','2020-01-01 00:01:00'),
(31,5,'2020-01-01 00:00:00','2020-01-01 00:01:00'),
(31,6,'2020-01-01 00:00:00','2020-01-01 00:01:00'),
(32,1,'2020-01-01 00:00:00','2020-01-01 00:01:00'),
(32,2,'2020-01-01 00:00:00','2020-01-01 00:01:00'),
(32,3,'2020-01-01 00:00:00','2020-01-01 00:01:00'),
(32,4,'2020-01-01 00:00:00','2020-01-01 00:01:00'),
(32,5,'2020-01-01 00:00:00','2020-01-01 00:01:00'),
(32,6,'2020-01-01 00:00:00','2020-01-01 00:01:00'),
(33,1,'2020-01-01 00:00:00','2020-01-01 00:01:00'),
(33,2,'2020-01-01 00:00:00','2020-01-01 00:01:00'),
(33,3,'2020-01-01 00:00:00','2020-01-01 00:01:00'),
(33,4,'2020-01-01 00:00:00','2020-01-01 00:01:00'),
(33,5,'2020-01-01 00:00:00','2020-01-01 00:01:00'),
(33,6,'2020-01-01 00:00:00','2020-01-01 00:01:00'),
(34,1,'2020-01-01 00:00:00','2020-01-01 00:01:00'),
(34,2,'2020-01-01 00:00:00','2020-01-01 00:01:00'),
(34,3,'2020-01-01 00:00:00','2020-01-01 00:01:00'),
(34,4,'2020-01-01 00:00:00','2020-01-01 00:01:00'),
(34,5,'2020-01-01 00:00:00','2020-01-01 00:01:00'),
(34,6,'2020-01-01 00:00:00','2020-01-01 00:01:00'),
(35,1,'2020-01-01 00:00:00','2020-01-01 00:01:00'),
(35,2,'2020-01-01 00:00:00','2020-01-01 00:01:00'),
(35,3,'2020-01-01 00:00:00','2020-01-01 00:01:00'),
(35,4,'2020-01-01 00:00:00','2020-01-01 00:01:00'),
(35,5,'2020-01-01 00:00:00','2020-01-01 00:01:00'),
(35,6,'2020-01-01 00:00:00','2020-01-01 00:01:00'),
(36,1,'2020-01-01 00:00:00','2020-01-01 00:01:00'),
(36,2,'2020-01-01 00:00:00','2020-01-01 00:01:00'),
(36,3,'2020-01-01 00:00:00','2020-01-01 00:01:00'),
(36,4,'2020-01-01 00:00:00','2020-01-01 00:01:00'),
(36,5,'2020-01-01 00:00:00','2020-01-01 00:01:00'),
(36,6,'2020-01-01 00:00:00','2020-01-01 00:01:00'),
(37,1,'2020-01-01 00:00:00','2020-01-01 00:01:00'),
(37,2,'2020-01-01 00:00:00','2020-01-01 00:01:00'),
(37,3,'2020-01-01 00:00:00','2020-01-01 00:01:00'),
(37,4,'2020-01-01 00:00:00','2020-01-01 00:01:00'),
(37,5,'2020-01-01 00:00:00','2020-01-01 00:01:00'),
(37,6,'2020-01-01 00:00:00','2020-01-01 00:01:00'),
(38,1,'2020-01-01 00:00:00','2020-01-01 00:01:00'),
(38,2,'2020-01-01 00:00:00','2020-01-01 00:01:00'),
(38,3,'2020-01-01 00:00:00','2020-01-01 00:01:00'),
(38,4,'2020-01-01 00:00:00','2020-01-01 00:01:00'),
(38,5,'2020-01-01 00:00:00','2020-01-01 00:01:00'),
(38,6,'2020-01-01 00:00:00','2020-01-01 00:01:00'),
(39,1,'2020-01-01 00:00:00','2020-01-01 00:01:00'),
(39,2,'2020-01-01 00:00:00','2020-01-01 00:01:00'),
(39,3,'2020-01-01 00:00:00','2020-01-01 00:01:00'),
(39,4,'2020-01-01 00:00:00','2020-01-01 00:01:00'),
(39,5,'2020-01-01 00:00:00','2020-01-01 00:01:00'),
(39,6,'2020-01-01 00:00:00','2020-01-01 00:01:00'),
(40,1,'2020-01-01 00:00:00','2020-01-01 00:01:00'),
(40,2,'2020-01-01 00:00:00','2020-01-01 00:01:00'),
(40,3,'2020-01-01 00:00:00','2020-01-01 00:01:00'),
(40,4,'2020-01-01 00:00:00','2020-01-01 00:01:00'),
(40,5,'2020-01-01 00:00:00','2020-01-01 00:01:00'),
(40,6,'2020-01-01 00:00:00','2020-01-01 00:01:00'),
(41,1,'2020-01-01 00:00:00','2020-01-01 00:01:00'),
(41,2,'2020-01-01 00:00:00','2020-01-01 00:01:00'),
(41,3,'2020-01-01 00:00:00','2020-01-01 00:01:00'),
(41,4,'2020-01-01 00:00:00','2020-01-01 00:01:00'),
(41,5,'2020-01-01 00:00:00','2020-01-01 00:01:00'),
(41,6,'2020-01-01 00:00:00','2020-01-01 00:01:00'),
(42,1,'2020-01-01 00:00:00','2020-01-01 00:01:00'),
(42,2,'2020-01-01 00:00:00','2020-01-01 00:01:00'),
(42,3,'2020-01-01 00:00:00','2020-01-01 00:01:00'),
(42,4,'2020-01-01 00:00:00','2020-01-01 00:01:00'),
(42,5,'2020-01-01 00:00:00','2020-01-01 00:01:00'),
(42,6,'2020-01-01 00:00:00','2020-01-01 00:01:00'),
(43,1,'2020-01-01 00:00:00','2020-01-01 00:01:00'),
(43,2,'2020-01-01 00:00:00','2020-01-01 00:01:00'),
(43,3,'2020-01-01 00:00:00','2020-01-01 00:01:00'),
(43,4,'2020-01-01 00:00:00','2020-01-01 00:01:00'),
(43,5,'2020-01-01 00:00:00','2020-01-01 00:01:00'),
(43,6,'2020-01-01 00:00:00','2020-01-01 00:01:00'),
(44,1,'2020-01-01 00:00:00','2020-01-01 00:01:00'),
(44,2,'2020-01-01 00:00:00','2020-01-01 00:01:00'),
(44,3,'2020-01-01 00:00:00','2020-01-01 00:01:00'),
(44,4,'2020-01-01 00:00:00','2020-01-01 00:01:00'),
(44,5,'2020-01-01 00:00:00','2020-01-01 00:01:00'),
(44,6,'2020-01-01 00:00:00','2020-01-01 00:01:00'),
(45,1,'2020-01-01 00:00:00','2020-01-01 00:01:00'),
(45,2,'2020-01-01 00:00:00','2020-01-01 00:01:00'),
(45,3,'2020-01-01 00:00:00','2020-01-01 00:01:00'),
(45,4,'2020-01-01 00:00:00','2020-01-01 00:01:00'),
(45,5,'2020-01-01 00:00:00','2020-01-01 00:01:00'),
(45,6,'2020-01-01 00:00:00','2020-01-01 00:01:00');

INSERT INTO przeglady_rod_pojazdy VALUES
(1,1,8),
(2,1,24),
(3,1,17),
(4,1,10),
(5,1,8),
(1,2,22),
(2,2,24),
(3,2,13),
(4,2,23),
(5,2,10),
(1,3,8),
(2,3,10),
(3,3,5),
(4,3,17),
(5,3,24),
(1,4,18),
(2,4,17),
(3,4,19),
(4,4,21),
(5,4,23),
(1,5,2),
(2,5,8),
(3,5,18),
(4,5,22),
(5,5,5),
(1,6,20),
(2,6,3),
(3,6,13),
(4,6,19),
(5,6,21);

INSERT INTO kursy VALUES
(1,1,1,8,8,'2020-01-02 00:00:00','2020-01-02 00:00:00'),
(2,2,1,1,1,'2020-01-02 00:00:00','2020-01-02 00:00:00'),
(3,3,1,3,3,'2020-01-02 00:00:00','2020-01-02 00:00:00'),
(4,4,1,2,2,'2020-01-02 00:00:00','2020-01-02 00:00:00'),
(5,5,1,9,9,'2020-01-02 00:00:00','2020-01-02 00:00:00'),
(6,6,1,6,6,'2020-01-02 00:00:00','2020-01-02 00:00:00'),
(7,7,1,1,1,'2020-01-02 00:00:00','2020-01-02 00:00:00'),
(8,8,1,8,8,'2020-01-02 00:00:00','2020-01-02 00:00:00'),
(9,9,1,6,6,'2020-01-02 00:00:00','2020-01-02 00:00:00'),
(10,10,1,8,8,'2020-01-02 00:00:00','2020-01-02 00:00:00'),
(11,11,1,11,11,'2020-01-02 00:00:00','2020-01-02 00:00:00'),
(12,12,1,7,7,'2020-01-02 00:00:00','2020-01-02 00:00:00'),
(13,13,1,1,1,'2020-01-02 00:00:00','2020-01-02 00:00:00'),
(14,14,1,11,11,'2020-01-02 00:00:00','2020-01-02 00:00:00'),
(15,15,1,10,10,'2020-01-02 00:00:00','2020-01-02 00:00:00'),
(16,16,203,8,8,'2020-01-02 00:00:00','2020-01-02 00:00:00'),
(17,17,204,4,4,'2020-01-02 00:00:00','2020-01-02 00:00:00'),
(18,18,205,7,7,'2020-01-02 00:00:00','2020-01-02 00:00:00'),
(19,19,206,6,6,'2020-01-02 00:00:00','2020-01-02 00:00:00'),
(20,20,207,2,2,'2020-01-02 00:00:00','2020-01-02 00:00:00'),
(21,21,208,2,2,'2020-01-02 00:00:00','2020-01-02 00:00:00'),
(22,22,209,5,5,'2020-01-02 00:00:00','2020-01-02 00:00:00'),
(23,23,210,3,3,'2020-01-02 00:00:00','2020-01-02 00:00:00'),
(24,24,211,2,2,'2020-01-02 00:00:00','2020-01-02 00:00:00'),
(25,25,212,9,9,'2020-01-02 00:00:00','2020-01-02 00:00:00'),
(26,26,213,1,1,'2020-01-02 00:00:00','2020-01-02 00:00:00'),
(27,27,214,9,9,'2020-01-02 00:00:00','2020-01-02 00:00:00'),
(28,28,215,5,5,'2020-01-02 00:00:00','2020-01-02 00:00:00'),
(29,29,216,3,3,'2020-01-02 00:00:00','2020-01-02 00:00:00'),
(30,30,217,9,9,'2020-01-02 00:00:00','2020-01-02 00:00:00'),
(31,31,218,9,9,'2020-01-02 00:00:00','2020-01-02 00:00:00'),
(32,32,219,8,8,'2020-01-02 00:00:00','2020-01-02 00:00:00'),
(33,33,220,8,8,'2020-01-02 00:00:00','2020-01-02 00:00:00'),
(34,34,221,8,8,'2020-01-02 00:00:00','2020-01-02 00:00:00'),
(35,35,222,8,8,'2020-01-02 00:00:00','2020-01-02 00:00:00'),
(36,36,223,1,1,'2020-01-02 00:00:00','2020-01-02 00:00:00'),
(37,37,224,7,7,'2020-01-02 00:00:00','2020-01-02 00:00:00'),
(38,38,225,7,7,'2020-01-02 00:00:00','2020-01-02 00:00:00'),
(39,39,226,10,10,'2020-01-02 00:00:00','2020-01-02 00:00:00'),
(40,40,227,9,9,'2020-01-02 00:00:00','2020-01-02 00:00:00'),
(41,41,228,7,7,'2020-01-02 00:00:00','2020-01-02 00:00:00'),
(42,42,229,11,11,'2020-01-02 00:00:00','2020-01-02 00:00:00'),
(43,43,230,2,2,'2020-01-02 00:00:00','2020-01-02 00:00:00'),
(44,44,231,8,8,'2020-01-02 00:00:00','2020-01-02 00:00:00'),
(45,45,232,5,5,'2020-01-02 00:00:00','2020-01-02 00:00:00'),
(46,16,203,8,8,'2020-01-02 10:01:14','2020-01-02 10:44:10'),
(47,17,204,4,4,'2020-01-02 10:03:56','2020-01-02 10:40:30'),
(48,18,205,7,7,'2020-01-02 10:01:31','2020-01-02 10:44:01'),
(49,19,206,6,6,'2020-01-02 10:04:33','2020-01-02 10:43:03'),
(50,20,207,2,2,'2020-01-02 10:02:37','2020-01-02 10:43:59'),
(51,22,209,5,5,'2020-01-02 10:03:58','2020-01-02 10:41:53'),
(52,23,210,3,3,'2020-01-02 10:02:21','2020-01-02 10:42:14'),
(53,25,212,9,9,'2020-01-02 10:01:48','2020-01-02 10:41:27'),
(54,26,213,1,1,'2020-01-02 10:03:14','2020-01-02 10:44:55'),
(55,39,226,10,10,'2020-01-02 10:04:10','2020-01-02 10:40:36'),
(56,42,229,11,11,'2020-01-02 10:04:35','2020-01-02 10:42:55'),
(57,16,203,8,5,'2020-01-02 11:58:00','2020-01-02 15:34:43'),
(58,17,204,4,11,'2020-01-02 11:54:16','2020-01-02 15:29:12'),
(59,18,205,7,9,'2020-01-02 11:52:04','2020-01-02 15:35:03'),
(60,19,206,6,9,'2020-01-02 11:52:48','2020-01-02 15:45:54'),
(61,20,207,2,7,'2020-01-02 11:47:40','2020-01-02 15:35:33'),
(62,21,208,2,5,'2020-01-02 11:52:44','2020-01-02 15:33:44'),
(63,22,209,5,11,'2020-01-02 11:45:58','2020-01-02 15:26:41'),
(64,23,210,3,7,'2020-01-02 11:58:31','2020-01-02 15:29:39'),
(65,24,211,2,9,'2020-01-02 11:52:57','2020-01-02 15:28:47'),
(66,25,212,9,4,'2020-01-02 11:54:17','2020-01-02 15:39:51'),
(67,26,213,1,6,'2020-01-02 11:46:04','2020-01-02 15:39:06'),
(68,27,214,9,8,'2020-01-02 11:46:41','2020-01-02 15:46:31'),
(69,28,215,5,3,'2020-01-02 11:54:29','2020-01-02 15:36:52'),
(70,29,216,3,2,'2020-01-02 11:54:01','2020-01-02 15:50:35'),
(71,30,217,9,3,'2020-01-02 11:53:58','2020-01-02 15:50:27'),
(72,31,218,9,8,'2020-01-02 11:54:07','2020-01-02 15:27:09'),
(73,32,219,8,11,'2020-01-02 11:50:15','2020-01-02 15:33:58'),
(74,33,220,8,1,'2020-01-02 11:56:43','2020-01-02 15:27:06'),
(75,34,221,8,10,'2020-01-02 11:54:00','2020-01-02 15:52:14'),
(76,35,222,8,4,'2020-01-02 11:48:01','2020-01-02 15:19:33'),
(77,36,223,1,6,'2020-01-02 11:51:20','2020-01-02 15:26:41'),
(78,37,224,7,4,'2020-01-02 11:46:35','2020-01-02 15:42:31'),
(79,38,225,7,9,'2020-01-02 11:50:36','2020-01-02 15:35:56'),
(80,39,226,10,7,'2020-01-02 11:53:18','2020-01-02 15:46:15'),
(81,40,227,9,5,'2020-01-02 11:56:07','2020-01-02 15:55:04'),
(82,41,228,7,10,'2020-01-02 11:52:29','2020-01-02 15:42:55'),
(83,42,229,11,8,'2020-01-02 11:50:13','2020-01-02 15:41:11'),
(84,43,230,2,4,'2020-01-02 11:45:36','2020-01-02 15:38:21'),
(85,44,231,8,7,'2020-01-02 11:50:36','2020-01-02 15:22:17'),
(86,45,232,5,2,'2020-01-02 11:55:09','2020-01-02 15:25:54'),
(87,16,203,5,5,'2020-01-02 17:14:25','2020-01-02 17:52:01'),
(88,17,204,11,11,'2020-01-02 17:15:56','2020-01-02 17:55:46'),
(89,18,205,9,9,'2020-01-02 17:15:04','2020-01-02 17:53:19'),
(90,20,207,7,7,'2020-01-02 17:14:03','2020-01-02 17:48:52'),
(91,25,212,4,4,'2020-01-02 17:16:52','2020-01-02 17:52:19'),
(92,26,213,6,6,'2020-01-02 17:11:37','2020-01-02 17:50:35'),
(93,27,214,8,8,'2020-01-02 17:10:23','2020-01-02 17:44:39'),
(94,28,215,3,3,'2020-01-02 17:13:22','2020-01-02 17:47:15'),
(95,29,216,2,2,'2020-01-02 17:14:12','2020-01-02 17:49:49'),
(96,33,220,1,1,'2020-01-02 17:12:22','2020-01-02 17:47:06'),
(97,34,221,10,10,'2020-01-02 17:14:54','2020-01-02 17:54:13'),
(98,16,203,5,5,'2020-01-03 10:04:38','2020-01-03 10:42:35'),
(99,17,204,11,11,'2020-01-03 10:03:51','2020-01-03 10:44:54'),
(100,18,205,9,9,'2020-01-03 10:03:32','2020-01-03 10:42:35'),
(101,20,207,7,7,'2020-01-03 10:03:35','2020-01-03 10:40:58'),
(102,25,212,4,4,'2020-01-03 10:04:07','2020-01-03 10:44:37'),
(103,26,213,6,6,'2020-01-03 10:04:21','2020-01-03 10:44:19'),
(104,27,214,8,8,'2020-01-03 10:01:48','2020-01-03 10:44:13'),
(105,28,215,3,3,'2020-01-03 10:04:35','2020-01-03 10:41:12'),
(106,29,216,2,2,'2020-01-03 10:02:31','2020-01-03 10:42:14'),
(107,33,220,1,1,'2020-01-03 10:01:25','2020-01-03 10:44:56'),
(108,34,221,10,10,'2020-01-03 10:03:53','2020-01-03 10:40:36'),
(109,16,203,5,11,'2020-01-03 11:53:40','2020-01-03 15:34:38'),
(110,17,204,11,5,'2020-01-03 11:54:06','2020-01-03 15:48:32'),
(111,18,205,9,2,'2020-01-03 11:44:59','2020-01-03 15:26:28'),
(112,19,206,9,7,'2020-01-03 11:49:33','2020-01-03 15:31:08'),
(113,20,207,7,10,'2020-01-03 11:45:39','2020-01-03 15:29:27'),
(114,21,208,5,2,'2020-01-03 11:58:27','2020-01-03 15:45:58'),
(115,22,209,11,1,'2020-01-03 11:57:31','2020-01-03 15:28:04'),
(116,23,210,7,5,'2020-01-03 11:50:26','2020-01-03 15:23:31'),
(117,24,211,9,3,'2020-01-03 11:54:15','2020-01-03 15:26:14'),
(118,25,212,4,10,'2020-01-03 11:52:45','2020-01-03 15:43:38'),
(119,26,213,6,3,'2020-01-03 11:47:32','2020-01-03 15:17:51'),
(120,27,214,8,3,'2020-01-03 11:55:18','2020-01-03 15:41:26'),
(121,28,215,3,7,'2020-01-03 11:49:48','2020-01-03 15:44:35'),
(122,29,216,2,7,'2020-01-03 11:54:04','2020-01-03 15:31:39'),
(123,30,217,3,9,'2020-01-03 11:45:38','2020-01-03 15:27:16'),
(124,31,218,8,6,'2020-01-03 11:46:03','2020-01-03 15:19:16'),
(125,32,219,11,1,'2020-01-03 11:48:19','2020-01-03 15:34:53'),
(126,33,220,1,4,'2020-01-03 11:51:32','2020-01-03 15:30:49'),
(127,34,221,10,5,'2020-01-03 11:52:48','2020-01-03 15:43:21'),
(128,35,222,4,3,'2020-01-03 11:52:00','2020-01-03 15:42:42'),
(129,36,223,6,2,'2020-01-03 11:57:27','2020-01-03 15:46:05'),
(130,37,224,4,3,'2020-01-03 11:56:08','2020-01-03 15:43:34'),
(131,38,225,9,2,'2020-01-03 11:53:51','2020-01-03 15:34:13'),
(132,39,226,7,6,'2020-01-03 11:49:11','2020-01-03 15:21:00'),
(133,40,227,5,3,'2020-01-03 11:51:55','2020-01-03 15:33:58'),
(134,41,228,10,9,'2020-01-03 11:50:32','2020-01-03 15:22:37'),
(135,42,229,8,10,'2020-01-03 11:49:44','2020-01-03 15:22:40'),
(136,43,230,4,1,'2020-01-03 11:49:35','2020-01-03 15:24:09'),
(137,44,231,7,2,'2020-01-03 11:53:56','2020-01-03 15:49:42'),
(138,45,232,2,3,'2020-01-03 11:50:53','2020-01-03 15:42:32'),
(139,16,203,11,11,'2020-01-03 17:15:54','2020-01-03 17:47:20'),
(140,17,204,5,5,'2020-01-03 17:17:48','2020-01-03 17:55:18'),
(141,18,205,2,2,'2020-01-03 17:12:05','2020-01-03 17:44:33'),
(142,19,206,7,7,'2020-01-03 17:13:45','2020-01-03 17:50:35'),
(143,20,207,10,10,'2020-01-03 17:13:53','2020-01-03 17:53:22'),
(144,22,209,1,1,'2020-01-03 17:14:43','2020-01-03 17:53:12'),
(145,24,211,3,3,'2020-01-03 17:14:11','2020-01-03 17:47:37'),
(146,30,217,9,9,'2020-01-03 17:14:03','2020-01-03 17:48:50'),
(147,31,218,6,6,'2020-01-03 17:18:47','2020-01-03 17:55:52'),
(148,33,220,4,4,'2020-01-03 17:14:29','2020-01-03 17:46:03'),
(149,16,203,11,11,'2020-01-04 10:01:58','2020-01-04 10:40:26'),
(150,17,204,5,5,'2020-01-04 10:02:03','2020-01-04 10:40:50'),
(151,18,205,2,2,'2020-01-04 10:01:02','2020-01-04 10:43:35'),
(152,19,206,7,7,'2020-01-04 10:01:32','2020-01-04 10:42:38'),
(153,20,207,10,10,'2020-01-04 10:01:21','2020-01-04 10:44:51'),
(154,22,209,1,1,'2020-01-04 10:01:26','2020-01-04 10:44:39'),
(155,24,211,3,3,'2020-01-04 10:02:37','2020-01-04 10:40:11'),
(156,30,217,9,9,'2020-01-04 10:03:28','2020-01-04 10:43:45'),
(157,31,218,6,6,'2020-01-04 10:04:17','2020-01-04 10:41:35'),
(158,33,220,4,4,'2020-01-04 10:02:43','2020-01-04 10:40:40'),
(159,16,203,11,7,'2020-01-04 11:48:23','2020-01-04 15:39:31'),
(160,17,204,5,7,'2020-01-04 11:47:23','2020-01-04 15:35:09'),
(161,18,205,2,3,'2020-01-04 11:50:09','2020-01-04 15:25:24'),
(162,19,206,7,5,'2020-01-04 11:52:42','2020-01-04 15:50:09'),
(163,20,207,10,4,'2020-01-04 11:48:36','2020-01-04 15:36:45'),
(164,21,208,2,4,'2020-01-04 11:50:15','2020-01-04 15:32:13'),
(165,22,209,1,5,'2020-01-04 11:53:51','2020-01-04 15:38:36'),
(166,23,210,5,6,'2020-01-04 11:50:02','2020-01-04 15:26:25'),
(167,24,211,3,8,'2020-01-04 11:57:03','2020-01-04 15:42:08'),
(168,25,212,10,1,'2020-01-04 11:46:28','2020-01-04 15:31:30'),
(169,26,213,3,2,'2020-01-04 11:52:02','2020-01-04 15:39:10'),
(170,27,214,3,6,'2020-01-04 11:54:14','2020-01-04 15:45:04'),
(171,28,215,7,1,'2020-01-04 11:56:59','2020-01-04 15:37:14'),
(172,29,216,7,8,'2020-01-04 11:51:39','2020-01-04 15:43:48'),
(173,30,217,9,7,'2020-01-04 11:46:51','2020-01-04 15:18:44'),
(174,31,218,6,10,'2020-01-04 11:54:22','2020-01-04 15:26:00'),
(175,32,219,1,7,'2020-01-04 11:48:20','2020-01-04 15:30:50'),
(176,33,220,4,3,'2020-01-04 11:52:20','2020-01-04 15:41:39'),
(177,34,221,5,10,'2020-01-04 11:52:58','2020-01-04 15:42:13'),
(178,35,222,3,2,'2020-01-04 11:51:46','2020-01-04 15:50:10'),
(179,36,223,2,11,'2020-01-04 11:54:23','2020-01-04 15:36:45'),
(180,37,224,3,8,'2020-01-04 11:54:56','2020-01-04 15:44:35'),
(181,38,225,2,5,'2020-01-04 11:51:42','2020-01-04 15:31:38'),
(182,39,226,6,10,'2020-01-04 11:53:54','2020-01-04 15:27:14'),
(183,40,227,3,2,'2020-01-04 11:47:19','2020-01-04 15:24:07'),
(184,41,228,9,1,'2020-01-04 11:50:45','2020-01-04 15:23:04'),
(185,42,229,10,7,'2020-01-04 11:50:19','2020-01-04 15:28:37'),
(186,43,230,1,2,'2020-01-04 11:56:54','2020-01-04 15:48:39'),
(187,44,231,2,4,'2020-01-04 11:56:24','2020-01-04 15:53:06'),
(188,45,232,3,1,'2020-01-04 11:51:27','2020-01-04 15:40:48'),
(189,16,203,7,7,'2020-01-04 17:14:33','2020-01-04 17:52:30'),
(190,18,205,3,3,'2020-01-04 17:14:59','2020-01-04 17:47:24'),
(191,19,206,5,5,'2020-01-04 17:14:45','2020-01-04 17:53:15'),
(192,20,207,4,4,'2020-01-04 17:16:49','2020-01-04 17:54:23'),
(193,23,210,6,6,'2020-01-04 17:15:43','2020-01-04 17:46:41'),
(194,24,211,8,8,'2020-01-04 17:16:39','2020-01-04 17:52:19'),
(195,25,212,1,1,'2020-01-04 17:18:43','2020-01-04 17:56:54'),
(196,26,213,2,2,'2020-01-04 17:15:31','2020-01-04 17:49:09'),
(197,31,218,10,10,'2020-01-04 17:15:27','2020-01-04 17:50:18'),
(198,36,223,11,11,'2020-01-04 17:15:26','2020-01-04 17:47:35'),
(199,16,203,7,7,'2020-01-05 10:03:56','2020-01-05 10:42:24'),
(200,18,205,3,3,'2020-01-05 10:02:12','2020-01-05 10:44:53'),
(201,19,206,5,5,'2020-01-05 10:02:30','2020-01-05 10:40:10'),
(202,20,207,4,4,'2020-01-05 10:03:15','2020-01-05 10:43:12'),
(203,23,210,6,6,'2020-01-05 10:03:54','2020-01-05 10:40:26'),
(204,24,211,8,8,'2020-01-05 10:04:33','2020-01-05 10:42:55'),
(205,25,212,1,1,'2020-01-05 10:03:47','2020-01-05 10:42:39'),
(206,26,213,2,2,'2020-01-05 10:04:25','2020-01-05 10:43:20'),
(207,31,218,10,10,'2020-01-05 10:02:36','2020-01-05 10:40:19'),
(208,36,223,11,11,'2020-01-05 10:04:57','2020-01-05 10:44:30'),
(209,16,203,7,8,'2020-01-05 11:50:37','2020-01-05 15:28:16'),
(210,17,204,7,11,'2020-01-05 11:58:20','2020-01-05 15:43:41'),
(211,18,205,3,7,'2020-01-05 11:53:32','2020-01-05 15:26:54'),
(212,19,206,5,2,'2020-01-05 11:53:36','2020-01-05 15:52:23'),
(213,20,207,4,9,'2020-01-05 11:45:59','2020-01-05 15:43:49'),
(214,21,208,4,7,'2020-01-05 11:50:29','2020-01-05 15:48:27'),
(215,22,209,5,9,'2020-01-05 11:53:55','2020-01-05 15:32:09'),
(216,23,210,6,7,'2020-01-05 11:53:26','2020-01-05 15:48:21'),
(217,24,211,8,5,'2020-01-05 11:48:42','2020-01-05 15:34:00'),
(218,25,212,1,7,'2020-01-05 11:50:37','2020-01-05 15:45:16'),
(219,26,213,2,3,'2020-01-05 11:50:45','2020-01-05 15:23:58'),
(220,27,214,6,2,'2020-01-05 11:51:14','2020-01-05 15:43:59'),
(221,28,215,1,2,'2020-01-05 11:49:38','2020-01-05 15:32:16'),
(222,29,216,8,5,'2020-01-05 11:51:24','2020-01-05 15:23:45'),
(223,30,217,7,11,'2020-01-05 11:49:19','2020-01-05 15:33:47'),
(224,31,218,10,6,'2020-01-05 11:57:12','2020-01-05 15:55:38'),
(225,32,219,7,9,'2020-01-05 11:51:41','2020-01-05 15:42:43'),
(226,33,220,3,1,'2020-01-05 11:54:48','2020-01-05 15:48:32'),
(227,34,221,10,2,'2020-01-05 11:47:17','2020-01-05 15:30:32'),
(228,35,222,2,11,'2020-01-05 11:52:31','2020-01-05 15:48:13'),
(229,36,223,11,3,'2020-01-05 11:51:52','2020-01-05 15:44:05'),
(230,37,224,8,6,'2020-01-05 11:51:33','2020-01-05 15:33:27'),
(231,38,225,5,4,'2020-01-05 11:47:53','2020-01-05 15:29:30'),
(232,39,226,10,3,'2020-01-05 11:47:59','2020-01-05 15:47:11'),
(233,40,227,2,6,'2020-01-05 11:57:06','2020-01-05 15:32:17'),
(234,41,228,1,5,'2020-01-05 11:52:34','2020-01-05 15:23:58'),
(235,42,229,7,1,'2020-01-05 11:52:33','2020-01-05 15:33:21'),
(236,43,230,2,11,'2020-01-05 11:51:04','2020-01-05 15:25:23'),
(237,44,231,4,8,'2020-01-05 11:52:02','2020-01-05 15:31:17'),
(238,45,232,1,6,'2020-01-05 11:57:00','2020-01-05 15:30:52'),
(239,16,203,8,8,'2020-01-05 17:16:26','2020-01-05 17:48:58'),
(240,17,204,11,11,'2020-01-05 17:13:09','2020-01-05 17:52:40'),
(241,18,205,7,7,'2020-01-05 17:12:56','2020-01-05 17:47:18'),
(242,19,206,2,2,'2020-01-05 17:11:04','2020-01-05 17:44:49'),
(243,20,207,9,9,'2020-01-05 17:16:23','2020-01-05 17:53:29'),
(244,24,211,5,5,'2020-01-05 17:15:34','2020-01-05 17:46:36'),
(245,26,213,3,3,'2020-01-05 17:14:15','2020-01-05 17:52:13'),
(246,31,218,6,6,'2020-01-05 17:12:41','2020-01-05 17:51:09'),
(247,33,220,1,1,'2020-01-05 17:12:01','2020-01-05 17:47:01'),
(248,38,225,4,4,'2020-01-05 17:12:44','2020-01-05 17:44:10'),
(249,16,203,8,8,'2020-01-06 10:02:22','2020-01-06 10:41:59'),
(250,17,204,11,11,'2020-01-06 10:02:35','2020-01-06 10:43:48'),
(251,18,205,7,7,'2020-01-06 10:03:51','2020-01-06 10:44:05'),
(252,19,206,2,2,'2020-01-06 10:02:33','2020-01-06 10:43:04'),
(253,20,207,9,9,'2020-01-06 10:04:22','2020-01-06 10:40:58'),
(254,24,211,5,5,'2020-01-06 10:02:59','2020-01-06 10:42:31'),
(255,26,213,3,3,'2020-01-06 10:01:38','2020-01-06 10:40:45'),
(256,31,218,6,6,'2020-01-06 10:03:48','2020-01-06 10:42:59'),
(257,33,220,1,1,'2020-01-06 10:03:05','2020-01-06 10:41:24'),
(258,38,225,4,4,'2020-01-06 10:03:39','2020-01-06 10:41:41'),
(259,16,203,8,11,'2020-01-06 11:48:54','2020-01-06 15:32:49'),
(260,17,204,11,4,'2020-01-06 11:53:02','2020-01-06 15:33:54'),
(261,18,205,7,11,'2020-01-06 11:52:21','2020-01-06 15:43:16'),
(262,19,206,2,6,'2020-01-06 11:51:11','2020-01-06 15:27:32'),
(263,20,207,9,7,'2020-01-06 11:56:31','2020-01-06 15:49:25'),
(264,21,208,7,10,'2020-01-06 11:49:14','2020-01-06 15:23:16'),
(265,22,209,9,3,'2020-01-06 11:54:41','2020-01-06 15:31:15'),
(266,23,210,7,11,'2020-01-06 11:57:05','2020-01-06 15:38:14'),
(267,24,211,5,1,'2020-01-06 11:47:24','2020-01-06 15:17:37'),
(268,25,212,7,4,'2020-01-06 11:49:55','2020-01-06 15:22:30'),
(269,26,213,3,1,'2020-01-06 11:52:35','2020-01-06 15:40:54'),
(270,27,214,2,10,'2020-01-06 11:54:01','2020-01-06 15:49:50'),
(271,28,215,2,8,'2020-01-06 11:47:45','2020-01-06 15:34:45'),
(272,29,216,5,10,'2020-01-06 11:53:09','2020-01-06 15:35:44'),
(273,30,217,11,6,'2020-01-06 11:52:03','2020-01-06 15:44:16'),
(274,31,218,6,7,'2020-01-06 11:57:38','2020-01-06 15:44:47'),
(275,32,219,9,11,'2020-01-06 11:48:31','2020-01-06 15:30:27'),
(276,33,220,1,3,'2020-01-06 11:56:48','2020-01-06 15:32:40'),
(277,34,221,2,11,'2020-01-06 11:49:04','2020-01-06 15:24:37'),
(278,35,222,11,5,'2020-01-06 11:55:01','2020-01-06 15:40:28'),
(279,36,223,3,1,'2020-01-06 11:54:58','2020-01-06 15:51:13'),
(280,37,224,6,2,'2020-01-06 11:45:58','2020-01-06 15:36:05'),
(281,38,225,4,11,'2020-01-06 11:50:18','2020-01-06 15:36:18'),
(282,39,226,3,11,'2020-01-06 11:45:05','2020-01-06 15:15:46'),
(283,40,227,6,1,'2020-01-06 11:49:25','2020-01-06 15:48:42'),
(284,41,228,5,7,'2020-01-06 11:48:03','2020-01-06 15:20:36'),
(285,42,229,1,3,'2020-01-06 11:46:43','2020-01-06 15:45:40'),
(286,43,230,11,1,'2020-01-06 11:53:31','2020-01-06 15:24:51'),
(287,44,231,8,10,'2020-01-06 11:46:34','2020-01-06 15:33:53'),
(288,45,232,6,7,'2020-01-06 11:52:48','2020-01-06 15:44:35'),
(289,16,203,11,11,'2020-01-06 17:15:51','2020-01-06 17:55:33'),
(290,17,204,4,4,'2020-01-06 17:17:56','2020-01-06 17:57:24'),
(291,19,206,6,6,'2020-01-06 17:17:53','2020-01-06 17:50:53'),
(292,20,207,7,7,'2020-01-06 17:18:36','2020-01-06 17:52:19'),
(293,21,208,10,10,'2020-01-06 17:14:25','2020-01-06 17:49:41'),
(294,22,209,3,3,'2020-01-06 17:13:06','2020-01-06 17:52:19'),
(295,24,211,1,1,'2020-01-06 17:13:40','2020-01-06 17:52:11'),
(296,28,215,8,8,'2020-01-06 17:14:13','2020-01-06 17:45:58'),
(297,35,222,5,5,'2020-01-06 17:12:25','2020-01-06 17:49:20'),
(298,37,224,2,2,'2020-01-06 17:12:48','2020-01-06 17:45:08'),
(299,16,203,11,11,'2020-01-07 10:03:09','2020-01-07 10:43:47'),
(300,17,204,4,4,'2020-01-07 10:04:57','2020-01-07 10:40:51'),
(301,19,206,6,6,'2020-01-07 10:02:02','2020-01-07 10:44:40'),
(302,20,207,7,7,'2020-01-07 10:02:11','2020-01-07 10:40:39'),
(303,21,208,10,10,'2020-01-07 10:04:46','2020-01-07 10:42:02'),
(304,22,209,3,3,'2020-01-07 10:01:57','2020-01-07 10:43:01'),
(305,24,211,1,1,'2020-01-07 10:01:09','2020-01-07 10:43:09'),
(306,28,215,8,8,'2020-01-07 10:02:19','2020-01-07 10:42:12'),
(307,35,222,5,5,'2020-01-07 10:04:13','2020-01-07 10:41:03'),
(308,37,224,2,2,'2020-01-07 10:02:19','2020-01-07 10:41:26'),
(309,16,203,11,10,'2020-01-07 11:56:13','2020-01-07 15:27:35'),
(310,17,204,4,5,'2020-01-07 11:53:40','2020-01-07 15:40:03'),
(311,18,205,11,1,'2020-01-07 11:51:33','2020-01-07 15:24:36'),
(312,19,206,6,2,'2020-01-07 11:51:05','2020-01-07 15:38:43'),
(313,20,207,7,9,'2020-01-07 11:48:43','2020-01-07 15:34:24'),
(314,21,208,10,2,'2020-01-07 11:52:59','2020-01-07 15:50:27'),
(315,22,209,3,9,'2020-01-07 11:46:33','2020-01-07 15:17:55'),
(316,23,210,11,10,'2020-01-07 11:48:40','2020-01-07 15:23:40'),
(317,24,211,1,6,'2020-01-07 11:55:06','2020-01-07 15:31:23'),
(318,25,212,4,7,'2020-01-07 11:48:32','2020-01-07 15:27:26'),
(319,26,213,1,5,'2020-01-07 11:48:07','2020-01-07 15:32:03'),
(320,27,214,10,4,'2020-01-07 11:48:44','2020-01-07 15:42:29'),
(321,28,215,8,11,'2020-01-07 11:54:30','2020-01-07 15:48:52'),
(322,29,216,10,4,'2020-01-07 11:55:55','2020-01-07 15:48:48'),
(323,30,217,6,4,'2020-01-07 11:53:06','2020-01-07 15:45:58'),
(324,31,218,7,4,'2020-01-07 11:51:01','2020-01-07 15:24:17'),
(325,32,219,11,1,'2020-01-07 11:47:38','2020-01-07 15:23:54'),
(326,33,220,3,8,'2020-01-07 11:48:01','2020-01-07 15:22:39'),
(327,34,221,11,2,'2020-01-07 11:51:39','2020-01-07 15:34:07'),
(328,35,222,5,8,'2020-01-07 11:50:03','2020-01-07 15:43:35'),
(329,36,223,1,10,'2020-01-07 11:54:27','2020-01-07 15:39:24'),
(330,37,224,2,1,'2020-01-07 11:51:06','2020-01-07 15:41:09'),
(331,38,225,11,2,'2020-01-07 11:49:22','2020-01-07 15:27:21'),
(332,39,226,11,7,'2020-01-07 11:55:37','2020-01-07 15:36:23'),
(333,40,227,1,8,'2020-01-07 11:49:10','2020-01-07 15:20:05'),
(334,41,228,7,2,'2020-01-07 11:56:28','2020-01-07 15:41:31'),
(335,42,229,3,11,'2020-01-07 11:52:08','2020-01-07 15:30:46'),
(336,43,230,1,11,'2020-01-07 11:56:28','2020-01-07 15:50:15'),
(337,44,231,10,6,'2020-01-07 11:48:46','2020-01-07 15:19:07'),
(338,45,232,7,1,'2020-01-07 11:43:15','2020-01-07 15:24:04'),
(339,16,203,10,10,'2020-01-07 17:16:39','2020-01-07 17:53:01'),
(340,17,204,5,5,'2020-01-07 17:16:40','2020-01-07 17:48:23'),
(341,18,205,1,1,'2020-01-07 17:12:14','2020-01-07 17:49:51'),
(342,19,206,2,2,'2020-01-07 17:10:46','2020-01-07 17:43:36'),
(343,20,207,9,9,'2020-01-07 17:11:40','2020-01-07 17:46:36'),
(344,24,211,6,6,'2020-01-07 17:16:52','2020-01-07 17:47:29'),
(345,25,212,7,7,'2020-01-07 17:16:44','2020-01-07 17:55:20'),
(346,27,214,4,4,'2020-01-07 17:12:05','2020-01-07 17:45:59'),
(347,28,215,11,11,'2020-01-07 17:15:42','2020-01-07 17:52:32'),
(348,33,220,8,8,'2020-01-07 17:16:24','2020-01-07 17:47:47'),
(349,16,203,10,10,'2020-01-08 10:01:04','2020-01-08 10:42:12'),
(350,17,204,5,5,'2020-01-08 10:02:31','2020-01-08 10:42:19'),
(351,18,205,1,1,'2020-01-08 10:04:59','2020-01-08 10:40:47'),
(352,19,206,2,2,'2020-01-08 10:01:49','2020-01-08 10:44:35'),
(353,20,207,9,9,'2020-01-08 10:01:27','2020-01-08 10:44:47'),
(354,24,211,6,6,'2020-01-08 10:01:28','2020-01-08 10:40:20'),
(355,25,212,7,7,'2020-01-08 10:03:42','2020-01-08 10:40:01'),
(356,27,214,4,4,'2020-01-08 10:03:57','2020-01-08 10:44:56'),
(357,28,215,11,11,'2020-01-08 10:04:34','2020-01-08 10:42:31'),
(358,33,220,8,8,'2020-01-08 10:02:28','2020-01-08 10:42:43'),
(359,16,203,10,6,'2020-01-08 11:52:11','2020-01-08 15:50:04'),
(360,17,204,5,6,'2020-01-08 11:47:58','2020-01-08 15:40:12'),
(361,18,205,1,9,'2020-01-08 11:53:48','2020-01-08 15:36:43'),
(362,19,206,2,10,'2020-01-08 11:47:41','2020-01-08 15:41:47'),
(363,20,207,9,6,'2020-01-08 11:51:01','2020-01-08 15:24:18'),
(364,21,208,2,9,'2020-01-08 11:56:45','2020-01-08 15:43:28'),
(365,22,209,9,8,'2020-01-08 11:48:19','2020-01-08 15:21:35'),
(366,23,210,10,9,'2020-01-08 11:54:56','2020-01-08 15:28:50'),
(367,24,211,6,7,'2020-01-08 11:50:11','2020-01-08 15:40:18'),
(368,25,212,7,9,'2020-01-08 11:50:03','2020-01-08 15:41:20'),
(369,26,213,5,8,'2020-01-08 11:49:30','2020-01-08 15:20:28'),
(370,27,214,4,2,'2020-01-08 11:46:38','2020-01-08 15:40:00'),
(371,28,215,11,3,'2020-01-08 11:52:40','2020-01-08 15:22:58'),
(372,29,216,4,3,'2020-01-08 11:52:33','2020-01-08 15:50:44'),
(373,30,217,4,11,'2020-01-08 11:53:40','2020-01-08 15:43:38'),
(374,31,218,4,10,'2020-01-08 11:51:08','2020-01-08 15:39:59'),
(375,32,219,1,3,'2020-01-08 11:45:02','2020-01-08 15:36:39'),
(376,33,220,8,3,'2020-01-08 11:48:09','2020-01-08 15:34:12'),
(377,34,221,2,7,'2020-01-08 11:51:40','2020-01-08 15:50:31'),
(378,35,222,8,5,'2020-01-08 11:48:34','2020-01-08 15:19:04'),
(379,36,223,10,9,'2020-01-08 11:55:13','2020-01-08 15:28:18'),
(380,37,224,1,11,'2020-01-08 11:51:04','2020-01-08 15:32:15'),
(381,38,225,2,1,'2020-01-08 11:52:06','2020-01-08 15:49:44'),
(382,39,226,7,5,'2020-01-08 11:52:50','2020-01-08 15:51:04'),
(383,40,227,8,6,'2020-01-08 11:54:00','2020-01-08 15:45:00'),
(384,41,228,2,9,'2020-01-08 11:49:13','2020-01-08 15:45:42'),
(385,42,229,11,2,'2020-01-08 11:55:24','2020-01-08 15:49:36'),
(386,43,230,11,6,'2020-01-08 11:49:44','2020-01-08 15:23:33'),
(387,44,231,6,8,'2020-01-08 11:52:29','2020-01-08 15:39:27'),
(388,45,232,1,3,'2020-01-08 11:51:38','2020-01-08 15:38:07'),
(389,16,203,6,6,'2020-01-08 17:13:28','2020-01-08 17:47:35'),
(390,18,205,9,9,'2020-01-08 17:18:26','2020-01-08 17:54:29'),
(391,19,206,10,10,'2020-01-08 17:14:27','2020-01-08 17:49:56'),
(392,22,209,8,8,'2020-01-08 17:10:50','2020-01-08 17:46:53'),
(393,24,211,7,7,'2020-01-08 17:14:07','2020-01-08 17:49:06'),
(394,27,214,2,2,'2020-01-08 17:11:48','2020-01-08 17:49:49'),
(395,28,215,3,3,'2020-01-08 17:16:00','2020-01-08 17:52:10'),
(396,30,217,11,11,'2020-01-08 17:15:22','2020-01-08 17:50:25'),
(397,35,222,5,5,'2020-01-08 17:11:33','2020-01-08 17:50:01'),
(398,38,225,1,1,'2020-01-08 17:17:23','2020-01-08 17:50:38'),
(399,16,203,6,6,'2020-01-09 10:03:03','2020-01-09 10:41:59'),
(400,18,205,9,9,'2020-01-09 10:04:15','2020-01-09 10:43:09'),
(401,19,206,10,10,'2020-01-09 10:02:38','2020-01-09 10:42:28'),
(402,22,209,8,8,'2020-01-09 10:04:33','2020-01-09 10:40:03'),
(403,24,211,7,7,'2020-01-09 10:04:40','2020-01-09 10:41:20'),
(404,27,214,2,2,'2020-01-09 10:04:09','2020-01-09 10:41:43'),
(405,28,215,3,3,'2020-01-09 10:03:27','2020-01-09 10:41:00'),
(406,30,217,11,11,'2020-01-09 10:03:47','2020-01-09 10:44:36'),
(407,35,222,5,5,'2020-01-09 10:02:17','2020-01-09 10:44:30'),
(408,38,225,1,1,'2020-01-09 10:02:07','2020-01-09 10:40:43'),
(409,16,203,6,1,'2020-01-09 11:51:30','2020-01-09 15:38:53'),
(410,17,204,6,10,'2020-01-09 11:50:07','2020-01-09 15:24:03'),
(411,18,205,9,7,'2020-01-09 11:49:45','2020-01-09 15:39:15'),
(412,19,206,10,7,'2020-01-09 11:49:13','2020-01-09 15:36:55'),
(413,20,207,6,11,'2020-01-09 11:53:11','2020-01-09 15:24:51'),
(414,21,208,9,4,'2020-01-09 11:53:48','2020-01-09 15:51:54'),
(415,22,209,8,9,'2020-01-09 11:52:00','2020-01-09 15:33:08'),
(416,23,210,9,2,'2020-01-09 11:51:50','2020-01-09 15:42:21'),
(417,24,211,7,9,'2020-01-09 11:55:42','2020-01-09 15:53:54'),
(418,25,212,9,8,'2020-01-09 11:55:49','2020-01-09 15:42:15'),
(419,26,213,8,2,'2020-01-09 11:52:20','2020-01-09 15:26:54'),
(420,27,214,2,7,'2020-01-09 11:47:56','2020-01-09 15:47:00'),
(421,28,215,3,4,'2020-01-09 11:49:57','2020-01-09 15:28:38'),
(422,29,216,3,8,'2020-01-09 11:52:48','2020-01-09 15:31:40'),
(423,30,217,11,6,'2020-01-09 11:49:08','2020-01-09 15:38:54'),
(424,31,218,10,6,'2020-01-09 11:50:48','2020-01-09 15:46:16'),
(425,32,219,3,1,'2020-01-09 11:51:04','2020-01-09 15:47:26'),
(426,33,220,3,6,'2020-01-09 11:53:06','2020-01-09 15:33:54'),
(427,34,221,7,2,'2020-01-09 11:51:51','2020-01-09 15:28:48'),
(428,35,222,5,11,'2020-01-09 11:49:13','2020-01-09 15:47:07'),
(429,36,223,9,10,'2020-01-09 11:46:49','2020-01-09 15:19:26'),
(430,37,224,11,7,'2020-01-09 11:49:43','2020-01-09 15:45:47'),
(431,38,225,1,11,'2020-01-09 11:56:52','2020-01-09 15:50:13'),
(432,39,226,5,8,'2020-01-09 11:58:22','2020-01-09 15:42:41'),
(433,40,227,6,8,'2020-01-09 11:48:35','2020-01-09 15:36:44'),
(434,41,228,9,6,'2020-01-09 11:46:32','2020-01-09 15:20:34'),
(435,42,229,2,5,'2020-01-09 11:51:04','2020-01-09 15:48:24'),
(436,43,230,6,1,'2020-01-09 11:56:10','2020-01-09 15:31:14'),
(437,44,231,8,9,'2020-01-09 11:48:55','2020-01-09 15:46:23'),
(438,45,232,3,4,'2020-01-09 11:53:16','2020-01-09 15:49:18'),
(439,16,203,1,1,'2020-01-09 17:12:27','2020-01-09 17:49:16'),
(440,17,204,10,10,'2020-01-09 17:13:13','2020-01-09 17:44:54'),
(441,18,205,7,7,'2020-01-09 17:12:34','2020-01-09 17:42:45'),
(442,20,207,11,11,'2020-01-09 17:16:47','2020-01-09 17:53:55'),
(443,21,208,4,4,'2020-01-09 17:11:36','2020-01-09 17:48:55'),
(444,22,209,9,9,'2020-01-09 17:11:53','2020-01-09 17:42:17'),
(445,23,210,2,2,'2020-01-09 17:13:17','2020-01-09 17:44:52'),
(446,25,212,8,8,'2020-01-09 17:13:53','2020-01-09 17:51:28'),
(447,30,217,6,6,'2020-01-09 17:15:02','2020-01-09 17:50:22'),
(448,42,229,5,5,'2020-01-09 17:16:30','2020-01-09 17:53:41'),
(449,16,203,1,1,'2020-01-10 10:03:11','2020-01-10 10:41:29'),
(450,17,204,10,10,'2020-01-10 10:02:03','2020-01-10 10:44:00'),
(451,18,205,7,7,'2020-01-10 10:03:11','2020-01-10 10:43:07'),
(452,20,207,11,11,'2020-01-10 10:04:54','2020-01-10 10:41:26'),
(453,21,208,4,4,'2020-01-10 10:03:23','2020-01-10 10:43:57'),
(454,22,209,9,9,'2020-01-10 10:01:39','2020-01-10 10:40:18'),
(455,23,210,2,2,'2020-01-10 10:03:13','2020-01-10 10:41:37'),
(456,25,212,8,8,'2020-01-10 10:02:34','2020-01-10 10:43:42'),
(457,30,217,6,6,'2020-01-10 10:01:44','2020-01-10 10:44:23'),
(458,42,229,5,5,'2020-01-10 10:02:32','2020-01-10 10:43:15'),
(459,16,203,1,10,'2020-01-10 11:50:49','2020-01-10 15:32:11'),
(460,17,204,10,5,'2020-01-10 11:47:16','2020-01-10 15:38:13'),
(461,18,205,7,2,'2020-01-10 11:52:25','2020-01-10 15:38:11'),
(462,19,206,7,1,'2020-01-10 11:52:56','2020-01-10 15:41:17'),
(463,20,207,11,6,'2020-01-10 11:49:12','2020-01-10 15:44:18'),
(464,21,208,4,10,'2020-01-10 11:48:50','2020-01-10 15:45:48'),
(465,22,209,9,6,'2020-01-10 11:53:00','2020-01-10 15:23:03'),
(466,23,210,2,9,'2020-01-10 11:54:14','2020-01-10 15:40:26'),
(467,24,211,9,8,'2020-01-10 11:55:20','2020-01-10 15:44:58'),
(468,25,212,8,9,'2020-01-10 11:54:17','2020-01-10 15:49:38'),
(469,26,213,2,9,'2020-01-10 11:55:13','2020-01-10 15:46:43'),
(470,27,214,7,3,'2020-01-10 11:56:07','2020-01-10 15:49:52'),
(471,28,215,4,2,'2020-01-10 11:51:17','2020-01-10 15:30:33'),
(472,29,216,8,5,'2020-01-10 11:45:56','2020-01-10 15:22:28'),
(473,30,217,6,9,'2020-01-10 11:47:37','2020-01-10 15:41:39'),
(474,31,218,6,3,'2020-01-10 11:50:02','2020-01-10 15:24:34'),
(475,32,219,1,2,'2020-01-10 11:55:02','2020-01-10 15:32:02'),
(476,33,220,6,5,'2020-01-10 11:51:17','2020-01-10 15:28:43'),
(477,34,221,2,11,'2020-01-10 11:54:02','2020-01-10 15:28:49'),
(478,35,222,11,10,'2020-01-10 11:51:48','2020-01-10 15:42:02'),
(479,36,223,10,8,'2020-01-10 11:57:32','2020-01-10 15:49:52'),
(480,37,224,7,9,'2020-01-10 11:45:14','2020-01-10 15:22:40'),
(481,38,225,11,5,'2020-01-10 11:55:18','2020-01-10 15:44:56'),
(482,39,226,8,4,'2020-01-10 11:53:56','2020-01-10 15:42:32'),
(483,40,227,8,1,'2020-01-10 11:48:06','2020-01-10 15:29:02'),
(484,41,228,6,7,'2020-01-10 11:49:04','2020-01-10 15:27:40'),
(485,42,229,5,11,'2020-01-10 11:50:33','2020-01-10 15:35:18'),
(486,43,230,1,5,'2020-01-10 11:52:39','2020-01-10 15:33:33'),
(487,44,231,9,11,'2020-01-10 11:57:40','2020-01-10 15:50:09'),
(488,45,232,4,8,'2020-01-10 11:48:25','2020-01-10 15:21:23'),
(489,16,203,10,10,'2020-01-10 17:15:42','2020-01-10 17:51:48'),
(490,17,204,5,5,'2020-01-10 17:14:46','2020-01-10 17:47:24'),
(491,18,205,2,2,'2020-01-10 17:15:19','2020-01-10 17:48:12'),
(492,19,206,1,1,'2020-01-10 17:13:03','2020-01-10 17:49:55'),
(493,20,207,6,6,'2020-01-10 17:18:38','2020-01-10 17:52:42'),
(494,23,210,9,9,'2020-01-10 17:12:50','2020-01-10 17:48:52'),
(495,24,211,8,8,'2020-01-10 17:14:18','2020-01-10 17:49:30'),
(496,27,214,3,3,'2020-01-10 17:16:20','2020-01-10 17:53:39'),
(497,34,221,11,11,'2020-01-10 17:13:02','2020-01-10 17:44:25'),
(498,39,226,4,4,'2020-01-10 17:16:05','2020-01-10 17:46:36'),
(499,41,228,7,7,'2020-01-10 17:16:46','2020-01-10 17:50:58'),
(500,16,203,10,10,'2020-01-11 10:02:45','2020-01-11 10:43:17'),
(501,17,204,5,5,'2020-01-11 10:02:26','2020-01-11 10:43:14'),
(502,18,205,2,2,'2020-01-11 10:03:36','2020-01-11 10:43:14'),
(503,19,206,1,1,'2020-01-11 10:03:45','2020-01-11 10:42:05'),
(504,20,207,6,6,'2020-01-11 10:03:25','2020-01-11 10:41:50'),
(505,23,210,9,9,'2020-01-11 10:04:18','2020-01-11 10:42:05'),
(506,24,211,8,8,'2020-01-11 10:02:47','2020-01-11 10:43:15'),
(507,27,214,3,3,'2020-01-11 10:01:32','2020-01-11 10:41:45'),
(508,34,221,11,11,'2020-01-11 10:04:30','2020-01-11 10:40:48'),
(509,39,226,4,4,'2020-01-11 10:01:07','2020-01-11 10:44:36'),
(510,41,228,7,7,'2020-01-11 10:04:25','2020-01-11 10:40:09'),
(511,16,203,10,7,'2020-01-11 11:49:36','2020-01-11 15:36:13'),
(512,17,204,5,8,'2020-01-11 11:48:23','2020-01-11 15:24:40'),
(513,18,205,2,3,'2020-01-11 11:47:37','2020-01-11 15:25:20'),
(514,19,206,1,3,'2020-01-11 11:58:24','2020-01-11 15:32:12'),
(515,20,207,6,7,'2020-01-11 11:50:17','2020-01-11 15:46:08'),
(516,21,208,10,2,'2020-01-11 11:54:51','2020-01-11 15:29:23'),
(517,22,209,6,4,'2020-01-11 11:47:13','2020-01-11 15:24:14'),
(518,23,210,9,6,'2020-01-11 11:58:07','2020-01-11 15:32:43'),
(519,24,211,8,5,'2020-01-11 11:57:05','2020-01-11 15:30:48'),
(520,25,212,9,5,'2020-01-11 11:55:44','2020-01-11 15:28:10'),
(521,26,213,9,6,'2020-01-11 11:52:16','2020-01-11 15:36:39'),
(522,27,214,3,1,'2020-01-11 11:56:11','2020-01-11 15:50:39'),
(523,28,215,2,11,'2020-01-11 11:55:38','2020-01-11 15:35:21'),
(524,29,216,5,10,'2020-01-11 11:53:50','2020-01-11 15:27:25'),
(525,30,217,9,11,'2020-01-11 11:51:41','2020-01-11 15:23:37'),
(526,31,218,3,2,'2020-01-11 11:50:59','2020-01-11 15:48:53'),
(527,32,219,2,11,'2020-01-11 11:49:54','2020-01-11 15:20:58'),
(528,33,220,5,1,'2020-01-11 11:51:12','2020-01-11 15:30:25'),
(529,34,221,11,2,'2020-01-11 11:47:45','2020-01-11 15:27:52'),
(530,35,222,10,9,'2020-01-11 11:48:47','2020-01-11 15:24:49'),
(531,36,223,8,3,'2020-01-11 11:48:39','2020-01-11 15:42:48'),
(532,37,224,9,3,'2020-01-11 11:53:26','2020-01-11 15:27:23'),
(533,38,225,5,8,'2020-01-11 11:54:38','2020-01-11 15:31:46'),
(534,39,226,4,2,'2020-01-11 11:56:09','2020-01-11 15:53:21'),
(535,40,227,1,8,'2020-01-11 11:55:16','2020-01-11 15:32:13'),
(536,41,228,7,9,'2020-01-11 11:48:10','2020-01-11 15:39:14'),
(537,42,229,11,1,'2020-01-11 11:48:22','2020-01-11 15:44:15'),
(538,43,230,5,1,'2020-01-11 11:52:33','2020-01-11 15:38:23'),
(539,44,231,11,9,'2020-01-11 11:53:41','2020-01-11 15:46:50'),
(540,45,232,8,7,'2020-01-11 11:56:16','2020-01-11 15:28:44'),
(541,16,203,7,7,'2020-01-11 17:16:38','2020-01-11 17:55:14'),
(542,17,204,8,8,'2020-01-11 17:11:02','2020-01-11 17:48:52'),
(543,18,205,3,3,'2020-01-11 17:13:15','2020-01-11 17:52:54'),
(544,21,208,2,2,'2020-01-11 17:13:17','2020-01-11 17:45:18'),
(545,22,209,4,4,'2020-01-11 17:17:23','2020-01-11 17:54:06'),
(546,23,210,6,6,'2020-01-11 17:11:27','2020-01-11 17:51:10'),
(547,24,211,5,5,'2020-01-11 17:16:57','2020-01-11 17:49:22'),
(548,27,214,1,1,'2020-01-11 17:16:19','2020-01-11 17:50:22'),
(549,28,215,11,11,'2020-01-11 17:13:33','2020-01-11 17:50:48'),
(550,29,216,10,10,'2020-01-11 17:13:06','2020-01-11 17:46:17'),
(551,35,222,9,9,'2020-01-11 17:13:46','2020-01-11 17:47:04'),
(552,16,203,7,7,'2020-01-12 10:04:45','2020-01-12 10:41:16'),
(553,17,204,8,8,'2020-01-12 10:02:47','2020-01-12 10:44:15'),
(554,18,205,3,3,'2020-01-12 10:02:17','2020-01-12 10:41:04'),
(555,21,208,2,2,'2020-01-12 10:01:00','2020-01-12 10:44:08'),
(556,22,209,4,4,'2020-01-12 10:03:11','2020-01-12 10:40:21'),
(557,23,210,6,6,'2020-01-12 10:03:46','2020-01-12 10:42:40'),
(558,24,211,5,5,'2020-01-12 10:01:38','2020-01-12 10:43:00'),
(559,27,214,1,1,'2020-01-12 10:01:27','2020-01-12 10:41:37'),
(560,28,215,11,11,'2020-01-12 10:01:24','2020-01-12 10:44:20'),
(561,29,216,10,10,'2020-01-12 10:04:06','2020-01-12 10:41:49'),
(562,35,222,9,9,'2020-01-12 10:03:54','2020-01-12 10:42:13'),
(563,16,203,7,5,'2020-01-12 11:56:13','2020-01-12 15:42:02'),
(564,17,204,8,3,'2020-01-12 11:46:32','2020-01-12 15:31:14'),
(565,18,205,3,6,'2020-01-12 11:47:17','2020-01-12 15:17:54'),
(566,19,206,3,2,'2020-01-12 11:47:29','2020-01-12 15:36:56'),
(567,20,207,7,3,'2020-01-12 11:49:07','2020-01-12 15:19:57'),
(568,21,208,2,3,'2020-01-12 11:55:21','2020-01-12 15:26:59'),
(569,22,209,4,10,'2020-01-12 11:51:23','2020-01-12 15:40:36'),
(570,23,210,6,5,'2020-01-12 11:54:21','2020-01-12 15:40:28'),
(571,24,211,5,11,'2020-01-12 11:57:04','2020-01-12 15:48:37'),
(572,25,212,5,4,'2020-01-12 11:51:18','2020-01-12 15:22:41'),
(573,26,213,6,7,'2020-01-12 11:51:20','2020-01-12 15:34:48'),
(574,27,214,1,10,'2020-01-12 11:51:00','2020-01-12 15:45:54'),
(575,28,215,11,10,'2020-01-12 11:54:55','2020-01-12 15:45:51'),
(576,29,216,10,3,'2020-01-12 11:54:43','2020-01-12 15:37:45'),
(577,30,217,11,9,'2020-01-12 11:51:04','2020-01-12 15:25:42'),
(578,31,218,2,11,'2020-01-12 11:55:34','2020-01-12 15:33:03'),
(579,32,219,11,6,'2020-01-12 11:54:25','2020-01-12 15:49:04'),
(580,33,220,1,6,'2020-01-12 11:48:39','2020-01-12 15:28:26'),
(581,34,221,2,1,'2020-01-12 11:49:54','2020-01-12 15:43:47'),
(582,35,222,9,11,'2020-01-12 11:49:19','2020-01-12 15:26:08'),
(583,36,223,3,10,'2020-01-12 11:50:47','2020-01-12 15:24:15'),
(584,37,224,3,11,'2020-01-12 11:58:17','2020-01-12 15:54:20'),
(585,38,225,8,5,'2020-01-12 11:55:28','2020-01-12 15:31:18'),
(586,39,226,2,7,'2020-01-12 11:46:17','2020-01-12 15:21:46'),
(587,40,227,8,1,'2020-01-12 11:47:33','2020-01-12 15:42:29'),
(588,41,228,9,5,'2020-01-12 11:53:33','2020-01-12 15:25:17'),
(589,42,229,1,3,'2020-01-12 11:53:47','2020-01-12 15:41:46'),
(590,43,230,1,2,'2020-01-12 11:51:19','2020-01-12 15:36:08'),
(591,44,231,9,3,'2020-01-12 11:49:58','2020-01-12 15:45:28'),
(592,45,232,7,3,'2020-01-12 11:46:00','2020-01-12 15:37:05'),
(593,16,203,5,5,'2020-01-12 17:13:00','2020-01-12 17:46:54'),
(594,17,204,3,3,'2020-01-12 17:14:29','2020-01-12 17:44:34'),
(595,18,205,6,6,'2020-01-12 17:12:28','2020-01-12 17:49:37'),
(596,19,206,2,2,'2020-01-12 17:14:24','2020-01-12 17:52:35'),
(597,22,209,10,10,'2020-01-12 17:12:57','2020-01-12 17:48:10'),
(598,24,211,11,11,'2020-01-12 17:16:10','2020-01-12 17:52:50'),
(599,25,212,4,4,'2020-01-12 17:11:45','2020-01-12 17:44:15'),
(600,26,213,7,7,'2020-01-12 17:16:54','2020-01-12 17:52:46'),
(601,30,217,9,9,'2020-01-12 17:12:34','2020-01-12 17:45:48'),
(602,34,221,1,1,'2020-01-12 17:15:40','2020-01-12 17:50:30'),
(603,16,203,5,5,'2020-01-13 10:02:58','2020-01-13 10:43:08'),
(604,17,204,3,3,'2020-01-13 10:04:33','2020-01-13 10:40:07'),
(605,18,205,6,6,'2020-01-13 10:04:21','2020-01-13 10:42:15'),
(606,19,206,2,2,'2020-01-13 10:04:43','2020-01-13 10:42:49'),
(607,22,209,10,10,'2020-01-13 10:04:09','2020-01-13 10:41:46'),
(608,24,211,11,11,'2020-01-13 10:04:44','2020-01-13 10:40:25'),
(609,25,212,4,4,'2020-01-13 10:03:01','2020-01-13 10:42:47'),
(610,26,213,7,7,'2020-01-13 10:04:32','2020-01-13 10:41:18'),
(611,30,217,9,9,'2020-01-13 10:03:22','2020-01-13 10:41:00'),
(612,34,221,1,1,'2020-01-13 10:02:48','2020-01-13 10:42:25'),
(613,16,203,5,8,'2020-01-13 11:53:05','2020-01-13 15:44:49'),
(614,17,204,3,2,'2020-01-13 11:48:36','2020-01-13 15:19:58'),
(615,18,205,6,7,'2020-01-13 11:53:46','2020-01-13 15:27:36'),
(616,19,206,2,9,'2020-01-13 11:57:19','2020-01-13 15:41:57'),
(617,20,207,3,1,'2020-01-13 11:56:07','2020-01-13 15:31:11'),
(618,21,208,3,4,'2020-01-13 11:54:13','2020-01-13 15:48:59'),
(619,22,209,10,11,'2020-01-13 11:54:51','2020-01-13 15:39:22'),
(620,23,210,5,2,'2020-01-13 11:53:13','2020-01-13 15:36:49'),
(621,24,211,11,6,'2020-01-13 11:48:31','2020-01-13 15:29:42'),
(622,25,212,4,10,'2020-01-13 11:53:35','2020-01-13 15:32:42'),
(623,26,213,7,5,'2020-01-13 11:47:43','2020-01-13 15:24:48'),
(624,27,214,10,2,'2020-01-13 11:52:40','2020-01-13 15:30:05'),
(625,28,215,10,1,'2020-01-13 11:51:14','2020-01-13 15:29:03'),
(626,29,216,3,6,'2020-01-13 11:48:51','2020-01-13 15:42:36'),
(627,30,217,9,3,'2020-01-13 11:46:35','2020-01-13 15:20:01'),
(628,31,218,11,5,'2020-01-13 11:53:24','2020-01-13 15:33:44'),
(629,32,219,6,8,'2020-01-13 11:54:45','2020-01-13 15:42:38'),
(630,33,220,6,3,'2020-01-13 11:50:30','2020-01-13 15:43:59'),
(631,34,221,1,4,'2020-01-13 11:56:34','2020-01-13 15:32:09'),
(632,35,222,11,6,'2020-01-13 11:48:16','2020-01-13 15:45:00'),
(633,36,223,10,2,'2020-01-13 11:52:07','2020-01-13 15:41:23'),
(634,37,224,11,1,'2020-01-13 11:48:01','2020-01-13 15:18:28'),
(635,38,225,5,8,'2020-01-13 11:47:31','2020-01-13 15:36:55'),
(636,39,226,7,6,'2020-01-13 11:52:51','2020-01-13 15:47:42'),
(637,40,227,1,6,'2020-01-13 11:49:12','2020-01-13 15:19:18'),
(638,41,228,5,3,'2020-01-13 11:55:10','2020-01-13 15:41:08'),
(639,42,229,3,2,'2020-01-13 11:51:15','2020-01-13 15:24:38'),
(640,43,230,2,7,'2020-01-13 11:51:46','2020-01-13 15:22:54'),
(641,44,231,3,5,'2020-01-13 11:52:03','2020-01-13 15:23:45'),
(642,45,232,3,5,'2020-01-13 11:52:08','2020-01-13 15:36:20'),
(643,16,203,8,8,'2020-01-13 17:13:26','2020-01-13 17:51:10'),
(644,17,204,2,2,'2020-01-13 17:14:26','2020-01-13 17:53:49'),
(645,18,205,7,7,'2020-01-13 17:14:34','2020-01-13 17:51:08'),
(646,19,206,9,9,'2020-01-13 17:13:17','2020-01-13 17:51:06'),
(647,20,207,1,1,'2020-01-13 17:12:29','2020-01-13 17:42:59'),
(648,21,208,4,4,'2020-01-13 17:13:07','2020-01-13 17:49:50'),
(649,22,209,11,11,'2020-01-13 17:15:32','2020-01-13 17:46:17'),
(650,24,211,6,6,'2020-01-13 17:17:51','2020-01-13 17:52:04'),
(651,25,212,10,10,'2020-01-13 17:14:30','2020-01-13 17:49:51'),
(652,26,213,5,5,'2020-01-13 17:16:41','2020-01-13 17:55:04'),
(653,30,217,3,3,'2020-01-13 17:17:26','2020-01-13 17:56:28'),
(654,16,203,8,8,'2020-01-14 10:02:54','2020-01-14 10:42:33'),
(655,17,204,2,2,'2020-01-14 10:04:21','2020-01-14 10:40:40'),
(656,18,205,7,7,'2020-01-14 10:04:14','2020-01-14 10:42:23'),
(657,19,206,9,9,'2020-01-14 10:01:22','2020-01-14 10:41:53'),
(658,20,207,1,1,'2020-01-14 10:04:17','2020-01-14 10:44:12'),
(659,21,208,4,4,'2020-01-14 10:03:04','2020-01-14 10:43:34'),
(660,22,209,11,11,'2020-01-14 10:01:23','2020-01-14 10:41:21'),
(661,24,211,6,6,'2020-01-14 10:03:50','2020-01-14 10:42:38'),
(662,25,212,10,10,'2020-01-14 10:02:21','2020-01-14 10:44:59'),
(663,26,213,5,5,'2020-01-14 10:03:59','2020-01-14 10:42:46'),
(664,30,217,3,3,'2020-01-14 10:03:37','2020-01-14 10:40:26'),
(665,16,203,8,5,'2020-01-14 11:45:59','2020-01-14 15:27:54'),
(666,17,204,2,8,'2020-01-14 11:47:00','2020-01-14 15:36:49'),
(667,18,205,7,9,'2020-01-14 11:51:53','2020-01-14 15:49:00'),
(668,19,206,9,11,'2020-01-14 11:47:06','2020-01-14 15:43:36'),
(669,20,207,1,7,'2020-01-14 11:49:18','2020-01-14 15:23:47'),
(670,21,208,4,9,'2020-01-14 11:55:43','2020-01-14 15:27:31'),
(671,22,209,11,9,'2020-01-14 11:53:53','2020-01-14 15:24:45'),
(672,23,210,2,10,'2020-01-14 11:44:16','2020-01-14 15:29:50'),
(673,24,211,6,2,'2020-01-14 11:54:06','2020-01-14 15:40:15'),
(674,25,212,10,2,'2020-01-14 11:52:48','2020-01-14 15:50:54'),
(675,26,213,5,9,'2020-01-14 11:49:53','2020-01-14 15:39:23'),
(676,27,214,2,10,'2020-01-14 11:47:46','2020-01-14 15:30:31'),
(677,28,215,1,10,'2020-01-14 11:49:40','2020-01-14 15:36:22'),
(678,29,216,6,7,'2020-01-14 11:55:30','2020-01-14 15:26:11'),
(679,30,217,3,1,'2020-01-14 11:47:50','2020-01-14 15:30:39'),
(680,31,218,5,9,'2020-01-14 11:47:43','2020-01-14 15:22:13'),
(681,32,219,8,1,'2020-01-14 11:52:22','2020-01-14 15:38:27'),
(682,33,220,3,11,'2020-01-14 11:56:47','2020-01-14 15:45:57'),
(683,34,221,4,9,'2020-01-14 11:49:15','2020-01-14 15:36:42'),
(684,35,222,6,3,'2020-01-14 11:55:58','2020-01-14 15:41:19'),
(685,36,223,2,7,'2020-01-14 11:53:13','2020-01-14 15:39:09'),
(686,37,224,1,3,'2020-01-14 11:55:13','2020-01-14 15:29:01'),
(687,38,225,8,5,'2020-01-14 11:55:09','2020-01-14 15:42:18'),
(688,39,226,6,2,'2020-01-14 11:50:05','2020-01-14 15:39:24'),
(689,40,227,6,8,'2020-01-14 11:55:20','2020-01-14 15:44:57'),
(690,41,228,3,11,'2020-01-14 11:47:18','2020-01-14 15:38:07'),
(691,42,229,2,1,'2020-01-14 11:54:42','2020-01-14 15:31:49'),
(692,43,230,7,5,'2020-01-14 11:51:59','2020-01-14 15:40:35'),
(693,44,231,5,10,'2020-01-14 11:49:09','2020-01-14 15:45:47'),
(694,45,232,5,10,'2020-01-14 11:49:49','2020-01-14 15:26:54'),
(695,16,203,5,5,'2020-01-14 17:14:22','2020-01-14 17:44:34'),
(696,17,204,8,8,'2020-01-14 17:12:51','2020-01-14 17:47:08'),
(697,18,205,9,9,'2020-01-14 17:17:39','2020-01-14 17:49:35'),
(698,19,206,11,11,'2020-01-14 17:17:02','2020-01-14 17:53:25'),
(699,20,207,7,7,'2020-01-14 17:11:43','2020-01-14 17:49:06'),
(700,23,210,10,10,'2020-01-14 17:15:37','2020-01-14 17:46:28'),
(701,24,211,2,2,'2020-01-14 17:13:29','2020-01-14 17:47:45'),
(702,30,217,1,1,'2020-01-14 17:16:02','2020-01-14 17:47:34'),
(703,35,222,3,3,'2020-01-14 17:13:21','2020-01-14 17:44:17'),
(704,16,203,5,5,'2020-01-15 10:04:56','2020-01-15 10:43:46'),
(705,17,204,8,8,'2020-01-15 10:02:58','2020-01-15 10:40:58'),
(706,18,205,9,9,'2020-01-15 10:01:50','2020-01-15 10:42:27'),
(707,19,206,11,11,'2020-01-15 10:02:27','2020-01-15 10:43:55'),
(708,20,207,7,7,'2020-01-15 10:01:24','2020-01-15 10:40:30'),
(709,23,210,10,10,'2020-01-15 10:04:37','2020-01-15 10:41:44'),
(710,24,211,2,2,'2020-01-15 10:04:54','2020-01-15 10:43:59'),
(711,30,217,1,1,'2020-01-15 10:03:33','2020-01-15 10:43:03'),
(712,35,222,3,3,'2020-01-15 10:04:39','2020-01-15 10:40:20'),
(713,16,203,5,10,'2020-01-15 11:45:52','2020-01-15 15:17:04'),
(714,17,204,8,3,'2020-01-15 11:53:45','2020-01-15 15:35:21'),
(715,18,205,9,11,'2020-01-15 11:55:09','2020-01-15 15:33:50'),
(716,19,206,11,8,'2020-01-15 11:49:44','2020-01-15 15:30:23'),
(717,20,207,7,5,'2020-01-15 11:50:43','2020-01-15 15:32:27'),
(718,21,208,9,2,'2020-01-15 11:54:49','2020-01-15 15:44:45'),
(719,22,209,9,2,'2020-01-15 11:52:10','2020-01-15 15:26:16'),
(720,23,210,10,9,'2020-01-15 11:49:13','2020-01-15 15:20:36'),
(721,24,211,2,3,'2020-01-15 11:49:11','2020-01-15 15:28:36'),
(722,25,212,2,9,'2020-01-15 11:48:22','2020-01-15 15:24:48'),
(723,26,213,9,4,'2020-01-15 11:53:16','2020-01-15 15:44:53'),
(724,27,214,10,6,'2020-01-15 11:49:39','2020-01-15 15:22:46'),
(725,28,215,10,1,'2020-01-15 11:46:47','2020-01-15 15:33:15'),
(726,29,216,7,10,'2020-01-15 11:47:53','2020-01-15 15:23:57'),
(727,30,217,1,4,'2020-01-15 11:48:51','2020-01-15 15:23:11'),
(728,31,218,9,3,'2020-01-15 11:54:08','2020-01-15 15:42:49'),
(729,32,219,1,3,'2020-01-15 11:53:50','2020-01-15 15:48:43'),
(730,33,220,11,6,'2020-01-15 11:48:39','2020-01-15 15:30:23'),
(731,34,221,9,11,'2020-01-15 11:51:58','2020-01-15 15:28:10'),
(732,35,222,3,4,'2020-01-15 11:52:30','2020-01-15 15:35:45'),
(733,36,223,7,5,'2020-01-15 11:57:25','2020-01-15 15:41:32'),
(734,37,224,3,6,'2020-01-15 11:48:41','2020-01-15 15:23:26'),
(735,38,225,5,8,'2020-01-15 11:49:34','2020-01-15 15:33:59'),
(736,39,226,2,3,'2020-01-15 11:49:33','2020-01-15 15:42:23'),
(737,40,227,8,3,'2020-01-15 11:53:17','2020-01-15 15:49:46'),
(738,41,228,11,8,'2020-01-15 11:54:41','2020-01-15 15:52:25'),
(739,42,229,1,2,'2020-01-15 11:49:23','2020-01-15 15:24:02'),
(740,43,230,5,1,'2020-01-15 11:48:55','2020-01-15 15:32:17'),
(741,44,231,10,11,'2020-01-15 11:45:29','2020-01-15 15:26:46'),
(742,45,232,10,4,'2020-01-15 11:49:27','2020-01-15 15:39:44'),
(743,16,203,10,10,'2020-01-15 17:12:30','2020-01-15 17:49:55'),
(744,17,204,3,3,'2020-01-15 17:16:13','2020-01-15 17:54:35'),
(745,18,205,11,11,'2020-01-15 17:15:05','2020-01-15 17:50:00'),
(746,19,206,8,8,'2020-01-15 17:12:05','2020-01-15 17:50:12'),
(747,20,207,5,5,'2020-01-15 17:18:48','2020-01-15 17:56:07'),
(748,21,208,2,2,'2020-01-15 17:17:14','2020-01-15 17:55:13'),
(749,23,210,9,9,'2020-01-15 17:16:49','2020-01-15 17:50:24'),
(750,26,213,4,4,'2020-01-15 17:14:55','2020-01-15 17:47:43'),
(751,27,214,6,6,'2020-01-15 17:16:49','2020-01-15 17:46:49'),
(752,28,215,1,1,'2020-01-15 17:15:46','2020-01-15 17:52:30'),
(753,16,203,10,10,'2020-01-16 10:03:20','2020-01-16 10:43:20'),
(754,17,204,3,3,'2020-01-16 10:01:12','2020-01-16 10:44:45'),
(755,18,205,11,11,'2020-01-16 10:03:27','2020-01-16 10:40:55'),
(756,19,206,8,8,'2020-01-16 10:04:52','2020-01-16 10:44:52'),
(757,20,207,5,5,'2020-01-16 10:03:24','2020-01-16 10:44:53'),
(758,21,208,2,2,'2020-01-16 10:01:56','2020-01-16 10:42:03'),
(759,23,210,9,9,'2020-01-16 10:03:01','2020-01-16 10:41:31'),
(760,26,213,4,4,'2020-01-16 10:02:16','2020-01-16 10:44:22'),
(761,27,214,6,6,'2020-01-16 10:01:11','2020-01-16 10:41:37'),
(762,28,215,1,1,'2020-01-16 10:03:18','2020-01-16 10:41:46'),
(763,16,203,10,1,'2020-01-16 11:50:40','2020-01-16 15:30:31'),
(764,17,204,3,6,'2020-01-16 11:53:12','2020-01-16 15:40:46'),
(765,18,205,11,4,'2020-01-16 11:49:54','2020-01-16 15:22:12'),
(766,19,206,8,1,'2020-01-16 11:48:32','2020-01-16 15:43:57'),
(767,20,207,5,11,'2020-01-16 11:56:51','2020-01-16 15:44:10'),
(768,21,208,2,3,'2020-01-16 11:47:38','2020-01-16 15:26:22'),
(769,22,209,2,5,'2020-01-16 11:49:58','2020-01-16 15:28:23'),
(770,23,210,9,10,'2020-01-16 11:50:57','2020-01-16 15:46:46'),
(771,24,211,3,10,'2020-01-16 11:53:03','2020-01-16 15:46:58'),
(772,25,212,9,10,'2020-01-16 11:51:38','2020-01-16 15:39:44'),
(773,26,213,4,10,'2020-01-16 11:55:47','2020-01-16 15:45:14'),
(774,27,214,6,8,'2020-01-16 11:53:34','2020-01-16 15:29:00'),
(775,28,215,1,11,'2020-01-16 11:47:59','2020-01-16 15:36:56'),
(776,29,216,10,11,'2020-01-16 11:51:04','2020-01-16 15:38:28'),
(777,30,217,4,1,'2020-01-16 11:55:27','2020-01-16 15:40:15'),
(778,31,218,3,8,'2020-01-16 11:56:45','2020-01-16 15:53:22'),
(779,32,219,3,11,'2020-01-16 11:46:28','2020-01-16 15:31:42'),
(780,33,220,6,3,'2020-01-16 11:51:36','2020-01-16 15:40:37'),
(781,34,221,11,9,'2020-01-16 11:55:27','2020-01-16 15:28:45'),
(782,35,222,4,8,'2020-01-16 11:47:07','2020-01-16 15:41:12'),
(783,36,223,5,10,'2020-01-16 11:53:57','2020-01-16 15:29:43'),
(784,37,224,6,11,'2020-01-16 11:52:53','2020-01-16 15:31:35'),
(785,38,225,8,6,'2020-01-16 11:52:38','2020-01-16 15:40:56'),
(786,39,226,3,10,'2020-01-16 11:49:16','2020-01-16 15:25:43'),
(787,40,227,3,2,'2020-01-16 11:57:42','2020-01-16 15:38:49'),
(788,41,228,8,1,'2020-01-16 11:53:10','2020-01-16 15:29:52'),
(789,42,229,2,5,'2020-01-16 11:48:49','2020-01-16 15:35:48'),
(790,43,230,1,8,'2020-01-16 11:55:54','2020-01-16 15:31:06'),
(791,44,231,11,3,'2020-01-16 11:50:43','2020-01-16 15:32:17'),
(792,45,232,4,2,'2020-01-16 11:52:09','2020-01-16 15:45:36'),
(793,16,203,1,1,'2020-01-16 17:15:08','2020-01-16 17:46:13'),
(794,17,204,6,6,'2020-01-16 17:14:39','2020-01-16 17:48:47'),
(795,18,205,4,4,'2020-01-16 17:15:13','2020-01-16 17:50:16'),
(796,20,207,11,11,'2020-01-16 17:13:49','2020-01-16 17:44:56'),
(797,21,208,3,3,'2020-01-16 17:15:50','2020-01-16 17:51:13'),
(798,22,209,5,5,'2020-01-16 17:14:07','2020-01-16 17:51:43'),
(799,23,210,10,10,'2020-01-16 17:13:33','2020-01-16 17:48:24'),
(800,27,214,8,8,'2020-01-16 17:12:55','2020-01-16 17:44:32'),
(801,34,221,9,9,'2020-01-16 17:14:39','2020-01-16 17:49:08'),
(802,40,227,2,2,'2020-01-16 17:15:26','2020-01-16 17:51:53'),
(803,16,203,1,1,'2020-01-17 10:02:29','2020-01-17 10:42:30'),
(804,17,204,6,6,'2020-01-17 10:04:58','2020-01-17 10:44:30'),
(805,18,205,4,4,'2020-01-17 10:01:44','2020-01-17 10:40:44'),
(806,20,207,11,11,'2020-01-17 10:01:18','2020-01-17 10:44:36'),
(807,21,208,3,3,'2020-01-17 10:02:50','2020-01-17 10:40:31'),
(808,22,209,5,5,'2020-01-17 10:01:21','2020-01-17 10:43:27'),
(809,23,210,10,10,'2020-01-17 10:04:10','2020-01-17 10:40:59'),
(810,27,214,8,8,'2020-01-17 10:03:04','2020-01-17 10:42:33'),
(811,34,221,9,9,'2020-01-17 10:01:45','2020-01-17 10:43:08'),
(812,40,227,2,2,'2020-01-17 10:03:13','2020-01-17 10:43:03'),
(813,16,203,1,7,'2020-01-17 11:48:11','2020-01-17 15:41:49'),
(814,17,204,6,11,'2020-01-17 11:49:34','2020-01-17 15:29:06'),
(815,18,205,4,11,'2020-01-17 11:51:34','2020-01-17 15:44:34'),
(816,19,206,1,10,'2020-01-17 11:51:29','2020-01-17 15:45:18'),
(817,20,207,11,5,'2020-01-17 11:53:16','2020-01-17 15:46:51'),
(818,21,208,3,7,'2020-01-17 11:50:08','2020-01-17 15:25:06'),
(819,22,209,5,7,'2020-01-17 11:52:58','2020-01-17 15:40:36'),
(820,23,210,10,8,'2020-01-17 11:53:57','2020-01-17 15:46:43'),
(821,24,211,10,1,'2020-01-17 11:56:28','2020-01-17 15:40:10'),
(822,25,212,10,5,'2020-01-17 11:53:17','2020-01-17 15:53:03'),
(823,26,213,10,7,'2020-01-17 11:49:03','2020-01-17 15:47:29'),
(824,27,214,8,2,'2020-01-17 11:49:42','2020-01-17 15:31:13'),
(825,28,215,11,5,'2020-01-17 11:54:46','2020-01-17 15:54:39'),
(826,29,216,11,7,'2020-01-17 11:54:05','2020-01-17 15:31:50'),
(827,30,217,1,6,'2020-01-17 11:55:58','2020-01-17 15:33:53'),
(828,31,218,8,1,'2020-01-17 11:54:32','2020-01-17 15:53:34'),
(829,32,219,11,8,'2020-01-17 11:48:26','2020-01-17 15:47:41'),
(830,33,220,3,7,'2020-01-17 11:55:24','2020-01-17 15:33:13'),
(831,34,221,9,3,'2020-01-17 11:50:10','2020-01-17 15:35:36'),
(832,35,222,8,1,'2020-01-17 11:53:07','2020-01-17 15:28:51'),
(833,36,223,10,2,'2020-01-17 11:46:01','2020-01-17 15:21:47'),
(834,37,224,11,5,'2020-01-17 11:50:57','2020-01-17 15:37:02'),
(835,38,225,6,10,'2020-01-17 11:55:45','2020-01-17 15:49:24'),
(836,39,226,10,2,'2020-01-17 11:56:31','2020-01-17 15:56:04'),
(837,40,227,2,10,'2020-01-17 11:50:23','2020-01-17 15:27:07'),
(838,41,228,1,6,'2020-01-17 11:56:09','2020-01-17 15:53:07'),
(839,42,229,5,10,'2020-01-17 11:49:23','2020-01-17 15:22:58'),
(840,43,230,8,4,'2020-01-17 11:55:24','2020-01-17 15:50:59'),
(841,44,231,3,6,'2020-01-17 11:58:13','2020-01-17 15:50:01'),
(842,45,232,2,6,'2020-01-17 11:58:32','2020-01-17 15:29:50'),
(843,16,203,7,7,'2020-01-17 17:13:48','2020-01-17 17:46:13'),
(844,17,204,11,11,'2020-01-17 17:15:48','2020-01-17 17:55:01'),
(845,19,206,10,10,'2020-01-17 17:13:06','2020-01-17 17:52:26'),
(846,20,207,5,5,'2020-01-17 17:15:37','2020-01-17 17:47:31'),
(847,23,210,8,8,'2020-01-17 17:17:41','2020-01-17 17:50:34'),
(848,24,211,1,1,'2020-01-17 17:16:37','2020-01-17 17:46:54'),
(849,27,214,2,2,'2020-01-17 17:13:47','2020-01-17 17:49:02'),
(850,30,217,6,6,'2020-01-17 17:15:20','2020-01-17 17:46:59'),
(851,34,221,3,3,'2020-01-17 17:16:25','2020-01-17 17:51:57'),
(852,43,230,4,4,'2020-01-17 17:11:36','2020-01-17 17:49:45'),
(853,16,203,7,7,'2020-01-18 10:03:28','2020-01-18 10:42:40'),
(854,17,204,11,11,'2020-01-18 10:02:52','2020-01-18 10:42:35'),
(855,19,206,10,10,'2020-01-18 10:04:46','2020-01-18 10:41:43'),
(856,20,207,5,5,'2020-01-18 10:04:03','2020-01-18 10:42:52'),
(857,23,210,8,8,'2020-01-18 10:03:15','2020-01-18 10:41:36'),
(858,24,211,1,1,'2020-01-18 10:04:55','2020-01-18 10:44:33'),
(859,27,214,2,2,'2020-01-18 10:01:58','2020-01-18 10:41:49'),
(860,30,217,6,6,'2020-01-18 10:02:45','2020-01-18 10:40:49'),
(861,34,221,3,3,'2020-01-18 10:03:53','2020-01-18 10:44:02'),
(862,43,230,4,4,'2020-01-18 10:03:23','2020-01-18 10:43:16'),
(863,16,203,7,2,'2020-01-18 11:48:35','2020-01-18 15:18:35'),
(864,17,204,11,3,'2020-01-18 11:46:20','2020-01-18 15:42:32'),
(865,18,205,11,8,'2020-01-18 11:52:32','2020-01-18 15:23:27'),
(866,19,206,10,11,'2020-01-18 11:50:50','2020-01-18 15:28:04'),
(867,20,207,5,9,'2020-01-18 11:54:56','2020-01-18 15:31:27'),
(868,21,208,7,10,'2020-01-18 11:55:29','2020-01-18 15:29:35'),
(869,22,209,7,2,'2020-01-18 11:51:24','2020-01-18 15:38:50'),
(870,23,210,8,2,'2020-01-18 11:55:49','2020-01-18 15:42:28'),
(871,24,211,1,6,'2020-01-18 11:54:19','2020-01-18 15:32:56'),
(872,25,212,5,8,'2020-01-18 11:52:44','2020-01-18 15:49:48'),
(873,26,213,7,9,'2020-01-18 11:47:01','2020-01-18 15:41:32'),
(874,27,214,2,10,'2020-01-18 11:48:34','2020-01-18 15:38:28'),
(875,28,215,5,6,'2020-01-18 11:52:45','2020-01-18 15:50:05'),
(876,29,216,7,3,'2020-01-18 11:56:50','2020-01-18 15:35:55'),
(877,30,217,6,2,'2020-01-18 11:46:11','2020-01-18 15:17:54'),
(878,31,218,1,8,'2020-01-18 11:46:06','2020-01-18 15:29:21'),
(879,32,219,8,5,'2020-01-18 11:49:21','2020-01-18 15:37:33'),
(880,33,220,7,3,'2020-01-18 11:48:48','2020-01-18 15:30:28'),
(881,34,221,3,1,'2020-01-18 11:49:53','2020-01-18 15:30:58'),
(882,35,222,1,4,'2020-01-18 11:48:48','2020-01-18 15:21:16'),
(883,36,223,2,7,'2020-01-18 11:54:10','2020-01-18 15:36:05'),
(884,37,224,5,2,'2020-01-18 11:51:55','2020-01-18 15:24:46'),
(885,38,225,10,8,'2020-01-18 11:54:46','2020-01-18 15:41:31'),
(886,39,226,2,4,'2020-01-18 11:47:18','2020-01-18 15:19:52'),
(887,40,227,10,11,'2020-01-18 11:53:55','2020-01-18 15:34:19'),
(888,41,228,6,9,'2020-01-18 11:50:03','2020-01-18 15:47:14'),
(889,42,229,10,1,'2020-01-18 11:51:44','2020-01-18 15:44:13'),
(890,43,230,4,1,'2020-01-18 11:49:04','2020-01-18 15:28:41'),
(891,44,231,6,5,'2020-01-18 11:47:01','2020-01-18 15:39:25'),
(892,45,232,6,3,'2020-01-18 11:47:43','2020-01-18 15:44:26'),
(893,16,203,2,2,'2020-01-18 17:18:18','2020-01-18 17:57:03'),
(894,17,204,3,3,'2020-01-18 17:15:33','2020-01-18 17:48:38'),
(895,18,205,8,8,'2020-01-18 17:12:01','2020-01-18 17:48:21'),
(896,19,206,11,11,'2020-01-18 17:14:32','2020-01-18 17:49:41'),
(897,20,207,9,9,'2020-01-18 17:12:24','2020-01-18 17:46:35'),
(898,21,208,10,10,'2020-01-18 17:13:54','2020-01-18 17:47:51'),
(899,24,211,6,6,'2020-01-18 17:15:47','2020-01-18 17:47:34'),
(900,32,219,5,5,'2020-01-18 17:14:32','2020-01-18 17:53:22'),
(901,34,221,1,1,'2020-01-18 17:12:21','2020-01-18 17:51:00'),
(902,35,222,4,4,'2020-01-18 17:15:30','2020-01-18 17:50:21'),
(903,36,223,7,7,'2020-01-18 17:14:36','2020-01-18 17:45:05'),
(904,16,203,2,2,'2020-01-19 10:01:04','2020-01-19 10:42:58'),
(905,17,204,3,3,'2020-01-19 10:02:32','2020-01-19 10:41:25'),
(906,18,205,8,8,'2020-01-19 10:04:36','2020-01-19 10:44:37'),
(907,19,206,11,11,'2020-01-19 10:04:14','2020-01-19 10:41:49'),
(908,20,207,9,9,'2020-01-19 10:02:19','2020-01-19 10:44:36'),
(909,21,208,10,10,'2020-01-19 10:01:04','2020-01-19 10:41:30'),
(910,24,211,6,6,'2020-01-19 10:01:21','2020-01-19 10:43:28'),
(911,32,219,5,5,'2020-01-19 10:01:15','2020-01-19 10:43:55'),
(912,34,221,1,1,'2020-01-19 10:02:15','2020-01-19 10:40:15'),
(913,35,222,4,4,'2020-01-19 10:01:06','2020-01-19 10:43:28'),
(914,36,223,7,7,'2020-01-19 10:02:26','2020-01-19 10:43:39'),
(915,16,203,2,3,'2020-01-19 11:51:28','2020-01-19 15:26:25'),
(916,17,204,3,4,'2020-01-19 11:47:12','2020-01-19 15:46:23'),
(917,18,205,8,1,'2020-01-19 11:51:11','2020-01-19 15:23:32'),
(918,19,206,11,8,'2020-01-19 11:53:30','2020-01-19 15:45:39'),
(919,20,207,9,2,'2020-01-19 11:52:46','2020-01-19 15:34:59'),
(920,21,208,10,6,'2020-01-19 11:56:32','2020-01-19 15:41:32'),
(921,22,209,2,4,'2020-01-19 11:49:09','2020-01-19 15:22:10'),
(922,23,210,2,6,'2020-01-19 11:49:53','2020-01-19 15:40:48'),
(923,24,211,6,10,'2020-01-19 11:48:57','2020-01-19 15:27:21'),
(924,25,212,8,1,'2020-01-19 11:45:16','2020-01-19 15:35:14'),
(925,26,213,9,6,'2020-01-19 11:53:40','2020-01-19 15:33:58'),
(926,27,214,10,2,'2020-01-19 11:54:48','2020-01-19 15:48:15'),
(927,28,215,6,5,'2020-01-19 11:55:50','2020-01-19 15:26:24'),
(928,29,216,3,7,'2020-01-19 11:48:14','2020-01-19 15:38:01'),
(929,30,217,2,10,'2020-01-19 11:51:56','2020-01-19 15:33:16'),
(930,31,218,8,10,'2020-01-19 11:54:00','2020-01-19 15:46:44'),
(931,32,219,5,7,'2020-01-19 11:53:07','2020-01-19 15:44:32'),
(932,33,220,3,2,'2020-01-19 11:52:31','2020-01-19 15:52:29'),
(933,34,221,1,2,'2020-01-19 11:49:30','2020-01-19 15:34:14'),
(934,35,222,4,9,'2020-01-19 11:56:13','2020-01-19 15:50:23'),
(935,36,223,7,6,'2020-01-19 11:51:46','2020-01-19 15:44:08'),
(936,37,224,2,6,'2020-01-19 11:59:10','2020-01-19 15:38:52'),
(937,38,225,8,6,'2020-01-19 11:49:37','2020-01-19 15:38:15'),
(938,39,226,4,1,'2020-01-19 11:56:44','2020-01-19 15:55:58'),
(939,40,227,11,2,'2020-01-19 11:53:53','2020-01-19 15:29:57'),
(940,41,228,9,11,'2020-01-19 11:54:13','2020-01-19 15:25:21'),
(941,42,229,1,8,'2020-01-19 11:48:19','2020-01-19 15:21:11'),
(942,43,230,1,11,'2020-01-19 11:55:21','2020-01-19 15:54:29'),
(943,44,231,5,4,'2020-01-19 11:50:04','2020-01-19 15:25:34'),
(944,45,232,3,7,'2020-01-19 11:49:28','2020-01-19 15:19:54'),
(945,16,203,3,3,'2020-01-19 17:12:06','2020-01-19 17:50:14'),
(946,17,204,4,4,'2020-01-19 17:12:38','2020-01-19 17:47:19'),
(947,18,205,1,1,'2020-01-19 17:13:07','2020-01-19 17:49:21'),
(948,19,206,8,8,'2020-01-19 17:13:57','2020-01-19 17:46:27'),
(949,20,207,2,2,'2020-01-19 17:14:07','2020-01-19 17:51:22'),
(950,21,208,6,6,'2020-01-19 17:14:41','2020-01-19 17:53:04'),
(951,24,211,10,10,'2020-01-19 17:15:34','2020-01-19 17:45:44'),
(952,28,215,5,5,'2020-01-19 17:14:00','2020-01-19 17:49:44'),
(953,29,216,7,7,'2020-01-19 17:12:24','2020-01-19 17:47:10'),
(954,35,222,9,9,'2020-01-19 17:11:31','2020-01-19 17:45:33'),
(955,41,228,11,11,'2020-01-19 17:10:43','2020-01-19 17:41:22'),
(956,16,203,3,3,'2020-01-20 10:02:49','2020-01-20 10:42:52'),
(957,17,204,4,4,'2020-01-20 10:03:11','2020-01-20 10:43:03'),
(958,18,205,1,1,'2020-01-20 10:03:30','2020-01-20 10:40:43'),
(959,19,206,8,8,'2020-01-20 10:03:59','2020-01-20 10:44:58'),
(960,20,207,2,2,'2020-01-20 10:02:38','2020-01-20 10:44:49'),
(961,21,208,6,6,'2020-01-20 10:01:11','2020-01-20 10:42:42'),
(962,24,211,10,10,'2020-01-20 10:01:34','2020-01-20 10:44:02'),
(963,28,215,5,5,'2020-01-20 10:01:31','2020-01-20 10:44:22'),
(964,29,216,7,7,'2020-01-20 10:03:50','2020-01-20 10:42:20'),
(965,35,222,9,9,'2020-01-20 10:03:49','2020-01-20 10:40:36'),
(966,41,228,11,11,'2020-01-20 10:04:22','2020-01-20 10:42:30'),
(967,16,203,3,5,'2020-01-20 11:52:09','2020-01-20 15:29:24'),
(968,17,204,4,1,'2020-01-20 11:57:00','2020-01-20 15:56:14'),
(969,18,205,1,3,'2020-01-20 11:45:04','2020-01-20 15:40:11'),
(970,19,206,8,5,'2020-01-20 11:50:39','2020-01-20 15:38:16'),
(971,20,207,2,7,'2020-01-20 11:52:51','2020-01-20 15:47:49'),
(972,21,208,6,1,'2020-01-20 11:45:28','2020-01-20 15:25:32'),
(973,22,209,4,2,'2020-01-20 11:47:48','2020-01-20 15:38:16'),
(974,23,210,6,10,'2020-01-20 11:46:22','2020-01-20 15:46:05'),
(975,24,211,10,7,'2020-01-20 11:44:44','2020-01-20 15:30:10'),
(976,25,212,1,7,'2020-01-20 11:55:47','2020-01-20 15:26:17'),
(977,26,213,6,3,'2020-01-20 11:55:56','2020-01-20 15:30:20'),
(978,27,214,2,3,'2020-01-20 11:47:49','2020-01-20 15:28:19'),
(979,28,215,5,10,'2020-01-20 11:50:56','2020-01-20 15:44:49'),
(980,29,216,7,3,'2020-01-20 11:47:30','2020-01-20 15:23:09'),
(981,30,217,10,11,'2020-01-20 11:48:13','2020-01-20 15:21:17'),
(982,31,218,10,4,'2020-01-20 11:55:15','2020-01-20 15:36:13'),
(983,32,219,7,11,'2020-01-20 11:50:22','2020-01-20 15:44:45'),
(984,33,220,2,5,'2020-01-20 11:46:53','2020-01-20 15:45:17'),
(985,34,221,2,4,'2020-01-20 11:53:00','2020-01-20 15:47:58'),
(986,35,222,9,1,'2020-01-20 11:50:25','2020-01-20 15:36:27'),
(987,36,223,6,1,'2020-01-20 11:50:26','2020-01-20 15:34:31'),
(988,37,224,6,2,'2020-01-20 11:50:53','2020-01-20 15:40:37'),
(989,38,225,6,7,'2020-01-20 11:53:10','2020-01-20 15:45:09'),
(990,39,226,1,5,'2020-01-20 11:46:34','2020-01-20 15:45:29'),
(991,40,227,2,10,'2020-01-20 11:48:50','2020-01-20 15:46:34'),
(992,41,228,11,10,'2020-01-20 11:54:18','2020-01-20 15:53:06'),
(993,42,229,8,3,'2020-01-20 11:55:39','2020-01-20 15:27:29'),
(994,43,230,11,9,'2020-01-20 11:48:00','2020-01-20 15:47:12'),
(995,44,231,4,5,'2020-01-20 11:52:50','2020-01-20 15:29:56'),
(996,45,232,7,11,'2020-01-20 11:48:55','2020-01-20 15:39:27'),
(997,16,203,5,5,'2020-01-20 17:13:41','2020-01-20 17:45:07'),
(998,17,204,1,1,'2020-01-20 17:12:16','2020-01-20 17:42:47'),
(999,18,205,3,3,'2020-01-20 17:14:20','2020-01-20 17:48:43'),
(1000,20,207,7,7,'2020-01-20 17:15:22','2020-01-20 17:53:49'),
(1001,22,209,2,2,'2020-01-20 17:13:21','2020-01-20 17:47:07'),
(1002,23,210,10,10,'2020-01-20 17:11:08','2020-01-20 17:45:08'),
(1003,30,217,11,11,'2020-01-20 17:16:41','2020-01-20 17:53:28'),
(1004,31,218,4,4,'2020-01-20 17:12:52','2020-01-20 17:49:07'),
(1005,43,230,9,9,'2020-01-20 17:16:08','2020-01-20 17:55:11'),
(1006,16,203,5,5,'2020-01-21 10:04:02','2020-01-21 10:44:45'),
(1007,17,204,1,1,'2020-01-21 10:03:57','2020-01-21 10:43:30'),
(1008,18,205,3,3,'2020-01-21 10:03:38','2020-01-21 10:44:54'),
(1009,20,207,7,7,'2020-01-21 10:04:51','2020-01-21 10:43:39'),
(1010,22,209,2,2,'2020-01-21 10:03:48','2020-01-21 10:40:53'),
(1011,23,210,10,10,'2020-01-21 10:01:02','2020-01-21 10:44:38'),
(1012,30,217,11,11,'2020-01-21 10:02:49','2020-01-21 10:41:11'),
(1013,31,218,4,4,'2020-01-21 10:02:27','2020-01-21 10:42:30'),
(1014,43,230,9,9,'2020-01-21 10:03:28','2020-01-21 10:41:20'),
(1015,16,203,5,1,'2020-01-21 11:50:26','2020-01-21 15:42:03'),
(1016,17,204,1,5,'2020-01-21 11:51:28','2020-01-21 15:28:47'),
(1017,18,205,3,9,'2020-01-21 11:53:22','2020-01-21 15:33:11'),
(1018,19,206,5,4,'2020-01-21 11:47:01','2020-01-21 15:20:21'),
(1019,20,207,7,10,'2020-01-21 11:54:34','2020-01-21 15:26:30'),
(1020,21,208,1,3,'2020-01-21 11:57:48','2020-01-21 15:28:46'),
(1021,22,209,2,1,'2020-01-21 11:53:29','2020-01-21 15:35:38'),
(1022,23,210,10,1,'2020-01-21 11:54:08','2020-01-21 15:47:31'),
(1023,24,211,7,2,'2020-01-21 11:47:35','2020-01-21 15:18:32'),
(1024,25,212,7,5,'2020-01-21 11:49:50','2020-01-21 15:47:06'),
(1025,26,213,3,8,'2020-01-21 11:55:23','2020-01-21 15:37:52'),
(1026,27,214,3,1,'2020-01-21 11:52:22','2020-01-21 15:26:52'),
(1027,28,215,10,11,'2020-01-21 11:49:40','2020-01-21 15:29:08'),
(1028,29,216,3,10,'2020-01-21 11:56:33','2020-01-21 15:40:41'),
(1029,30,217,11,8,'2020-01-21 11:50:43','2020-01-21 15:40:06'),
(1030,31,218,4,6,'2020-01-21 11:49:40','2020-01-21 15:34:27'),
(1031,32,219,11,4,'2020-01-21 11:58:13','2020-01-21 15:53:57'),
(1032,33,220,5,8,'2020-01-21 11:47:23','2020-01-21 15:24:51'),
(1033,34,221,4,6,'2020-01-21 11:48:06','2020-01-21 15:23:58'),
(1034,35,222,1,6,'2020-01-21 11:52:57','2020-01-21 15:38:57'),
(1035,36,223,1,8,'2020-01-21 11:55:58','2020-01-21 15:28:27'),
(1036,37,224,2,5,'2020-01-21 11:48:30','2020-01-21 15:35:57'),
(1037,38,225,7,2,'2020-01-21 11:53:59','2020-01-21 15:48:05'),
(1038,39,226,5,9,'2020-01-21 11:48:05','2020-01-21 15:21:04'),
(1039,40,227,10,1,'2020-01-21 11:46:22','2020-01-21 15:36:29'),
(1040,41,228,10,9,'2020-01-21 11:49:21','2020-01-21 15:33:09'),
(1041,42,229,3,11,'2020-01-21 11:52:35','2020-01-21 15:29:36'),
(1042,43,230,9,1,'2020-01-21 11:58:07','2020-01-21 15:46:19'),
(1043,44,231,5,1,'2020-01-21 11:52:43','2020-01-21 15:23:18'),
(1044,45,232,11,1,'2020-01-21 11:50:11','2020-01-21 15:25:30'),
(1045,16,203,1,1,'2020-01-21 17:15:16','2020-01-21 17:47:39'),
(1046,17,204,5,5,'2020-01-21 17:13:20','2020-01-21 17:51:36'),
(1047,18,205,9,9,'2020-01-21 17:14:52','2020-01-21 17:49:30'),
(1048,19,206,4,4,'2020-01-21 17:13:02','2020-01-21 17:48:00'),
(1049,20,207,10,10,'2020-01-21 17:15:30','2020-01-21 17:47:36'),
(1050,21,208,3,3,'2020-01-21 17:16:07','2020-01-21 17:55:49'),
(1051,24,211,2,2,'2020-01-21 17:19:27','2020-01-21 17:57:11'),
(1052,26,213,8,8,'2020-01-21 17:13:43','2020-01-21 17:45:22'),
(1053,28,215,11,11,'2020-01-21 17:18:49','2020-01-21 17:51:12'),
(1054,31,218,6,6,'2020-01-21 17:17:40','2020-01-21 17:49:52'),
(1055,16,203,1,1,'2020-01-22 10:01:51','2020-01-22 10:43:53'),
(1056,17,204,5,5,'2020-01-22 10:04:55','2020-01-22 10:41:35'),
(1057,18,205,9,9,'2020-01-22 10:03:30','2020-01-22 10:41:57'),
(1058,19,206,4,4,'2020-01-22 10:02:01','2020-01-22 10:44:03'),
(1059,20,207,10,10,'2020-01-22 10:03:31','2020-01-22 10:44:25'),
(1060,21,208,3,3,'2020-01-22 10:02:43','2020-01-22 10:40:47'),
(1061,24,211,2,2,'2020-01-22 10:04:42','2020-01-22 10:40:58'),
(1062,26,213,8,8,'2020-01-22 10:02:40','2020-01-22 10:43:58'),
(1063,28,215,11,11,'2020-01-22 10:01:46','2020-01-22 10:41:02'),
(1064,31,218,6,6,'2020-01-22 10:02:28','2020-01-22 10:44:50'),
(1065,16,203,1,11,'2020-01-22 11:45:53','2020-01-22 15:22:59'),
(1066,17,204,5,1,'2020-01-22 11:50:50','2020-01-22 15:35:51'),
(1067,18,205,9,6,'2020-01-22 11:52:06','2020-01-22 15:43:20'),
(1068,19,206,4,2,'2020-01-22 11:49:28','2020-01-22 15:47:09'),
(1069,20,207,10,5,'2020-01-22 11:45:38','2020-01-22 15:28:41'),
(1070,21,208,3,2,'2020-01-22 11:49:28','2020-01-22 15:41:38'),
(1071,22,209,1,11,'2020-01-22 11:53:10','2020-01-22 15:32:27'),
(1072,23,210,1,11,'2020-01-22 11:48:31','2020-01-22 15:26:46'),
(1073,24,211,2,7,'2020-01-22 11:58:03','2020-01-22 15:33:41'),
(1074,25,212,5,4,'2020-01-22 11:55:12','2020-01-22 15:47:40'),
(1075,26,213,8,11,'2020-01-22 11:53:08','2020-01-22 15:47:46'),
(1076,27,214,1,6,'2020-01-22 11:45:55','2020-01-22 15:32:18'),
(1077,28,215,11,5,'2020-01-22 11:54:16','2020-01-22 15:50:29'),
(1078,29,216,10,5,'2020-01-22 11:50:15','2020-01-22 15:23:14'),
(1079,30,217,8,3,'2020-01-22 11:57:15','2020-01-22 15:42:46'),
(1080,31,218,6,5,'2020-01-22 11:45:56','2020-01-22 15:35:57'),
(1081,32,219,4,11,'2020-01-22 11:51:58','2020-01-22 15:49:25'),
(1082,33,220,8,4,'2020-01-22 11:52:27','2020-01-22 15:38:29'),
(1083,34,221,6,3,'2020-01-22 11:47:17','2020-01-22 15:46:19'),
(1084,35,222,6,11,'2020-01-22 11:55:16','2020-01-22 15:40:28'),
(1085,36,223,8,4,'2020-01-22 11:54:17','2020-01-22 15:49:13'),
(1086,37,224,5,1,'2020-01-22 11:52:38','2020-01-22 15:42:05'),
(1087,38,225,2,1,'2020-01-22 11:52:54','2020-01-22 15:46:31'),
(1088,39,226,9,11,'2020-01-22 11:53:25','2020-01-22 15:35:17'),
(1089,40,227,1,7,'2020-01-22 11:53:53','2020-01-22 15:38:55'),
(1090,41,228,9,11,'2020-01-22 11:50:56','2020-01-22 15:45:06'),
(1091,42,229,11,9,'2020-01-22 11:53:49','2020-01-22 15:28:17'),
(1092,43,230,1,6,'2020-01-22 11:50:04','2020-01-22 15:45:48'),
(1093,44,231,1,7,'2020-01-22 11:55:27','2020-01-22 15:39:26'),
(1094,45,232,1,10,'2020-01-22 11:52:20','2020-01-22 15:35:30'),
(1095,16,203,11,11,'2020-01-22 17:13:35','2020-01-22 17:48:12'),
(1096,17,204,1,1,'2020-01-22 17:14:12','2020-01-22 17:50:04'),
(1097,18,205,6,6,'2020-01-22 17:13:05','2020-01-22 17:50:56'),
(1098,19,206,2,2,'2020-01-22 17:14:21','2020-01-22 17:52:23'),
(1099,20,207,5,5,'2020-01-22 17:12:45','2020-01-22 17:49:23'),
(1100,24,211,7,7,'2020-01-22 17:16:09','2020-01-22 17:55:48'),
(1101,25,212,4,4,'2020-01-22 17:16:53','2020-01-22 17:48:30'),
(1102,30,217,3,3,'2020-01-22 17:16:54','2020-01-22 17:55:56'),
(1103,42,229,9,9,'2020-01-22 17:12:37','2020-01-22 17:52:16'),
(1104,45,232,10,10,'2020-01-22 17:14:45','2020-01-22 17:49:10'),
(1105,16,203,11,11,'2020-01-23 10:02:19','2020-01-23 10:44:37'),
(1106,17,204,1,1,'2020-01-23 10:01:07','2020-01-23 10:40:21'),
(1107,18,205,6,6,'2020-01-23 10:01:45','2020-01-23 10:40:27'),
(1108,19,206,2,2,'2020-01-23 10:04:58','2020-01-23 10:41:26'),
(1109,20,207,5,5,'2020-01-23 10:01:10','2020-01-23 10:40:11'),
(1110,24,211,7,7,'2020-01-23 10:03:13','2020-01-23 10:40:30'),
(1111,25,212,4,4,'2020-01-23 10:02:54','2020-01-23 10:40:39'),
(1112,30,217,3,3,'2020-01-23 10:04:11','2020-01-23 10:40:55'),
(1113,42,229,9,9,'2020-01-23 10:03:41','2020-01-23 10:44:29'),
(1114,45,232,10,10,'2020-01-23 10:03:26','2020-01-23 10:41:51'),
(1115,16,203,11,9,'2020-01-23 11:54:04','2020-01-23 15:46:17'),
(1116,17,204,1,8,'2020-01-23 11:53:31','2020-01-23 15:51:57'),
(1117,18,205,6,11,'2020-01-23 11:51:50','2020-01-23 15:51:02'),
(1118,19,206,2,5,'2020-01-23 11:54:08','2020-01-23 15:42:24'),
(1119,20,207,5,3,'2020-01-23 11:50:57','2020-01-23 15:31:43'),
(1120,21,208,2,5,'2020-01-23 11:57:14','2020-01-23 15:40:39'),
(1121,22,209,11,10,'2020-01-23 11:54:50','2020-01-23 15:39:46'),
(1122,23,210,11,2,'2020-01-23 11:48:36','2020-01-23 15:27:55'),
(1123,24,211,7,9,'2020-01-23 11:48:54','2020-01-23 15:43:09'),
(1124,25,212,4,2,'2020-01-23 11:52:15','2020-01-23 15:27:06'),
(1125,26,213,11,9,'2020-01-23 11:57:24','2020-01-23 15:29:34'),
(1126,27,214,6,4,'2020-01-23 11:57:34','2020-01-23 15:27:36'),
(1127,28,215,5,2,'2020-01-23 11:50:11','2020-01-23 15:27:20'),
(1128,29,216,5,4,'2020-01-23 11:52:52','2020-01-23 15:46:59'),
(1129,30,217,3,9,'2020-01-23 11:58:26','2020-01-23 15:38:52'),
(1130,31,218,5,4,'2020-01-23 11:55:57','2020-01-23 15:28:36'),
(1131,32,219,11,10,'2020-01-23 11:52:54','2020-01-23 15:52:20'),
(1132,33,220,4,3,'2020-01-23 11:53:13','2020-01-23 15:50:57'),
(1133,34,221,3,4,'2020-01-23 11:50:45','2020-01-23 15:47:34'),
(1134,35,222,11,5,'2020-01-23 11:50:01','2020-01-23 15:40:14'),
(1135,36,223,4,9,'2020-01-23 11:52:58','2020-01-23 15:43:59'),
(1136,37,224,1,6,'2020-01-23 11:45:43','2020-01-23 15:40:38'),
(1137,38,225,1,4,'2020-01-23 11:53:48','2020-01-23 15:47:12'),
(1138,39,226,11,7,'2020-01-23 11:48:08','2020-01-23 15:46:12'),
(1139,40,227,7,10,'2020-01-23 11:53:38','2020-01-23 15:41:07'),
(1140,41,228,11,8,'2020-01-23 11:58:04','2020-01-23 15:44:32'),
(1141,42,229,9,6,'2020-01-23 11:45:30','2020-01-23 15:41:16'),
(1142,43,230,6,11,'2020-01-23 11:51:08','2020-01-23 15:43:13'),
(1143,44,231,7,6,'2020-01-23 11:47:58','2020-01-23 15:28:59'),
(1144,45,232,10,3,'2020-01-23 11:48:28','2020-01-23 15:42:22'),
(1145,16,203,9,9,'2020-01-23 17:12:22','2020-01-23 17:50:23'),
(1146,17,204,8,8,'2020-01-23 17:14:58','2020-01-23 17:47:43'),
(1147,18,205,11,11,'2020-01-23 17:10:41','2020-01-23 17:45:00'),
(1148,19,206,5,5,'2020-01-23 17:12:51','2020-01-23 17:45:35'),
(1149,20,207,3,3,'2020-01-23 17:13:17','2020-01-23 17:50:32'),
(1150,22,209,10,10,'2020-01-23 17:15:58','2020-01-23 17:51:45'),
(1151,23,210,2,2,'2020-01-23 17:11:33','2020-01-23 17:48:50'),
(1152,27,214,4,4,'2020-01-23 17:14:32','2020-01-23 17:45:24'),
(1153,37,224,6,6,'2020-01-23 17:15:43','2020-01-23 17:48:31'),
(1154,39,226,7,7,'2020-01-23 17:15:10','2020-01-23 17:50:48'),
(1155,16,203,9,9,'2020-01-24 10:04:30','2020-01-24 10:44:09'),
(1156,17,204,8,8,'2020-01-24 10:03:33','2020-01-24 10:43:35'),
(1157,18,205,11,11,'2020-01-24 10:03:48','2020-01-24 10:41:14'),
(1158,19,206,5,5,'2020-01-24 10:02:37','2020-01-24 10:40:04'),
(1159,20,207,3,3,'2020-01-24 10:04:57','2020-01-24 10:40:03'),
(1160,22,209,10,10,'2020-01-24 10:03:51','2020-01-24 10:42:34'),
(1161,23,210,2,2,'2020-01-24 10:03:47','2020-01-24 10:42:30'),
(1162,27,214,4,4,'2020-01-24 10:03:04','2020-01-24 10:44:03'),
(1163,37,224,6,6,'2020-01-24 10:01:58','2020-01-24 10:41:32'),
(1164,39,226,7,7,'2020-01-24 10:02:02','2020-01-24 10:41:24'),
(1165,16,203,9,10,'2020-01-24 11:55:04','2020-01-24 15:39:57'),
(1166,17,204,8,4,'2020-01-24 11:53:53','2020-01-24 15:52:16'),
(1167,18,205,11,10,'2020-01-24 11:51:36','2020-01-24 15:39:08'),
(1168,19,206,5,11,'2020-01-24 11:50:22','2020-01-24 15:43:46'),
(1169,20,207,3,11,'2020-01-24 11:51:54','2020-01-24 15:29:27'),
(1170,21,208,5,3,'2020-01-24 11:48:29','2020-01-24 15:34:24'),
(1171,22,209,10,3,'2020-01-24 11:49:05','2020-01-24 15:19:58'),
(1172,23,210,2,1,'2020-01-24 11:54:04','2020-01-24 15:37:20'),
(1173,24,211,9,4,'2020-01-24 11:54:30','2020-01-24 15:37:59'),
(1174,25,212,2,3,'2020-01-24 11:50:47','2020-01-24 15:41:49'),
(1175,26,213,9,7,'2020-01-24 11:52:51','2020-01-24 15:31:21'),
(1176,27,214,4,10,'2020-01-24 11:51:26','2020-01-24 15:30:28'),
(1177,28,215,2,4,'2020-01-24 11:46:18','2020-01-24 15:39:44'),
(1178,29,216,4,6,'2020-01-24 11:52:14','2020-01-24 15:39:19'),
(1179,30,217,9,11,'2020-01-24 11:50:51','2020-01-24 15:24:07'),
(1180,31,218,4,6,'2020-01-24 11:53:30','2020-01-24 15:32:25'),
(1181,32,219,10,11,'2020-01-24 11:50:32','2020-01-24 15:43:48'),
(1182,33,220,3,7,'2020-01-24 11:53:44','2020-01-24 15:30:14'),
(1183,34,221,4,5,'2020-01-24 11:52:59','2020-01-24 15:43:21'),
(1184,35,222,5,8,'2020-01-24 11:51:19','2020-01-24 15:22:12'),
(1185,36,223,9,3,'2020-01-24 11:55:14','2020-01-24 15:25:53'),
(1186,37,224,6,7,'2020-01-24 11:52:41','2020-01-24 15:49:33'),
(1187,38,225,4,2,'2020-01-24 11:48:53','2020-01-24 15:30:17'),
(1188,39,226,7,11,'2020-01-24 11:46:51','2020-01-24 15:19:50'),
(1189,40,227,10,6,'2020-01-24 11:54:38','2020-01-24 15:29:45'),
(1190,41,228,8,2,'2020-01-24 11:56:45','2020-01-24 15:55:20'),
(1191,42,229,6,8,'2020-01-24 11:54:37','2020-01-24 15:46:39'),
(1192,43,230,11,4,'2020-01-24 11:55:56','2020-01-24 15:36:18'),
(1193,44,231,6,4,'2020-01-24 11:48:54','2020-01-24 15:45:32'),
(1194,45,232,3,5,'2020-01-24 11:50:40','2020-01-24 15:35:36'),
(1195,16,203,10,10,'2020-01-24 17:11:46','2020-01-24 17:50:54'),
(1196,17,204,4,4,'2020-01-24 17:17:45','2020-01-24 17:55:37'),
(1197,19,206,11,11,'2020-01-24 17:14:34','2020-01-24 17:54:11'),
(1198,21,208,3,3,'2020-01-24 17:16:09','2020-01-24 17:50:21'),
(1199,23,210,1,1,'2020-01-24 17:16:20','2020-01-24 17:50:24'),
(1200,26,213,7,7,'2020-01-24 17:15:24','2020-01-24 17:46:30'),
(1201,29,216,6,6,'2020-01-24 17:17:05','2020-01-24 17:49:44'),
(1202,34,221,5,5,'2020-01-24 17:15:18','2020-01-24 17:48:28'),
(1203,35,222,8,8,'2020-01-24 17:12:29','2020-01-24 17:51:11'),
(1204,38,225,2,2,'2020-01-24 17:18:33','2020-01-24 17:48:54'),
(1205,16,203,10,10,'2020-01-25 10:03:33','2020-01-25 10:43:26'),
(1206,17,204,4,4,'2020-01-25 10:02:43','2020-01-25 10:41:26'),
(1207,19,206,11,11,'2020-01-25 10:04:34','2020-01-25 10:41:06'),
(1208,21,208,3,3,'2020-01-25 10:04:58','2020-01-25 10:44:41'),
(1209,23,210,1,1,'2020-01-25 10:04:34','2020-01-25 10:43:12'),
(1210,26,213,7,7,'2020-01-25 10:03:27','2020-01-25 10:41:50'),
(1211,29,216,6,6,'2020-01-25 10:03:40','2020-01-25 10:44:54'),
(1212,34,221,5,5,'2020-01-25 10:02:29','2020-01-25 10:42:10'),
(1213,35,222,8,8,'2020-01-25 10:01:56','2020-01-25 10:42:03'),
(1214,38,225,2,2,'2020-01-25 10:02:46','2020-01-25 10:40:41'),
(1215,16,203,10,8,'2020-01-25 11:49:10','2020-01-25 15:32:14'),
(1216,17,204,4,1,'2020-01-25 11:52:37','2020-01-25 15:28:25'),
(1217,18,205,10,11,'2020-01-25 11:48:28','2020-01-25 15:19:34'),
(1218,19,206,11,3,'2020-01-25 11:58:19','2020-01-25 15:54:02'),
(1219,20,207,11,4,'2020-01-25 11:49:56','2020-01-25 15:41:31'),
(1220,21,208,3,10,'2020-01-25 11:49:31','2020-01-25 15:44:58'),
(1221,22,209,3,5,'2020-01-25 11:49:34','2020-01-25 15:39:02'),
(1222,23,210,1,11,'2020-01-25 11:46:00','2020-01-25 15:41:06'),
(1223,24,211,4,11,'2020-01-25 11:54:27','2020-01-25 15:46:26'),
(1224,25,212,3,8,'2020-01-25 11:46:23','2020-01-25 15:33:28'),
(1225,26,213,7,10,'2020-01-25 11:49:24','2020-01-25 15:29:56'),
(1226,27,214,10,4,'2020-01-25 11:54:46','2020-01-25 15:46:57'),
(1227,28,215,4,5,'2020-01-25 11:53:43','2020-01-25 15:49:50'),
(1228,29,216,6,11,'2020-01-25 11:55:57','2020-01-25 15:41:47'),
(1229,30,217,11,4,'2020-01-25 11:58:02','2020-01-25 15:37:18'),
(1230,31,218,6,8,'2020-01-25 11:46:56','2020-01-25 15:29:20'),
(1231,32,219,11,8,'2020-01-25 11:53:21','2020-01-25 15:42:40'),
(1232,33,220,7,4,'2020-01-25 11:54:45','2020-01-25 15:51:05'),
(1233,34,221,5,7,'2020-01-25 11:47:41','2020-01-25 15:27:55'),
(1234,35,222,8,11,'2020-01-25 11:51:18','2020-01-25 15:34:18'),
(1235,36,223,3,5,'2020-01-25 11:53:16','2020-01-25 15:35:21'),
(1236,37,224,7,4,'2020-01-25 11:57:54','2020-01-25 15:57:15'),
(1237,38,225,2,11,'2020-01-25 11:45:16','2020-01-25 15:25:58'),
(1238,39,226,11,9,'2020-01-25 11:55:43','2020-01-25 15:48:27'),
(1239,40,227,6,9,'2020-01-25 11:47:47','2020-01-25 15:42:22'),
(1240,41,228,2,8,'2020-01-25 11:47:17','2020-01-25 15:27:03'),
(1241,42,229,8,11,'2020-01-25 11:48:41','2020-01-25 15:42:44'),
(1242,43,230,4,10,'2020-01-25 11:51:33','2020-01-25 15:43:12'),
(1243,44,231,4,2,'2020-01-25 11:51:59','2020-01-25 15:30:08'),
(1244,45,232,5,10,'2020-01-25 11:52:08','2020-01-25 15:23:49'),
(1245,16,203,8,8,'2020-01-25 17:11:12','2020-01-25 17:50:00'),
(1246,17,204,1,1,'2020-01-25 17:10:26','2020-01-25 17:46:32'),
(1247,18,205,11,11,'2020-01-25 17:14:46','2020-01-25 17:49:52'),
(1248,19,206,3,3,'2020-01-25 17:13:20','2020-01-25 17:51:28'),
(1249,20,207,4,4,'2020-01-25 17:13:15','2020-01-25 17:44:52'),
(1250,21,208,10,10,'2020-01-25 17:11:24','2020-01-25 17:45:29'),
(1251,22,209,5,5,'2020-01-25 17:12:08','2020-01-25 17:51:06'),
(1252,34,221,7,7,'2020-01-25 17:12:23','2020-01-25 17:44:19'),
(1253,39,226,9,9,'2020-01-25 17:12:13','2020-01-25 17:48:38'),
(1254,44,231,2,2,'2020-01-25 17:13:12','2020-01-25 17:52:57'),
(1255,16,203,8,8,'2020-01-26 10:03:42','2020-01-26 10:41:46'),
(1256,17,204,1,1,'2020-01-26 10:01:05','2020-01-26 10:42:44'),
(1257,18,205,11,11,'2020-01-26 10:02:03','2020-01-26 10:44:10'),
(1258,19,206,3,3,'2020-01-26 10:02:52','2020-01-26 10:44:23'),
(1259,20,207,4,4,'2020-01-26 10:04:52','2020-01-26 10:42:39'),
(1260,21,208,10,10,'2020-01-26 10:01:44','2020-01-26 10:43:41'),
(1261,22,209,5,5,'2020-01-26 10:04:54','2020-01-26 10:44:07'),
(1262,34,221,7,7,'2020-01-26 10:04:51','2020-01-26 10:40:55'),
(1263,39,226,9,9,'2020-01-26 10:03:19','2020-01-26 10:44:49'),
(1264,44,231,2,2,'2020-01-26 10:03:17','2020-01-26 10:40:59'),
(1265,16,203,8,10,'2020-01-26 11:48:06','2020-01-26 15:21:02'),
(1266,17,204,1,3,'2020-01-26 11:58:06','2020-01-26 15:48:48'),
(1267,18,205,11,9,'2020-01-26 11:54:22','2020-01-26 15:35:53'),
(1268,19,206,3,5,'2020-01-26 11:50:05','2020-01-26 15:49:37'),
(1269,20,207,4,9,'2020-01-26 11:49:01','2020-01-26 15:22:13'),
(1270,21,208,10,7,'2020-01-26 11:48:27','2020-01-26 15:28:29'),
(1271,22,209,5,3,'2020-01-26 11:53:10','2020-01-26 15:35:12'),
(1272,23,210,11,5,'2020-01-26 11:55:12','2020-01-26 15:38:24'),
(1273,24,211,11,7,'2020-01-26 11:49:42','2020-01-26 15:38:43'),
(1274,25,212,8,7,'2020-01-26 11:53:07','2020-01-26 15:23:42'),
(1275,26,213,10,9,'2020-01-26 11:53:27','2020-01-26 15:29:52'),
(1276,27,214,4,7,'2020-01-26 11:51:28','2020-01-26 15:46:24'),
(1277,28,215,5,4,'2020-01-26 11:50:19','2020-01-26 15:32:41'),
(1278,29,216,11,8,'2020-01-26 11:47:07','2020-01-26 15:19:24'),
(1279,30,217,4,11,'2020-01-26 11:43:46','2020-01-26 15:35:07'),
(1280,31,218,8,5,'2020-01-26 11:55:09','2020-01-26 15:29:54'),
(1281,32,219,8,6,'2020-01-26 11:50:21','2020-01-26 15:31:30'),
(1282,33,220,4,11,'2020-01-26 11:53:14','2020-01-26 15:39:10'),
(1283,34,221,7,5,'2020-01-26 11:46:40','2020-01-26 15:20:07'),
(1284,35,222,11,5,'2020-01-26 11:47:19','2020-01-26 15:41:40'),
(1285,36,223,5,4,'2020-01-26 11:49:33','2020-01-26 15:25:54'),
(1286,37,224,4,11,'2020-01-26 11:53:44','2020-01-26 15:25:51'),
(1287,38,225,11,10,'2020-01-26 11:46:19','2020-01-26 15:26:32'),
(1288,39,226,9,1,'2020-01-26 11:47:36','2020-01-26 15:46:16'),
(1289,40,227,9,5,'2020-01-26 11:46:49','2020-01-26 15:42:26'),
(1290,41,228,8,7,'2020-01-26 11:49:47','2020-01-26 15:37:52'),
(1291,42,229,11,4,'2020-01-26 11:52:24','2020-01-26 15:37:53'),
(1292,43,230,10,8,'2020-01-26 11:54:12','2020-01-26 15:34:11'),
(1293,44,231,2,8,'2020-01-26 11:50:00','2020-01-26 15:42:46'),
(1294,45,232,10,8,'2020-01-26 11:45:42','2020-01-26 15:43:58'),
(1295,16,203,10,10,'2020-01-26 17:16:39','2020-01-26 17:54:58'),
(1296,17,204,3,3,'2020-01-26 17:18:27','2020-01-26 17:56:59'),
(1297,18,205,9,9,'2020-01-26 17:12:05','2020-01-26 17:47:58'),
(1298,19,206,5,5,'2020-01-26 17:16:04','2020-01-26 17:48:11'),
(1299,21,208,7,7,'2020-01-26 17:11:28','2020-01-26 17:50:02'),
(1300,28,215,4,4,'2020-01-26 17:15:04','2020-01-26 17:46:36'),
(1301,29,216,8,8,'2020-01-26 17:16:15','2020-01-26 17:52:32'),
(1302,30,217,11,11,'2020-01-26 17:14:23','2020-01-26 17:51:16'),
(1303,32,219,6,6,'2020-01-26 17:14:12','2020-01-26 17:49:53'),
(1304,39,226,1,1,'2020-01-26 17:15:03','2020-01-26 17:53:31'),
(1305,16,203,10,10,'2020-01-27 10:01:05','2020-01-27 10:43:36'),
(1306,17,204,3,3,'2020-01-27 10:03:55','2020-01-27 10:41:43'),
(1307,18,205,9,9,'2020-01-27 10:03:25','2020-01-27 10:43:21'),
(1308,19,206,5,5,'2020-01-27 10:02:05','2020-01-27 10:43:42'),
(1309,21,208,7,7,'2020-01-27 10:02:02','2020-01-27 10:40:44'),
(1310,28,215,4,4,'2020-01-27 10:04:40','2020-01-27 10:44:33'),
(1311,29,216,8,8,'2020-01-27 10:04:25','2020-01-27 10:42:48'),
(1312,30,217,11,11,'2020-01-27 10:01:22','2020-01-27 10:43:30'),
(1313,32,219,6,6,'2020-01-27 10:02:15','2020-01-27 10:44:00'),
(1314,39,226,1,1,'2020-01-27 10:03:06','2020-01-27 10:42:50'),
(1315,16,203,10,4,'2020-01-27 11:56:02','2020-01-27 15:39:22'),
(1316,17,204,3,9,'2020-01-27 11:55:31','2020-01-27 15:33:10'),
(1317,18,205,9,2,'2020-01-27 11:48:07','2020-01-27 15:21:05'),
(1318,19,206,5,1,'2020-01-27 11:53:58','2020-01-27 15:48:19'),
(1319,20,207,9,1,'2020-01-27 11:47:04','2020-01-27 15:28:59'),
(1320,21,208,7,3,'2020-01-27 11:53:49','2020-01-27 15:26:12'),
(1321,22,209,3,7,'2020-01-27 11:50:21','2020-01-27 15:40:21'),
(1322,23,210,5,7,'2020-01-27 11:53:36','2020-01-27 15:53:25'),
(1323,24,211,7,9,'2020-01-27 11:57:06','2020-01-27 15:37:34'),
(1324,25,212,7,11,'2020-01-27 11:56:43','2020-01-27 15:33:13'),
(1325,26,213,9,3,'2020-01-27 11:49:28','2020-01-27 15:36:55'),
(1326,27,214,7,8,'2020-01-27 11:53:46','2020-01-27 15:40:26'),
(1327,28,215,4,11,'2020-01-27 11:56:56','2020-01-27 15:27:02'),
(1328,29,216,8,5,'2020-01-27 11:48:45','2020-01-27 15:40:27'),
(1329,30,217,11,2,'2020-01-27 11:53:24','2020-01-27 15:33:37'),
(1330,31,218,5,8,'2020-01-27 11:53:20','2020-01-27 15:39:11'),
(1331,32,219,6,11,'2020-01-27 11:47:33','2020-01-27 15:41:46'),
(1332,33,220,11,4,'2020-01-27 11:47:14','2020-01-27 15:43:12'),
(1333,34,221,5,2,'2020-01-27 11:57:27','2020-01-27 15:50:51'),
(1334,35,222,5,6,'2020-01-27 11:49:06','2020-01-27 15:24:22'),
(1335,36,223,4,9,'2020-01-27 11:49:23','2020-01-27 15:33:45'),
(1336,37,224,11,7,'2020-01-27 11:55:36','2020-01-27 15:54:37'),
(1337,38,225,10,4,'2020-01-27 11:53:24','2020-01-27 15:41:07'),
(1338,39,226,1,2,'2020-01-27 11:53:54','2020-01-27 15:53:47'),
(1339,40,227,5,6,'2020-01-27 11:47:52','2020-01-27 15:21:06'),
(1340,41,228,7,1,'2020-01-27 11:55:06','2020-01-27 15:25:23'),
(1341,42,229,4,10,'2020-01-27 11:49:12','2020-01-27 15:45:08'),
(1342,43,230,8,6,'2020-01-27 11:49:14','2020-01-27 15:39:02'),
(1343,44,231,8,3,'2020-01-27 11:54:14','2020-01-27 15:49:00'),
(1344,45,232,8,10,'2020-01-27 11:54:48','2020-01-27 15:27:45'),
(1345,16,203,4,4,'2020-01-27 17:12:40','2020-01-27 17:45:17'),
(1346,17,204,9,9,'2020-01-27 17:11:08','2020-01-27 17:49:50'),
(1347,18,205,2,2,'2020-01-27 17:16:17','2020-01-27 17:49:11'),
(1348,19,206,1,1,'2020-01-27 17:16:34','2020-01-27 17:48:18'),
(1349,21,208,3,3,'2020-01-27 17:15:22','2020-01-27 17:48:22'),
(1350,22,209,7,7,'2020-01-27 17:16:38','2020-01-27 17:48:29'),
(1351,25,212,11,11,'2020-01-27 17:19:10','2020-01-27 17:50:16'),
(1352,27,214,8,8,'2020-01-27 17:13:41','2020-01-27 17:48:59'),
(1353,29,216,5,5,'2020-01-27 17:17:16','2020-01-27 17:56:14'),
(1354,35,222,6,6,'2020-01-27 17:15:04','2020-01-27 17:52:39'),
(1355,42,229,10,10,'2020-01-27 17:12:11','2020-01-27 17:43:17'),
(1356,16,203,4,4,'2020-01-28 10:02:24','2020-01-28 10:41:41'),
(1357,17,204,9,9,'2020-01-28 10:03:08','2020-01-28 10:42:49'),
(1358,18,205,2,2,'2020-01-28 10:03:06','2020-01-28 10:40:47'),
(1359,19,206,1,1,'2020-01-28 10:01:55','2020-01-28 10:44:55'),
(1360,21,208,3,3,'2020-01-28 10:02:03','2020-01-28 10:42:51'),
(1361,22,209,7,7,'2020-01-28 10:01:12','2020-01-28 10:41:00'),
(1362,25,212,11,11,'2020-01-28 10:04:03','2020-01-28 10:40:17'),
(1363,27,214,8,8,'2020-01-28 10:03:41','2020-01-28 10:44:18'),
(1364,29,216,5,5,'2020-01-28 10:03:46','2020-01-28 10:42:44'),
(1365,35,222,6,6,'2020-01-28 10:04:38','2020-01-28 10:44:11'),
(1366,42,229,10,10,'2020-01-28 10:03:32','2020-01-28 10:40:35'),
(1367,16,203,4,7,'2020-01-28 11:51:34','2020-01-28 15:27:39'),
(1368,17,204,9,8,'2020-01-28 11:54:01','2020-01-28 15:40:47'),
(1369,18,205,2,1,'2020-01-28 11:50:26','2020-01-28 15:29:42'),
(1370,19,206,1,4,'2020-01-28 11:47:32','2020-01-28 15:31:27'),
(1371,20,207,1,7,'2020-01-28 11:49:58','2020-01-28 15:25:07'),
(1372,21,208,3,7,'2020-01-28 11:50:06','2020-01-28 15:44:50'),
(1373,22,209,7,9,'2020-01-28 11:52:38','2020-01-28 15:48:45'),
(1374,23,210,7,6,'2020-01-28 11:54:55','2020-01-28 15:42:10'),
(1375,24,211,9,11,'2020-01-28 11:49:12','2020-01-28 15:48:18'),
(1376,25,212,11,1,'2020-01-28 11:51:35','2020-01-28 15:48:42'),
(1377,26,213,3,5,'2020-01-28 11:51:11','2020-01-28 15:31:12'),
(1378,27,214,8,10,'2020-01-28 11:49:15','2020-01-28 15:40:14'),
(1379,28,215,11,7,'2020-01-28 11:54:58','2020-01-28 15:42:54'),
(1380,29,216,5,7,'2020-01-28 11:54:27','2020-01-28 15:52:11'),
(1381,30,217,2,6,'2020-01-28 11:51:43','2020-01-28 15:31:18'),
(1382,31,218,8,6,'2020-01-28 11:57:23','2020-01-28 15:56:58'),
(1383,32,219,11,4,'2020-01-28 11:57:25','2020-01-28 15:33:51'),
(1384,33,220,4,2,'2020-01-28 11:51:27','2020-01-28 15:43:09'),
(1385,34,221,2,6,'2020-01-28 11:48:58','2020-01-28 15:23:19'),
(1386,35,222,6,5,'2020-01-28 11:51:06','2020-01-28 15:45:56'),
(1387,36,223,9,7,'2020-01-28 11:53:56','2020-01-28 15:43:53'),
(1388,37,224,7,5,'2020-01-28 11:48:33','2020-01-28 15:37:03'),
(1389,38,225,4,3,'2020-01-28 11:53:02','2020-01-28 15:45:48'),
(1390,39,226,2,1,'2020-01-28 11:49:18','2020-01-28 15:30:21'),
(1391,40,227,6,9,'2020-01-28 11:51:24','2020-01-28 15:36:38'),
(1392,41,228,1,6,'2020-01-28 11:53:17','2020-01-28 15:50:34'),
(1393,42,229,10,7,'2020-01-28 11:50:58','2020-01-28 15:40:42'),
(1394,43,230,6,4,'2020-01-28 11:58:59','2020-01-28 15:55:25'),
(1395,44,231,3,4,'2020-01-28 11:50:29','2020-01-28 15:50:06'),
(1396,45,232,10,3,'2020-01-28 11:46:51','2020-01-28 15:26:32'),
(1397,16,203,7,7,'2020-01-28 17:16:02','2020-01-28 17:52:41'),
(1398,17,204,8,8,'2020-01-28 17:17:37','2020-01-28 17:53:33'),
(1399,18,205,1,1,'2020-01-28 17:14:42','2020-01-28 17:46:48'),
(1400,19,206,4,4,'2020-01-28 17:12:25','2020-01-28 17:45:20'),
(1401,22,209,9,9,'2020-01-28 17:11:37','2020-01-28 17:45:23'),
(1402,23,210,6,6,'2020-01-28 17:13:02','2020-01-28 17:45:33'),
(1403,24,211,11,11,'2020-01-28 17:13:03','2020-01-28 17:49:18'),
(1404,26,213,5,5,'2020-01-28 17:15:45','2020-01-28 17:49:02'),
(1405,27,214,10,10,'2020-01-28 17:14:31','2020-01-28 17:46:13'),
(1406,33,220,2,2,'2020-01-28 17:16:17','2020-01-28 17:54:02'),
(1407,38,225,3,3,'2020-01-28 17:16:09','2020-01-28 17:52:03'),
(1408,16,203,7,7,'2020-01-29 10:02:40','2020-01-29 10:42:41'),
(1409,17,204,8,8,'2020-01-29 10:04:23','2020-01-29 10:44:49'),
(1410,18,205,1,1,'2020-01-29 10:04:16','2020-01-29 10:43:04'),
(1411,19,206,4,4,'2020-01-29 10:01:58','2020-01-29 10:42:35'),
(1412,22,209,9,9,'2020-01-29 10:04:19','2020-01-29 10:41:17'),
(1413,23,210,6,6,'2020-01-29 10:01:08','2020-01-29 10:43:00'),
(1414,24,211,11,11,'2020-01-29 10:02:06','2020-01-29 10:44:31'),
(1415,26,213,5,5,'2020-01-29 10:04:20','2020-01-29 10:40:36'),
(1416,27,214,10,10,'2020-01-29 10:01:17','2020-01-29 10:42:01'),
(1417,33,220,2,2,'2020-01-29 10:04:08','2020-01-29 10:40:09'),
(1418,38,225,3,3,'2020-01-29 10:04:48','2020-01-29 10:42:39'),
(1419,16,203,7,10,'2020-01-29 11:44:42','2020-01-29 15:43:51'),
(1420,17,204,8,11,'2020-01-29 11:52:16','2020-01-29 15:26:21'),
(1421,18,205,1,5,'2020-01-29 11:54:00','2020-01-29 15:46:46'),
(1422,19,206,4,7,'2020-01-29 11:54:37','2020-01-29 15:33:41'),
(1423,20,207,7,4,'2020-01-29 11:47:15','2020-01-29 15:24:22'),
(1424,21,208,7,5,'2020-01-29 11:48:15','2020-01-29 15:44:25'),
(1425,22,209,9,4,'2020-01-29 11:55:34','2020-01-29 15:45:41'),
(1426,23,210,6,3,'2020-01-29 11:44:42','2020-01-29 15:43:50'),
(1427,24,211,11,1,'2020-01-29 11:48:59','2020-01-29 15:34:58'),
(1428,25,212,1,9,'2020-01-29 11:49:02','2020-01-29 15:31:45'),
(1429,26,213,5,2,'2020-01-29 11:53:53','2020-01-29 15:48:10'),
(1430,27,214,10,1,'2020-01-29 11:54:47','2020-01-29 15:43:52'),
(1431,28,215,7,1,'2020-01-29 11:58:08','2020-01-29 15:42:29'),
(1432,29,216,7,2,'2020-01-29 11:56:27','2020-01-29 15:31:15'),
(1433,30,217,6,4,'2020-01-29 11:48:33','2020-01-29 15:47:40'),
(1434,31,218,6,3,'2020-01-29 11:53:47','2020-01-29 15:34:45'),
(1435,32,219,4,10,'2020-01-29 11:46:10','2020-01-29 15:26:37'),
(1436,33,220,2,6,'2020-01-29 11:48:14','2020-01-29 15:28:38'),
(1437,34,221,6,5,'2020-01-29 11:49:13','2020-01-29 15:31:10'),
(1438,35,222,5,4,'2020-01-29 11:52:28','2020-01-29 15:38:18'),
(1439,36,223,7,3,'2020-01-29 11:56:53','2020-01-29 15:45:18'),
(1440,37,224,5,10,'2020-01-29 11:44:53','2020-01-29 15:39:38'),
(1441,38,225,3,11,'2020-01-29 11:48:37','2020-01-29 15:42:14'),
(1442,39,226,1,7,'2020-01-29 11:51:38','2020-01-29 15:35:48'),
(1443,40,227,9,5,'2020-01-29 11:51:33','2020-01-29 15:27:13'),
(1444,41,228,6,2,'2020-01-29 11:54:07','2020-01-29 15:51:44'),
(1445,42,229,7,2,'2020-01-29 11:58:26','2020-01-29 15:57:15'),
(1446,43,230,4,7,'2020-01-29 11:53:57','2020-01-29 15:32:50'),
(1447,44,231,4,10,'2020-01-29 11:55:21','2020-01-29 15:46:37'),
(1448,45,232,3,5,'2020-01-29 11:50:43','2020-01-29 15:32:43'),
(1449,16,203,10,10,'2020-01-29 17:12:48','2020-01-29 17:50:46'),
(1450,17,204,11,11,'2020-01-29 17:11:24','2020-01-29 17:44:05'),
(1451,18,205,5,5,'2020-01-29 17:14:54','2020-01-29 17:45:51'),
(1452,19,206,7,7,'2020-01-29 17:13:49','2020-01-29 17:45:04'),
(1453,20,207,4,4,'2020-01-29 17:12:11','2020-01-29 17:49:34'),
(1454,23,210,3,3,'2020-01-29 17:13:54','2020-01-29 17:50:56'),
(1455,24,211,1,1,'2020-01-29 17:16:25','2020-01-29 17:47:10'),
(1456,25,212,9,9,'2020-01-29 17:14:23','2020-01-29 17:52:54'),
(1457,26,213,2,2,'2020-01-29 17:11:56','2020-01-29 17:44:03'),
(1458,33,220,6,6,'2020-01-29 17:17:19','2020-01-29 17:55:45'),
(1459,16,203,10,10,'2020-01-30 10:02:42','2020-01-30 10:44:11'),
(1460,17,204,11,11,'2020-01-30 10:03:07','2020-01-30 10:41:48'),
(1461,18,205,5,5,'2020-01-30 10:03:18','2020-01-30 10:41:15'),
(1462,19,206,7,7,'2020-01-30 10:01:17','2020-01-30 10:44:03'),
(1463,20,207,4,4,'2020-01-30 10:01:56','2020-01-30 10:44:30'),
(1464,23,210,3,3,'2020-01-30 10:04:50','2020-01-30 10:41:56'),
(1465,24,211,1,1,'2020-01-30 10:02:45','2020-01-30 10:43:22'),
(1466,25,212,9,9,'2020-01-30 10:04:08','2020-01-30 10:41:45'),
(1467,26,213,2,2,'2020-01-30 10:01:34','2020-01-30 10:43:07'),
(1468,33,220,6,6,'2020-01-30 10:03:03','2020-01-30 10:40:13'),
(1469,16,203,10,4,'2020-01-30 11:47:32','2020-01-30 15:25:20'),
(1470,17,204,11,4,'2020-01-30 11:52:05','2020-01-30 15:40:06'),
(1471,18,205,5,4,'2020-01-30 11:52:00','2020-01-30 15:27:12'),
(1472,19,206,7,9,'2020-01-30 11:50:33','2020-01-30 15:37:55'),
(1473,20,207,4,8,'2020-01-30 11:50:22','2020-01-30 15:44:56'),
(1474,21,208,5,11,'2020-01-30 11:55:08','2020-01-30 15:53:53'),
(1475,22,209,4,2,'2020-01-30 11:54:06','2020-01-30 15:53:29'),
(1476,23,210,3,4,'2020-01-30 11:56:14','2020-01-30 15:52:25'),
(1477,24,211,1,3,'2020-01-30 11:52:10','2020-01-30 15:45:24'),
(1478,25,212,9,7,'2020-01-30 11:52:33','2020-01-30 15:36:48'),
(1479,26,213,2,6,'2020-01-30 11:55:13','2020-01-30 15:37:32'),
(1480,27,214,1,5,'2020-01-30 11:55:34','2020-01-30 15:35:27'),
(1481,28,215,1,11,'2020-01-30 11:48:35','2020-01-30 15:29:28'),
(1482,29,216,2,10,'2020-01-30 11:52:31','2020-01-30 15:40:51'),
(1483,30,217,4,9,'2020-01-30 11:49:29','2020-01-30 15:45:25'),
(1484,31,218,3,2,'2020-01-30 11:55:35','2020-01-30 15:38:57'),
(1485,32,219,10,2,'2020-01-30 11:57:09','2020-01-30 15:53:23'),
(1486,33,220,6,2,'2020-01-30 11:51:55','2020-01-30 15:33:21'),
(1487,34,221,5,11,'2020-01-30 11:52:21','2020-01-30 15:30:00'),
(1488,35,222,4,1,'2020-01-30 11:52:46','2020-01-30 15:35:14'),
(1489,36,223,3,10,'2020-01-30 11:45:04','2020-01-30 15:40:58'),
(1490,37,224,10,7,'2020-01-30 11:56:08','2020-01-30 15:32:50'),
(1491,38,225,11,6,'2020-01-30 11:50:51','2020-01-30 15:37:23'),
(1492,39,226,7,3,'2020-01-30 11:49:20','2020-01-30 15:49:18'),
(1493,40,227,5,1,'2020-01-30 11:56:28','2020-01-30 15:56:20'),
(1494,41,228,2,4,'2020-01-30 11:55:45','2020-01-30 15:41:28'),
(1495,42,229,2,11,'2020-01-30 11:55:45','2020-01-30 15:37:46'),
(1496,43,230,7,3,'2020-01-30 11:49:35','2020-01-30 15:35:04'),
(1497,44,231,10,2,'2020-01-30 11:47:11','2020-01-30 15:32:09'),
(1498,45,232,5,3,'2020-01-30 11:50:29','2020-01-30 15:22:35'),
(1499,16,203,4,4,'2020-01-30 17:11:45','2020-01-30 17:45:58'),
(1500,19,206,9,9,'2020-01-30 17:14:47','2020-01-30 17:54:33'),
(1501,20,207,8,8,'2020-01-30 17:12:51','2020-01-30 17:50:44'),
(1502,21,208,11,11,'2020-01-30 17:16:46','2020-01-30 17:52:39'),
(1503,22,209,2,2,'2020-01-30 17:13:37','2020-01-30 17:44:47'),
(1504,24,211,3,3,'2020-01-30 17:14:28','2020-01-30 17:53:24'),
(1505,25,212,7,7,'2020-01-30 17:15:51','2020-01-30 17:48:17'),
(1506,26,213,6,6,'2020-01-30 17:11:22','2020-01-30 17:47:07'),
(1507,27,214,5,5,'2020-01-30 17:15:31','2020-01-30 17:46:25'),
(1508,29,216,10,10,'2020-01-30 17:16:27','2020-01-30 17:49:05'),
(1509,35,222,1,1,'2020-01-30 17:15:12','2020-01-30 17:45:43'),
(1510,16,203,4,4,'2020-01-31 10:03:34','2020-01-31 10:41:12'),
(1511,19,206,9,9,'2020-01-31 10:04:06','2020-01-31 10:41:24'),
(1512,20,207,8,8,'2020-01-31 10:04:24','2020-01-31 10:40:23'),
(1513,21,208,11,11,'2020-01-31 10:04:36','2020-01-31 10:40:18'),
(1514,22,209,2,2,'2020-01-31 10:02:53','2020-01-31 10:40:57'),
(1515,24,211,3,3,'2020-01-31 10:01:02','2020-01-31 10:42:17'),
(1516,25,212,7,7,'2020-01-31 10:01:08','2020-01-31 10:42:26'),
(1517,26,213,6,6,'2020-01-31 10:04:36','2020-01-31 10:42:52'),
(1518,27,214,5,5,'2020-01-31 10:01:36','2020-01-31 10:43:49'),
(1519,29,216,10,10,'2020-01-31 10:03:51','2020-01-31 10:40:54'),
(1520,35,222,1,1,'2020-01-31 10:03:13','2020-01-31 10:44:22'),
(1521,16,203,4,9,'2020-01-31 11:52:34','2020-01-31 15:46:39'),
(1522,17,204,4,2,'2020-01-31 11:45:22','2020-01-31 15:21:38'),
(1523,18,205,4,1,'2020-01-31 11:48:02','2020-01-31 15:33:11'),
(1524,19,206,9,1,'2020-01-31 11:55:53','2020-01-31 15:29:58'),
(1525,20,207,8,4,'2020-01-31 11:54:42','2020-01-31 15:25:11'),
(1526,21,208,11,8,'2020-01-31 11:51:27','2020-01-31 15:48:35'),
(1527,22,209,2,4,'2020-01-31 11:49:13','2020-01-31 15:39:28'),
(1528,23,210,4,5,'2020-01-31 11:49:17','2020-01-31 15:31:40'),
(1529,24,211,3,11,'2020-01-31 11:53:02','2020-01-31 15:40:56'),
(1530,25,212,7,1,'2020-01-31 11:48:27','2020-01-31 15:26:54'),
(1531,26,213,6,11,'2020-01-31 11:49:08','2020-01-31 15:33:36'),
(1532,27,214,5,10,'2020-01-31 11:56:35','2020-01-31 15:56:20'),
(1533,28,215,11,7,'2020-01-31 11:48:58','2020-01-31 15:28:55'),
(1534,29,216,10,11,'2020-01-31 11:56:57','2020-01-31 15:45:14'),
(1535,30,217,9,7,'2020-01-31 11:57:46','2020-01-31 15:34:38'),
(1536,31,218,2,4,'2020-01-31 11:50:05','2020-01-31 15:30:19'),
(1537,32,219,2,9,'2020-01-31 11:50:14','2020-01-31 15:49:51'),
(1538,33,220,2,10,'2020-01-31 11:54:26','2020-01-31 15:27:03'),
(1539,34,221,11,10,'2020-01-31 11:47:09','2020-01-31 15:46:51'),
(1540,35,222,1,8,'2020-01-31 11:53:32','2020-01-31 15:40:48'),
(1541,36,223,10,7,'2020-01-31 11:47:34','2020-01-31 15:44:19'),
(1542,37,224,7,9,'2020-01-31 11:48:38','2020-01-31 15:36:07'),
(1543,38,225,6,5,'2020-01-31 11:54:12','2020-01-31 15:30:04'),
(1544,39,226,3,7,'2020-01-31 11:47:29','2020-01-31 15:17:49'),
(1545,40,227,1,3,'2020-01-31 11:47:54','2020-01-31 15:31:30'),
(1546,41,228,4,3,'2020-01-31 11:49:22','2020-01-31 15:25:51'),
(1547,42,229,11,9,'2020-01-31 11:53:41','2020-01-31 15:50:59'),
(1548,43,230,3,11,'2020-01-31 11:52:32','2020-01-31 15:49:16'),
(1549,44,231,2,4,'2020-01-31 11:50:52','2020-01-31 15:40:34'),
(1550,45,232,3,6,'2020-01-31 11:46:20','2020-01-31 15:42:55'),
(1551,16,203,9,9,'2020-01-31 17:16:19','2020-01-31 17:49:45'),
(1552,17,204,2,2,'2020-01-31 17:09:44','2020-01-31 17:45:34'),
(1553,18,205,1,1,'2020-01-31 17:18:59','2020-01-31 17:55:21'),
(1554,20,207,4,4,'2020-01-31 17:15:17','2020-01-31 17:48:46'),
(1555,21,208,8,8,'2020-01-31 17:12:47','2020-01-31 17:46:19'),
(1556,23,210,5,5,'2020-01-31 17:10:57','2020-01-31 17:48:46'),
(1557,24,211,11,11,'2020-01-31 17:16:27','2020-01-31 17:49:49'),
(1558,27,214,10,10,'2020-01-31 17:16:28','2020-01-31 17:51:53'),
(1559,28,215,7,7,'2020-01-31 17:11:44','2020-01-31 17:47:31'),
(1560,40,227,3,3,'2020-01-31 17:16:46','2020-01-31 17:52:54'),
(1561,45,232,6,6,'2020-01-31 17:17:05','2020-01-31 17:55:55');

INSERT INTO kursy_paczkomaty VALUES
(46,20,'2020-01-02 20:02:28','2020-01-02 20:45:24'),
(46,21,'2020-01-02 20:45:24','2020-01-02 21:28:20'),
(47,16,'2020-01-02 20:07:52','2020-01-02 20:44:26'),
(47,17,'2020-01-02 20:44:26','2020-01-02 21:21:00'),
(48,18,'2020-01-02 20:03:02','2020-01-02 20:45:32'),
(48,19,'2020-01-02 20:45:32','2020-01-02 21:28:02'),
(49,14,'2020-01-02 20:09:06','2020-01-02 20:47:36'),
(49,15,'2020-01-02 20:47:36','2020-01-02 21:26:06'),
(50,5,'2020-01-03 16:10:28','2020-01-03 16:51:50'),
(50,6,'2020-01-03 16:51:50','2020-01-03 17:33:12'),
(50,7,'2020-01-03 17:33:12','2020-01-03 18:14:34'),
(50,8,'2020-01-03 18:14:34','2020-01-03 18:55:56'),
(51,12,'2020-01-02 20:07:56','2020-01-02 20:45:51'),
(51,13,'2020-01-02 20:45:51','2020-01-02 21:23:46'),
(52,9,'2020-01-03 06:07:03','2020-01-03 06:46:56'),
(52,10,'2020-01-03 06:46:56','2020-01-03 07:26:49'),
(52,11,'2020-01-03 07:26:49','2020-01-03 08:06:42'),
(53,22,'2020-01-02 10:01:48','2020-01-02 10:41:27'),
(54,1,'2020-01-03 16:12:56','2020-01-03 16:54:37'),
(54,2,'2020-01-03 16:54:37','2020-01-03 17:36:18'),
(54,3,'2020-01-03 17:36:18','2020-01-03 18:17:59'),
(54,4,'2020-01-03 18:17:59','2020-01-03 18:59:40'),
(55,23,'2020-01-02 10:04:10','2020-01-02 10:40:36'),
(56,24,'2020-01-02 10:04:35','2020-01-02 10:42:55'),
(87,12,'2020-01-03 10:28:50','2020-01-03 11:06:26'),
(87,13,'2020-01-03 11:06:26','2020-01-03 11:44:02'),
(88,24,'2020-01-02 17:15:56','2020-01-02 17:55:46'),
(89,22,'2020-01-02 17:15:04','2020-01-02 17:53:19'),
(90,18,'2020-01-03 10:28:06','2020-01-03 11:02:55'),
(90,19,'2020-01-03 11:02:55','2020-01-03 11:37:44'),
(91,16,'2020-01-03 10:33:44','2020-01-03 11:09:11'),
(91,17,'2020-01-03 11:09:11','2020-01-03 11:44:38'),
(92,14,'2020-01-03 10:23:14','2020-01-03 11:02:12'),
(92,15,'2020-01-03 11:02:12','2020-01-03 11:41:10'),
(93,20,'2020-01-03 10:20:46','2020-01-03 10:55:02'),
(93,21,'2020-01-03 10:55:02','2020-01-03 11:29:18'),
(94,9,'2020-01-04 03:40:06','2020-01-04 04:13:59'),
(94,10,'2020-01-04 04:13:59','2020-01-04 04:47:52'),
(94,11,'2020-01-04 04:47:52','2020-01-04 05:21:45'),
(95,5,'2020-01-04 20:56:48','2020-01-04 21:32:25'),
(95,6,'2020-01-04 21:32:25','2020-01-04 22:08:02'),
(95,7,'2020-01-04 22:08:02','2020-01-04 22:43:39'),
(95,8,'2020-01-04 22:43:39','2020-01-04 23:19:16'),
(96,1,'2020-01-04 20:49:28','2020-01-04 21:24:12'),
(96,2,'2020-01-04 21:24:12','2020-01-04 21:58:56'),
(96,3,'2020-01-04 21:58:56','2020-01-04 22:33:40'),
(96,4,'2020-01-04 22:33:40','2020-01-04 23:08:24'),
(97,23,'2020-01-02 17:14:54','2020-01-02 17:54:13'),
(98,12,'2020-01-03 20:09:16','2020-01-03 20:47:13'),
(98,13,'2020-01-03 20:47:13','2020-01-03 21:25:10'),
(99,24,'2020-01-03 10:03:51','2020-01-03 10:44:54'),
(100,22,'2020-01-03 10:03:32','2020-01-03 10:42:35'),
(101,18,'2020-01-03 20:07:10','2020-01-03 20:44:33'),
(101,19,'2020-01-03 20:44:33','2020-01-03 21:21:56'),
(102,16,'2020-01-03 20:08:14','2020-01-03 20:48:44'),
(102,17,'2020-01-03 20:48:44','2020-01-03 21:29:14'),
(103,14,'2020-01-03 20:08:42','2020-01-03 20:48:40'),
(103,15,'2020-01-03 20:48:40','2020-01-03 21:28:38'),
(104,20,'2020-01-03 20:03:36','2020-01-03 20:46:01'),
(104,21,'2020-01-03 20:46:01','2020-01-03 21:28:26'),
(105,9,'2020-01-04 06:13:45','2020-01-04 06:50:22'),
(105,10,'2020-01-04 06:50:22','2020-01-04 07:26:59'),
(105,11,'2020-01-04 07:26:59','2020-01-04 08:03:36'),
(106,5,'2020-01-04 16:10:04','2020-01-04 16:49:47'),
(106,6,'2020-01-04 16:49:47','2020-01-04 17:29:30'),
(106,7,'2020-01-04 17:29:30','2020-01-04 18:09:13'),
(106,8,'2020-01-04 18:09:13','2020-01-04 18:48:56'),
(107,1,'2020-01-04 16:05:40','2020-01-04 16:49:11'),
(107,2,'2020-01-04 16:49:11','2020-01-04 17:32:42'),
(107,3,'2020-01-04 17:32:42','2020-01-04 18:16:13'),
(107,4,'2020-01-04 18:16:13','2020-01-04 18:59:44'),
(108,23,'2020-01-03 10:03:53','2020-01-03 10:40:36'),
(139,24,'2020-01-03 17:15:54','2020-01-03 17:47:20'),
(140,12,'2020-01-04 10:35:36','2020-01-04 11:13:06'),
(140,13,'2020-01-04 11:13:06','2020-01-04 11:50:36'),
(141,5,'2020-01-05 20:48:20','2020-01-05 21:20:48'),
(141,6,'2020-01-05 21:20:48','2020-01-05 21:53:16'),
(141,7,'2020-01-05 21:53:16','2020-01-05 22:25:44'),
(141,8,'2020-01-05 22:25:44','2020-01-05 22:58:12'),
(142,18,'2020-01-04 10:27:30','2020-01-04 11:04:20'),
(142,19,'2020-01-04 11:04:20','2020-01-04 11:41:10'),
(143,23,'2020-01-03 17:13:53','2020-01-03 17:53:22'),
(144,1,'2020-01-05 20:58:52','2020-01-05 21:37:21'),
(144,2,'2020-01-05 21:37:21','2020-01-05 22:15:50'),
(144,3,'2020-01-05 22:15:50','2020-01-05 22:54:19'),
(144,4,'2020-01-05 22:54:19','2020-01-05 23:32:48'),
(145,9,'2020-01-05 03:42:33','2020-01-05 04:15:59'),
(145,10,'2020-01-05 04:15:59','2020-01-05 04:49:25'),
(145,11,'2020-01-05 04:49:25','2020-01-05 05:22:51'),
(146,22,'2020-01-03 17:14:03','2020-01-03 17:48:50'),
(147,14,'2020-01-04 10:37:34','2020-01-04 11:14:39'),
(147,15,'2020-01-04 11:14:39','2020-01-04 11:51:44'),
(148,16,'2020-01-04 10:28:58','2020-01-04 11:00:32'),
(148,17,'2020-01-04 11:00:32','2020-01-04 11:32:06'),
(149,24,'2020-01-04 10:01:58','2020-01-04 10:40:26'),
(150,12,'2020-01-04 20:04:06','2020-01-04 20:42:53'),
(150,13,'2020-01-04 20:42:53','2020-01-04 21:21:40'),
(151,5,'2020-01-05 16:04:08','2020-01-05 16:46:41'),
(151,6,'2020-01-05 16:46:41','2020-01-05 17:29:14'),
(151,7,'2020-01-05 17:29:14','2020-01-05 18:11:47'),
(151,8,'2020-01-05 18:11:47','2020-01-05 18:54:20'),
(152,18,'2020-01-04 20:03:04','2020-01-04 20:44:10'),
(152,19,'2020-01-04 20:44:10','2020-01-04 21:25:16'),
(153,23,'2020-01-04 10:01:21','2020-01-04 10:44:51'),
(154,1,'2020-01-05 16:05:44','2020-01-05 16:48:57'),
(154,2,'2020-01-05 16:48:57','2020-01-05 17:32:10'),
(154,3,'2020-01-05 17:32:10','2020-01-05 18:15:23'),
(154,4,'2020-01-05 18:15:23','2020-01-05 18:58:36'),
(155,9,'2020-01-05 06:07:51','2020-01-05 06:45:25'),
(155,10,'2020-01-05 06:45:25','2020-01-05 07:22:59'),
(155,11,'2020-01-05 07:22:59','2020-01-05 08:00:33'),
(156,22,'2020-01-04 10:03:28','2020-01-04 10:43:45'),
(157,14,'2020-01-04 20:08:34','2020-01-04 20:45:52'),
(157,15,'2020-01-04 20:45:52','2020-01-04 21:23:10'),
(158,16,'2020-01-04 20:05:26','2020-01-04 20:43:23'),
(158,17,'2020-01-04 20:43:23','2020-01-04 21:21:20'),
(189,18,'2020-01-05 10:29:06','2020-01-05 11:07:03'),
(189,19,'2020-01-05 11:07:03','2020-01-05 11:45:00'),
(190,9,'2020-01-06 03:44:57','2020-01-06 04:17:22'),
(190,10,'2020-01-06 04:17:22','2020-01-06 04:49:47'),
(190,11,'2020-01-06 04:49:47','2020-01-06 05:22:12'),
(191,12,'2020-01-05 10:29:30','2020-01-05 11:08:00'),
(191,13,'2020-01-05 11:08:00','2020-01-05 11:46:30'),
(192,16,'2020-01-05 10:33:38','2020-01-05 11:11:12'),
(192,17,'2020-01-05 11:11:12','2020-01-05 11:48:46'),
(193,14,'2020-01-05 10:31:26','2020-01-05 11:02:24'),
(193,15,'2020-01-05 11:02:24','2020-01-05 11:33:22'),
(194,20,'2020-01-05 10:33:18','2020-01-05 11:08:58'),
(194,21,'2020-01-05 11:08:58','2020-01-05 11:44:38'),
(195,1,'2020-01-06 21:14:52','2020-01-06 21:53:03'),
(195,2,'2020-01-06 21:53:03','2020-01-06 22:31:14'),
(195,3,'2020-01-06 22:31:14','2020-01-06 23:09:25'),
(195,4,'2020-01-06 23:09:25','2020-01-06 23:47:36'),
(196,5,'2020-01-06 21:02:04','2020-01-06 21:35:42'),
(196,6,'2020-01-06 21:35:42','2020-01-06 22:09:20'),
(196,7,'2020-01-06 22:09:20','2020-01-06 22:42:58'),
(196,8,'2020-01-06 22:42:58','2020-01-06 23:16:36'),
(197,23,'2020-01-04 17:15:27','2020-01-04 17:50:18'),
(198,24,'2020-01-04 17:15:26','2020-01-04 17:47:35'),
(199,18,'2020-01-05 20:07:52','2020-01-05 20:46:20'),
(199,19,'2020-01-05 20:46:20','2020-01-05 21:24:48'),
(200,9,'2020-01-06 06:06:36','2020-01-06 06:49:17'),
(200,10,'2020-01-06 06:49:17','2020-01-06 07:31:58'),
(200,11,'2020-01-06 07:31:58','2020-01-06 08:14:39'),
(201,12,'2020-01-05 20:05:00','2020-01-05 20:42:40'),
(201,13,'2020-01-05 20:42:40','2020-01-05 21:20:20'),
(202,16,'2020-01-05 20:06:30','2020-01-05 20:46:27'),
(202,17,'2020-01-05 20:46:27','2020-01-05 21:26:24'),
(203,14,'2020-01-05 20:07:48','2020-01-05 20:44:20'),
(203,15,'2020-01-05 20:44:20','2020-01-05 21:20:52'),
(204,20,'2020-01-05 20:09:06','2020-01-05 20:47:28'),
(204,21,'2020-01-05 20:47:28','2020-01-05 21:25:50'),
(205,1,'2020-01-06 16:15:08','2020-01-06 16:54:00'),
(205,2,'2020-01-06 16:54:00','2020-01-06 17:32:52'),
(205,3,'2020-01-06 17:32:52','2020-01-06 18:11:44'),
(205,4,'2020-01-06 18:11:44','2020-01-06 18:50:36'),
(206,5,'2020-01-06 16:17:40','2020-01-06 16:56:35'),
(206,6,'2020-01-06 16:56:35','2020-01-06 17:35:30'),
(206,7,'2020-01-06 17:35:30','2020-01-06 18:14:25'),
(206,8,'2020-01-06 18:14:25','2020-01-06 18:53:20'),
(207,23,'2020-01-05 10:02:36','2020-01-05 10:40:19'),
(208,24,'2020-01-05 10:04:57','2020-01-05 10:44:30'),
(239,20,'2020-01-06 10:32:52','2020-01-06 11:05:24'),
(239,21,'2020-01-06 11:05:24','2020-01-06 11:37:56'),
(240,24,'2020-01-05 17:13:09','2020-01-05 17:52:40'),
(241,18,'2020-01-06 10:25:52','2020-01-06 11:00:14'),
(241,19,'2020-01-06 11:00:14','2020-01-06 11:34:36'),
(242,5,'2020-01-07 20:44:16','2020-01-07 21:18:01'),
(242,6,'2020-01-07 21:18:01','2020-01-07 21:51:46'),
(242,7,'2020-01-07 21:51:46','2020-01-07 22:25:31'),
(242,8,'2020-01-07 22:25:31','2020-01-07 22:59:16'),
(243,22,'2020-01-05 17:16:23','2020-01-05 17:53:29'),
(244,12,'2020-01-06 10:31:08','2020-01-06 11:02:10'),
(244,13,'2020-01-06 11:02:10','2020-01-06 11:33:12'),
(245,9,'2020-01-07 03:42:45','2020-01-07 04:20:43'),
(245,10,'2020-01-07 04:20:43','2020-01-07 04:58:41'),
(245,11,'2020-01-07 04:58:41','2020-01-07 05:36:39'),
(246,14,'2020-01-06 10:25:22','2020-01-06 11:03:50'),
(246,15,'2020-01-06 11:03:50','2020-01-06 11:42:18'),
(247,1,'2020-01-07 20:48:04','2020-01-07 21:23:04'),
(247,2,'2020-01-07 21:23:04','2020-01-07 21:58:04'),
(247,3,'2020-01-07 21:58:04','2020-01-07 22:33:04'),
(247,4,'2020-01-07 22:33:04','2020-01-07 23:08:04'),
(248,16,'2020-01-06 10:25:28','2020-01-06 10:56:54'),
(248,17,'2020-01-06 10:56:54','2020-01-06 11:28:20'),
(249,20,'2020-01-06 20:04:44','2020-01-06 20:44:21'),
(249,21,'2020-01-06 20:44:21','2020-01-06 21:23:58'),
(250,24,'2020-01-06 10:02:35','2020-01-06 10:43:48'),
(251,18,'2020-01-06 20:07:42','2020-01-06 20:47:56'),
(251,19,'2020-01-06 20:47:56','2020-01-06 21:28:10'),
(252,5,'2020-01-07 16:10:12','2020-01-07 16:50:43'),
(252,6,'2020-01-07 16:50:43','2020-01-07 17:31:14'),
(252,7,'2020-01-07 17:31:14','2020-01-07 18:11:45'),
(252,8,'2020-01-07 18:11:45','2020-01-07 18:52:16'),
(253,22,'2020-01-06 10:04:22','2020-01-06 10:40:58'),
(254,12,'2020-01-06 20:05:58','2020-01-06 20:45:30'),
(254,13,'2020-01-06 20:45:30','2020-01-06 21:25:02'),
(255,9,'2020-01-07 06:04:54','2020-01-07 06:44:01'),
(255,10,'2020-01-07 06:44:01','2020-01-07 07:23:08'),
(255,11,'2020-01-07 07:23:08','2020-01-07 08:02:15'),
(256,14,'2020-01-06 20:07:36','2020-01-06 20:46:47'),
(256,15,'2020-01-06 20:46:47','2020-01-06 21:25:58'),
(257,1,'2020-01-07 16:12:20','2020-01-07 16:50:39'),
(257,2,'2020-01-07 16:50:39','2020-01-07 17:28:58'),
(257,3,'2020-01-07 17:28:58','2020-01-07 18:07:17'),
(257,4,'2020-01-07 18:07:17','2020-01-07 18:45:36'),
(258,16,'2020-01-06 20:07:18','2020-01-06 20:45:20'),
(258,17,'2020-01-06 20:45:20','2020-01-06 21:23:22'),
(289,24,'2020-01-06 17:15:51','2020-01-06 17:55:33'),
(290,16,'2020-01-07 10:35:52','2020-01-07 11:15:20'),
(290,17,'2020-01-07 11:15:20','2020-01-07 11:54:48'),
(291,14,'2020-01-07 10:35:46','2020-01-07 11:08:46'),
(291,15,'2020-01-07 11:08:46','2020-01-07 11:41:46'),
(292,18,'2020-01-07 10:37:12','2020-01-07 11:10:55'),
(292,19,'2020-01-07 11:10:55','2020-01-07 11:44:38'),
(293,23,'2020-01-06 17:14:25','2020-01-06 17:49:41'),
(294,9,'2020-01-08 03:39:18','2020-01-08 04:18:31'),
(294,10,'2020-01-08 04:18:31','2020-01-08 04:57:44'),
(294,11,'2020-01-08 04:57:44','2020-01-08 05:36:57'),
(295,1,'2020-01-08 20:54:40','2020-01-08 21:33:11'),
(295,2,'2020-01-08 21:33:11','2020-01-08 22:11:42'),
(295,3,'2020-01-08 22:11:42','2020-01-08 22:50:13'),
(295,4,'2020-01-08 22:50:13','2020-01-08 23:28:44'),
(296,20,'2020-01-07 10:28:26','2020-01-07 11:00:11'),
(296,21,'2020-01-07 11:00:11','2020-01-07 11:31:56'),
(297,12,'2020-01-07 10:24:50','2020-01-07 11:01:45'),
(297,13,'2020-01-07 11:01:45','2020-01-07 11:38:40'),
(298,5,'2020-01-08 20:51:12','2020-01-08 21:23:32'),
(298,6,'2020-01-08 21:23:32','2020-01-08 21:55:52'),
(298,7,'2020-01-08 21:55:52','2020-01-08 22:28:12'),
(298,8,'2020-01-08 22:28:12','2020-01-08 23:00:32'),
(299,24,'2020-01-07 10:03:09','2020-01-07 10:43:47'),
(300,16,'2020-01-07 20:09:54','2020-01-07 20:45:48'),
(300,17,'2020-01-07 20:45:48','2020-01-07 21:21:42'),
(301,14,'2020-01-07 20:04:04','2020-01-07 20:46:42'),
(301,15,'2020-01-07 20:46:42','2020-01-07 21:29:20'),
(302,18,'2020-01-07 20:04:22','2020-01-07 20:42:50'),
(302,19,'2020-01-07 20:42:50','2020-01-07 21:21:18'),
(303,23,'2020-01-07 10:04:46','2020-01-07 10:42:02'),
(304,9,'2020-01-08 06:05:51','2020-01-08 06:46:55'),
(304,10,'2020-01-08 06:46:55','2020-01-08 07:27:59'),
(304,11,'2020-01-08 07:27:59','2020-01-08 08:09:03'),
(305,1,'2020-01-08 16:04:36','2020-01-08 16:46:36'),
(305,2,'2020-01-08 16:46:36','2020-01-08 17:28:36'),
(305,3,'2020-01-08 17:28:36','2020-01-08 18:10:36'),
(305,4,'2020-01-08 18:10:36','2020-01-08 18:52:36'),
(306,20,'2020-01-07 20:04:38','2020-01-07 20:44:31'),
(306,21,'2020-01-07 20:44:31','2020-01-07 21:24:24'),
(307,12,'2020-01-07 20:08:26','2020-01-07 20:45:16'),
(307,13,'2020-01-07 20:45:16','2020-01-07 21:22:06'),
(308,5,'2020-01-08 16:09:16','2020-01-08 16:48:23'),
(308,6,'2020-01-08 16:48:23','2020-01-08 17:27:30'),
(308,7,'2020-01-08 17:27:30','2020-01-08 18:06:37'),
(308,8,'2020-01-08 18:06:37','2020-01-08 18:45:44'),
(339,23,'2020-01-07 17:16:39','2020-01-07 17:53:01'),
(340,12,'2020-01-08 10:33:20','2020-01-08 11:05:03'),
(340,13,'2020-01-08 11:05:03','2020-01-08 11:36:46'),
(341,1,'2020-01-09 20:48:56','2020-01-09 21:26:33'),
(341,2,'2020-01-09 21:26:33','2020-01-09 22:04:10'),
(341,3,'2020-01-09 22:04:10','2020-01-09 22:41:47'),
(341,4,'2020-01-09 22:41:47','2020-01-09 23:19:24'),
(342,5,'2020-01-09 20:43:04','2020-01-09 21:15:54'),
(342,6,'2020-01-09 21:15:54','2020-01-09 21:48:44'),
(342,7,'2020-01-09 21:48:44','2020-01-09 22:21:34'),
(342,8,'2020-01-09 22:21:34','2020-01-09 22:54:24'),
(343,22,'2020-01-07 17:11:40','2020-01-07 17:46:36'),
(344,14,'2020-01-08 10:33:44','2020-01-08 11:04:21'),
(344,15,'2020-01-08 11:04:21','2020-01-08 11:34:58'),
(345,18,'2020-01-08 10:33:28','2020-01-08 11:12:04'),
(345,19,'2020-01-08 11:12:04','2020-01-08 11:50:40'),
(346,16,'2020-01-08 10:24:10','2020-01-08 10:58:04'),
(346,17,'2020-01-08 10:58:04','2020-01-08 11:31:58'),
(347,24,'2020-01-07 17:15:42','2020-01-07 17:52:32'),
(348,20,'2020-01-08 10:32:48','2020-01-08 11:04:11'),
(348,21,'2020-01-08 11:04:11','2020-01-08 11:35:34'),
(349,23,'2020-01-08 10:01:04','2020-01-08 10:42:12'),
(350,12,'2020-01-08 20:05:02','2020-01-08 20:44:50'),
(350,13,'2020-01-08 20:44:50','2020-01-08 21:24:38'),
(351,1,'2020-01-09 16:19:56','2020-01-09 16:55:44'),
(351,2,'2020-01-09 16:55:44','2020-01-09 17:31:32'),
(351,3,'2020-01-09 17:31:32','2020-01-09 18:07:20'),
(351,4,'2020-01-09 18:07:20','2020-01-09 18:43:08'),
(352,5,'2020-01-09 16:07:16','2020-01-09 16:50:02'),
(352,6,'2020-01-09 16:50:02','2020-01-09 17:32:48'),
(352,7,'2020-01-09 17:32:48','2020-01-09 18:15:34'),
(352,8,'2020-01-09 18:15:34','2020-01-09 18:58:20'),
(353,22,'2020-01-08 10:01:27','2020-01-08 10:44:47'),
(354,14,'2020-01-08 20:02:56','2020-01-08 20:41:48'),
(354,15,'2020-01-08 20:41:48','2020-01-08 21:20:40'),
(355,18,'2020-01-08 20:07:24','2020-01-08 20:43:43'),
(355,19,'2020-01-08 20:43:43','2020-01-08 21:20:02'),
(356,16,'2020-01-08 20:07:54','2020-01-08 20:48:53'),
(356,17,'2020-01-08 20:48:53','2020-01-08 21:29:52'),
(357,24,'2020-01-08 10:04:34','2020-01-08 10:42:31'),
(358,20,'2020-01-08 20:04:56','2020-01-08 20:45:11'),
(358,21,'2020-01-08 20:45:11','2020-01-08 21:25:26'),
(389,14,'2020-01-09 10:26:56','2020-01-09 11:01:03'),
(389,15,'2020-01-09 11:01:03','2020-01-09 11:35:10'),
(390,22,'2020-01-08 17:18:26','2020-01-08 17:54:29'),
(391,23,'2020-01-08 17:14:27','2020-01-08 17:49:56'),
(392,20,'2020-01-09 10:21:40','2020-01-09 10:57:43'),
(392,21,'2020-01-09 10:57:43','2020-01-09 11:33:46'),
(393,18,'2020-01-09 10:28:14','2020-01-09 11:03:13'),
(393,19,'2020-01-09 11:03:13','2020-01-09 11:38:12'),
(394,5,'2020-01-10 20:47:12','2020-01-10 21:25:13'),
(394,6,'2020-01-10 21:25:13','2020-01-10 22:03:14'),
(394,7,'2020-01-10 22:03:14','2020-01-10 22:41:15'),
(394,8,'2020-01-10 22:41:15','2020-01-10 23:19:16'),
(395,9,'2020-01-10 03:48:00','2020-01-10 04:24:10'),
(395,10,'2020-01-10 04:24:10','2020-01-10 05:00:20'),
(395,11,'2020-01-10 05:00:20','2020-01-10 05:36:30'),
(396,24,'2020-01-08 17:15:22','2020-01-08 17:50:25'),
(397,12,'2020-01-09 10:23:06','2020-01-09 11:01:34'),
(397,13,'2020-01-09 11:01:34','2020-01-09 11:40:02'),
(398,1,'2020-01-10 21:09:32','2020-01-10 21:42:47'),
(398,2,'2020-01-10 21:42:47','2020-01-10 22:16:02'),
(398,3,'2020-01-10 22:16:02','2020-01-10 22:49:17'),
(398,4,'2020-01-10 22:49:17','2020-01-10 23:22:32'),
(399,14,'2020-01-09 20:06:06','2020-01-09 20:45:02'),
(399,15,'2020-01-09 20:45:02','2020-01-09 21:23:58'),
(400,22,'2020-01-09 10:04:15','2020-01-09 10:43:09'),
(401,23,'2020-01-09 10:02:38','2020-01-09 10:42:28'),
(402,20,'2020-01-09 20:09:06','2020-01-09 20:44:36'),
(402,21,'2020-01-09 20:44:36','2020-01-09 21:20:06'),
(403,18,'2020-01-09 20:09:20','2020-01-09 20:46:00'),
(403,19,'2020-01-09 20:46:00','2020-01-09 21:22:40'),
(404,5,'2020-01-10 16:16:36','2020-01-10 16:54:10'),
(404,6,'2020-01-10 16:54:10','2020-01-10 17:31:44'),
(404,7,'2020-01-10 17:31:44','2020-01-10 18:09:18'),
(404,8,'2020-01-10 18:09:18','2020-01-10 18:46:52'),
(405,9,'2020-01-10 06:10:21','2020-01-10 06:47:54'),
(405,10,'2020-01-10 06:47:54','2020-01-10 07:25:27'),
(405,11,'2020-01-10 07:25:27','2020-01-10 08:03:00'),
(406,24,'2020-01-09 10:03:47','2020-01-09 10:44:36'),
(407,12,'2020-01-09 20:04:34','2020-01-09 20:46:47'),
(407,13,'2020-01-09 20:46:47','2020-01-09 21:29:00'),
(408,1,'2020-01-10 16:08:28','2020-01-10 16:47:04'),
(408,2,'2020-01-10 16:47:04','2020-01-10 17:25:40'),
(408,3,'2020-01-10 17:25:40','2020-01-10 18:04:16'),
(408,4,'2020-01-10 18:04:16','2020-01-10 18:42:52'),
(439,1,'2020-01-11 20:49:48','2020-01-11 21:26:37'),
(439,2,'2020-01-11 21:26:37','2020-01-11 22:03:26'),
(439,3,'2020-01-11 22:03:26','2020-01-11 22:40:15'),
(439,4,'2020-01-11 22:40:15','2020-01-11 23:17:04'),
(440,23,'2020-01-09 17:13:13','2020-01-09 17:44:54'),
(441,18,'2020-01-10 10:25:08','2020-01-10 10:55:19'),
(441,19,'2020-01-10 10:55:19','2020-01-10 11:25:30'),
(442,24,'2020-01-09 17:16:47','2020-01-09 17:53:55'),
(443,16,'2020-01-10 10:23:12','2020-01-10 11:00:31'),
(443,17,'2020-01-10 11:00:31','2020-01-10 11:37:50'),
(444,22,'2020-01-09 17:11:53','2020-01-09 17:42:17'),
(445,5,'2020-01-11 20:53:08','2020-01-11 21:24:43'),
(445,6,'2020-01-11 21:24:43','2020-01-11 21:56:18'),
(445,7,'2020-01-11 21:56:18','2020-01-11 22:27:53'),
(445,8,'2020-01-11 22:27:53','2020-01-11 22:59:28'),
(446,20,'2020-01-10 10:27:46','2020-01-10 11:05:21'),
(446,21,'2020-01-10 11:05:21','2020-01-10 11:42:56'),
(447,14,'2020-01-10 10:30:04','2020-01-10 11:05:24'),
(447,15,'2020-01-10 11:05:24','2020-01-10 11:40:44'),
(448,12,'2020-01-10 10:33:00','2020-01-10 11:10:11'),
(448,13,'2020-01-10 11:10:11','2020-01-10 11:47:22'),
(449,1,'2020-01-11 16:12:44','2020-01-11 16:51:02'),
(449,2,'2020-01-11 16:51:02','2020-01-11 17:29:20'),
(449,3,'2020-01-11 17:29:20','2020-01-11 18:07:38'),
(449,4,'2020-01-11 18:07:38','2020-01-11 18:45:56'),
(450,23,'2020-01-10 10:02:03','2020-01-10 10:44:00'),
(451,18,'2020-01-10 20:06:22','2020-01-10 20:46:18'),
(451,19,'2020-01-10 20:46:18','2020-01-10 21:26:14'),
(452,24,'2020-01-10 10:04:54','2020-01-10 10:41:26'),
(453,16,'2020-01-10 20:06:46','2020-01-10 20:47:20'),
(453,17,'2020-01-10 20:47:20','2020-01-10 21:27:54'),
(454,22,'2020-01-10 10:01:39','2020-01-10 10:40:18'),
(455,5,'2020-01-11 16:12:52','2020-01-11 16:51:16'),
(455,6,'2020-01-11 16:51:16','2020-01-11 17:29:40'),
(455,7,'2020-01-11 17:29:40','2020-01-11 18:08:04'),
(455,8,'2020-01-11 18:08:04','2020-01-11 18:46:28'),
(456,20,'2020-01-10 20:05:08','2020-01-10 20:46:16'),
(456,21,'2020-01-10 20:46:16','2020-01-10 21:27:24'),
(457,14,'2020-01-10 20:03:28','2020-01-10 20:46:07'),
(457,15,'2020-01-10 20:46:07','2020-01-10 21:28:46'),
(458,12,'2020-01-10 20:05:04','2020-01-10 20:45:47'),
(458,13,'2020-01-10 20:45:47','2020-01-10 21:26:30'),
(489,23,'2020-01-10 17:15:42','2020-01-10 17:51:48'),
(490,12,'2020-01-11 10:29:32','2020-01-11 11:02:10'),
(490,13,'2020-01-11 11:02:10','2020-01-11 11:34:48'),
(491,5,'2020-01-12 21:01:16','2020-01-12 21:34:09'),
(491,6,'2020-01-12 21:34:09','2020-01-12 22:07:02'),
(491,7,'2020-01-12 22:07:02','2020-01-12 22:39:55'),
(491,8,'2020-01-12 22:39:55','2020-01-12 23:12:48'),
(492,1,'2020-01-12 20:52:12','2020-01-12 21:29:04'),
(492,2,'2020-01-12 21:29:04','2020-01-12 22:05:56'),
(492,3,'2020-01-12 22:05:56','2020-01-12 22:42:48'),
(492,4,'2020-01-12 22:42:48','2020-01-12 23:19:40'),
(493,14,'2020-01-11 10:37:16','2020-01-11 11:11:20'),
(493,15,'2020-01-11 11:11:20','2020-01-11 11:45:24'),
(494,22,'2020-01-10 17:12:50','2020-01-10 17:48:52'),
(495,20,'2020-01-11 10:28:36','2020-01-11 11:03:48'),
(495,21,'2020-01-11 11:03:48','2020-01-11 11:39:00'),
(496,9,'2020-01-12 03:49:00','2020-01-12 04:26:19'),
(496,10,'2020-01-12 04:26:19','2020-01-12 05:03:38'),
(496,11,'2020-01-12 05:03:38','2020-01-12 05:40:57'),
(497,24,'2020-01-10 17:13:02','2020-01-10 17:44:25'),
(498,16,'2020-01-11 10:32:10','2020-01-11 11:02:41'),
(498,17,'2020-01-11 11:02:41','2020-01-11 11:33:12'),
(499,18,'2020-01-11 10:33:32','2020-01-11 11:07:44'),
(499,19,'2020-01-11 11:07:44','2020-01-11 11:41:56'),
(500,23,'2020-01-11 10:02:45','2020-01-11 10:43:17'),
(501,12,'2020-01-11 20:04:52','2020-01-11 20:45:40'),
(501,13,'2020-01-11 20:45:40','2020-01-11 21:26:28'),
(502,5,'2020-01-12 16:14:24','2020-01-12 16:54:02'),
(502,6,'2020-01-12 16:54:02','2020-01-12 17:33:40'),
(502,7,'2020-01-12 17:33:40','2020-01-12 18:13:18'),
(502,8,'2020-01-12 18:13:18','2020-01-12 18:52:56'),
(503,1,'2020-01-12 16:15:00','2020-01-12 16:53:20'),
(503,2,'2020-01-12 16:53:20','2020-01-12 17:31:40'),
(503,3,'2020-01-12 17:31:40','2020-01-12 18:10:00'),
(503,4,'2020-01-12 18:10:00','2020-01-12 18:48:20'),
(504,14,'2020-01-11 20:06:50','2020-01-11 20:45:15'),
(504,15,'2020-01-11 20:45:15','2020-01-11 21:23:40'),
(505,22,'2020-01-11 10:04:18','2020-01-11 10:42:05'),
(506,20,'2020-01-11 20:05:34','2020-01-11 20:46:02'),
(506,21,'2020-01-11 20:46:02','2020-01-11 21:26:30'),
(507,9,'2020-01-12 06:04:36','2020-01-12 06:44:49'),
(507,10,'2020-01-12 06:44:49','2020-01-12 07:25:02'),
(507,11,'2020-01-12 07:25:02','2020-01-12 08:05:15'),
(508,24,'2020-01-11 10:04:30','2020-01-11 10:40:48'),
(509,16,'2020-01-11 20:02:14','2020-01-11 20:45:43'),
(509,17,'2020-01-11 20:45:43','2020-01-11 21:29:12'),
(510,18,'2020-01-11 20:08:50','2020-01-11 20:44:34'),
(510,19,'2020-01-11 20:44:34','2020-01-11 21:20:18'),
(541,18,'2020-01-12 10:33:16','2020-01-12 11:11:52'),
(541,19,'2020-01-12 11:11:52','2020-01-12 11:50:28'),
(542,20,'2020-01-12 10:22:04','2020-01-12 10:59:54'),
(542,21,'2020-01-12 10:59:54','2020-01-12 11:37:44'),
(543,9,'2020-01-13 03:39:45','2020-01-13 04:19:24'),
(543,10,'2020-01-13 04:19:24','2020-01-13 04:59:03'),
(543,11,'2020-01-13 04:59:03','2020-01-13 05:38:42'),
(544,5,'2020-01-13 20:53:08','2020-01-13 21:25:09'),
(544,6,'2020-01-13 21:25:09','2020-01-13 21:57:10'),
(544,7,'2020-01-13 21:57:10','2020-01-13 22:29:11'),
(544,8,'2020-01-13 22:29:11','2020-01-13 23:01:12'),
(545,16,'2020-01-12 10:34:46','2020-01-12 11:11:29'),
(545,17,'2020-01-12 11:11:29','2020-01-12 11:48:12'),
(546,14,'2020-01-12 10:22:54','2020-01-12 11:02:37'),
(546,15,'2020-01-12 11:02:37','2020-01-12 11:42:20'),
(547,12,'2020-01-12 10:33:54','2020-01-12 11:06:19'),
(547,13,'2020-01-12 11:06:19','2020-01-12 11:38:44'),
(548,1,'2020-01-13 21:05:16','2020-01-13 21:39:19'),
(548,2,'2020-01-13 21:39:19','2020-01-13 22:13:22'),
(548,3,'2020-01-13 22:13:22','2020-01-13 22:47:25'),
(548,4,'2020-01-13 22:47:25','2020-01-13 23:21:28'),
(549,24,'2020-01-11 17:13:33','2020-01-11 17:50:48'),
(550,23,'2020-01-11 17:13:06','2020-01-11 17:46:17'),
(551,22,'2020-01-11 17:13:46','2020-01-11 17:47:04'),
(552,18,'2020-01-12 20:09:30','2020-01-12 20:46:01'),
(552,19,'2020-01-12 20:46:01','2020-01-12 21:22:32'),
(553,20,'2020-01-12 20:05:34','2020-01-12 20:47:02'),
(553,21,'2020-01-12 20:47:02','2020-01-12 21:28:30'),
(554,9,'2020-01-13 06:06:51','2020-01-13 06:45:38'),
(554,10,'2020-01-13 06:45:38','2020-01-13 07:24:25'),
(554,11,'2020-01-13 07:24:25','2020-01-13 08:03:12'),
(555,5,'2020-01-13 16:04:00','2020-01-13 16:47:08'),
(555,6,'2020-01-13 16:47:08','2020-01-13 17:30:16'),
(555,7,'2020-01-13 17:30:16','2020-01-13 18:13:24'),
(555,8,'2020-01-13 18:13:24','2020-01-13 18:56:32'),
(556,16,'2020-01-12 20:06:22','2020-01-12 20:43:32'),
(556,17,'2020-01-12 20:43:32','2020-01-12 21:20:42'),
(557,14,'2020-01-12 20:07:32','2020-01-12 20:46:26'),
(557,15,'2020-01-12 20:46:26','2020-01-12 21:25:20'),
(558,12,'2020-01-12 20:03:16','2020-01-12 20:44:38'),
(558,13,'2020-01-12 20:44:38','2020-01-12 21:26:00'),
(559,1,'2020-01-13 16:05:48','2020-01-13 16:45:58'),
(559,2,'2020-01-13 16:45:58','2020-01-13 17:26:08'),
(559,3,'2020-01-13 17:26:08','2020-01-13 18:06:18'),
(559,4,'2020-01-13 18:06:18','2020-01-13 18:46:28'),
(560,24,'2020-01-12 10:01:24','2020-01-12 10:44:20'),
(561,23,'2020-01-12 10:04:06','2020-01-12 10:41:49'),
(562,22,'2020-01-12 10:03:54','2020-01-12 10:42:13'),
(593,12,'2020-01-13 10:26:00','2020-01-13 10:59:54'),
(593,13,'2020-01-13 10:59:54','2020-01-13 11:33:48'),
(594,9,'2020-01-14 03:43:27','2020-01-14 04:13:32'),
(594,10,'2020-01-14 04:13:32','2020-01-14 04:43:37'),
(594,11,'2020-01-14 04:43:37','2020-01-14 05:13:42'),
(595,14,'2020-01-13 10:24:56','2020-01-13 11:02:05'),
(595,15,'2020-01-13 11:02:05','2020-01-13 11:39:14'),
(596,5,'2020-01-14 20:57:36','2020-01-14 21:35:47'),
(596,6,'2020-01-14 21:35:47','2020-01-14 22:13:58'),
(596,7,'2020-01-14 22:13:58','2020-01-14 22:52:09'),
(596,8,'2020-01-14 22:52:09','2020-01-14 23:30:20'),
(597,23,'2020-01-12 17:12:57','2020-01-12 17:48:10'),
(598,24,'2020-01-12 17:16:10','2020-01-12 17:52:50'),
(599,16,'2020-01-13 10:23:30','2020-01-13 10:56:00'),
(599,17,'2020-01-13 10:56:00','2020-01-13 11:28:30'),
(600,18,'2020-01-13 10:33:48','2020-01-13 11:09:40'),
(600,19,'2020-01-13 11:09:40','2020-01-13 11:45:32'),
(601,22,'2020-01-12 17:12:34','2020-01-12 17:45:48'),
(602,1,'2020-01-14 21:02:40','2020-01-14 21:37:30'),
(602,2,'2020-01-14 21:37:30','2020-01-14 22:12:20'),
(602,3,'2020-01-14 22:12:20','2020-01-14 22:47:10'),
(602,4,'2020-01-14 22:47:10','2020-01-14 23:22:00'),
(603,12,'2020-01-13 20:05:56','2020-01-13 20:46:06'),
(603,13,'2020-01-13 20:46:06','2020-01-13 21:26:16'),
(604,9,'2020-01-14 06:13:39','2020-01-14 06:49:13'),
(604,10,'2020-01-14 06:49:13','2020-01-14 07:24:47'),
(604,11,'2020-01-14 07:24:47','2020-01-14 08:00:21'),
(605,14,'2020-01-13 20:08:42','2020-01-13 20:46:36'),
(605,15,'2020-01-13 20:46:36','2020-01-13 21:24:30'),
(606,5,'2020-01-14 16:18:52','2020-01-14 16:56:58'),
(606,6,'2020-01-14 16:56:58','2020-01-14 17:35:04'),
(606,7,'2020-01-14 17:35:04','2020-01-14 18:13:10'),
(606,8,'2020-01-14 18:13:10','2020-01-14 18:51:16'),
(607,23,'2020-01-13 10:04:09','2020-01-13 10:41:46'),
(608,24,'2020-01-13 10:04:44','2020-01-13 10:40:25'),
(609,16,'2020-01-13 20:06:02','2020-01-13 20:45:48'),
(609,17,'2020-01-13 20:45:48','2020-01-13 21:25:34'),
(610,18,'2020-01-13 20:09:04','2020-01-13 20:45:50'),
(610,19,'2020-01-13 20:45:50','2020-01-13 21:22:36'),
(611,22,'2020-01-13 10:03:22','2020-01-13 10:41:00'),
(612,1,'2020-01-14 16:11:12','2020-01-14 16:50:49'),
(612,2,'2020-01-14 16:50:49','2020-01-14 17:30:26'),
(612,3,'2020-01-14 17:30:26','2020-01-14 18:10:03'),
(612,4,'2020-01-14 18:10:03','2020-01-14 18:49:40'),
(643,20,'2020-01-14 10:26:52','2020-01-14 11:04:36'),
(643,21,'2020-01-14 11:04:36','2020-01-14 11:42:20'),
(644,5,'2020-01-15 20:57:44','2020-01-15 21:37:07'),
(644,6,'2020-01-15 21:37:07','2020-01-15 22:16:30'),
(644,7,'2020-01-15 22:16:30','2020-01-15 22:55:53'),
(644,8,'2020-01-15 22:55:53','2020-01-15 23:35:16'),
(645,18,'2020-01-14 10:29:08','2020-01-14 11:05:42'),
(645,19,'2020-01-14 11:05:42','2020-01-14 11:42:16'),
(646,22,'2020-01-13 17:13:17','2020-01-13 17:51:06'),
(647,1,'2020-01-15 20:49:56','2020-01-15 21:20:26'),
(647,2,'2020-01-15 21:20:26','2020-01-15 21:50:56'),
(647,3,'2020-01-15 21:50:56','2020-01-15 22:21:26'),
(647,4,'2020-01-15 22:21:26','2020-01-15 22:51:56'),
(648,16,'2020-01-14 10:26:14','2020-01-14 11:02:57'),
(648,17,'2020-01-14 11:02:57','2020-01-14 11:39:40'),
(649,24,'2020-01-13 17:15:32','2020-01-13 17:46:17'),
(650,14,'2020-01-14 10:35:42','2020-01-14 11:09:55'),
(650,15,'2020-01-14 11:09:55','2020-01-14 11:44:08'),
(651,23,'2020-01-13 17:14:30','2020-01-13 17:49:51'),
(652,12,'2020-01-14 10:33:22','2020-01-14 11:11:45'),
(652,13,'2020-01-14 11:11:45','2020-01-14 11:50:08'),
(653,9,'2020-01-15 03:52:18','2020-01-15 04:31:20'),
(653,10,'2020-01-15 04:31:20','2020-01-15 05:10:22'),
(653,11,'2020-01-15 05:10:22','2020-01-15 05:49:24'),
(654,20,'2020-01-14 20:05:48','2020-01-14 20:45:27'),
(654,21,'2020-01-14 20:45:27','2020-01-14 21:25:06'),
(655,5,'2020-01-15 16:17:24','2020-01-15 16:53:43'),
(655,6,'2020-01-15 16:53:43','2020-01-15 17:30:02'),
(655,7,'2020-01-15 17:30:02','2020-01-15 18:06:21'),
(655,8,'2020-01-15 18:06:21','2020-01-15 18:42:40'),
(656,18,'2020-01-14 20:08:28','2020-01-14 20:46:37'),
(656,19,'2020-01-14 20:46:37','2020-01-14 21:24:46'),
(657,22,'2020-01-14 10:01:22','2020-01-14 10:41:53'),
(658,1,'2020-01-15 16:17:08','2020-01-15 16:57:03'),
(658,2,'2020-01-15 16:57:03','2020-01-15 17:36:58'),
(658,3,'2020-01-15 17:36:58','2020-01-15 18:16:53'),
(658,4,'2020-01-15 18:16:53','2020-01-15 18:56:48'),
(659,16,'2020-01-14 20:06:08','2020-01-14 20:46:38'),
(659,17,'2020-01-14 20:46:38','2020-01-14 21:27:08'),
(660,24,'2020-01-14 10:01:23','2020-01-14 10:41:21'),
(661,14,'2020-01-14 20:07:40','2020-01-14 20:46:28'),
(661,15,'2020-01-14 20:46:28','2020-01-14 21:25:16'),
(662,23,'2020-01-14 10:02:21','2020-01-14 10:44:59'),
(663,12,'2020-01-14 20:07:58','2020-01-14 20:46:45'),
(663,13,'2020-01-14 20:46:45','2020-01-14 21:25:32'),
(664,9,'2020-01-15 06:10:51','2020-01-15 06:47:40'),
(664,10,'2020-01-15 06:47:40','2020-01-15 07:24:29'),
(664,11,'2020-01-15 07:24:29','2020-01-15 08:01:18'),
(695,12,'2020-01-15 10:28:44','2020-01-15 10:58:56'),
(695,13,'2020-01-15 10:58:56','2020-01-15 11:29:08'),
(696,20,'2020-01-15 10:25:42','2020-01-15 10:59:59'),
(696,21,'2020-01-15 10:59:59','2020-01-15 11:34:16'),
(697,22,'2020-01-14 17:17:39','2020-01-14 17:49:35'),
(698,24,'2020-01-14 17:17:02','2020-01-14 17:53:25'),
(699,18,'2020-01-15 10:23:26','2020-01-15 11:00:49'),
(699,19,'2020-01-15 11:00:49','2020-01-15 11:38:12'),
(700,23,'2020-01-14 17:15:37','2020-01-14 17:46:28'),
(701,5,'2020-01-16 20:53:56','2020-01-16 21:28:12'),
(701,6,'2020-01-16 21:28:12','2020-01-16 22:02:28'),
(701,7,'2020-01-16 22:02:28','2020-01-16 22:36:44'),
(701,8,'2020-01-16 22:36:44','2020-01-16 23:11:00'),
(702,1,'2020-01-16 21:04:08','2020-01-16 21:35:40'),
(702,2,'2020-01-16 21:35:40','2020-01-16 22:07:12'),
(702,3,'2020-01-16 22:07:12','2020-01-16 22:38:44'),
(702,4,'2020-01-16 22:38:44','2020-01-16 23:10:16'),
(703,9,'2020-01-16 03:40:03','2020-01-16 04:10:59'),
(703,10,'2020-01-16 04:10:59','2020-01-16 04:41:55'),
(703,11,'2020-01-16 04:41:55','2020-01-16 05:12:51'),
(704,12,'2020-01-15 20:09:52','2020-01-15 20:48:42'),
(704,13,'2020-01-15 20:48:42','2020-01-15 21:27:32'),
(705,20,'2020-01-15 20:05:56','2020-01-15 20:43:56'),
(705,21,'2020-01-15 20:43:56','2020-01-15 21:21:56'),
(706,22,'2020-01-15 10:01:50','2020-01-15 10:42:27'),
(707,24,'2020-01-15 10:02:27','2020-01-15 10:43:55'),
(708,18,'2020-01-15 20:02:48','2020-01-15 20:41:54'),
(708,19,'2020-01-15 20:41:54','2020-01-15 21:21:00'),
(709,23,'2020-01-15 10:04:37','2020-01-15 10:41:44'),
(710,5,'2020-01-16 16:19:36','2020-01-16 16:58:41'),
(710,6,'2020-01-16 16:58:41','2020-01-16 17:37:46'),
(710,7,'2020-01-16 17:37:46','2020-01-16 18:16:51'),
(710,8,'2020-01-16 18:16:51','2020-01-16 18:55:56'),
(711,1,'2020-01-16 16:14:12','2020-01-16 16:53:42'),
(711,2,'2020-01-16 16:53:42','2020-01-16 17:33:12'),
(711,3,'2020-01-16 17:33:12','2020-01-16 18:12:42'),
(711,4,'2020-01-16 18:12:42','2020-01-16 18:52:12'),
(712,9,'2020-01-16 06:13:57','2020-01-16 06:49:38'),
(712,10,'2020-01-16 06:49:38','2020-01-16 07:25:19'),
(712,11,'2020-01-16 07:25:19','2020-01-16 08:01:00'),
(743,23,'2020-01-15 17:12:30','2020-01-15 17:49:55'),
(744,9,'2020-01-17 03:48:39','2020-01-17 04:27:01'),
(744,10,'2020-01-17 04:27:01','2020-01-17 05:05:23'),
(744,11,'2020-01-17 05:05:23','2020-01-17 05:43:45'),
(745,24,'2020-01-15 17:15:05','2020-01-15 17:50:00'),
(746,20,'2020-01-16 10:24:10','2020-01-16 11:02:17'),
(746,21,'2020-01-16 11:02:17','2020-01-16 11:40:24'),
(747,12,'2020-01-16 10:37:36','2020-01-16 11:14:55'),
(747,13,'2020-01-16 11:14:55','2020-01-16 11:52:14'),
(748,5,'2020-01-17 21:08:56','2020-01-17 21:46:55'),
(748,6,'2020-01-17 21:46:55','2020-01-17 22:24:54'),
(748,7,'2020-01-17 22:24:54','2020-01-17 23:02:53'),
(748,8,'2020-01-17 23:02:53','2020-01-17 23:40:52'),
(749,22,'2020-01-15 17:16:49','2020-01-15 17:50:24'),
(750,16,'2020-01-16 10:29:50','2020-01-16 11:02:38'),
(750,17,'2020-01-16 11:02:38','2020-01-16 11:35:26'),
(751,14,'2020-01-16 10:33:38','2020-01-16 11:03:38'),
(751,15,'2020-01-16 11:03:38','2020-01-16 11:33:38'),
(752,1,'2020-01-17 21:03:04','2020-01-17 21:39:48'),
(752,2,'2020-01-17 21:39:48','2020-01-17 22:16:32'),
(752,3,'2020-01-17 22:16:32','2020-01-17 22:53:16'),
(752,4,'2020-01-17 22:53:16','2020-01-17 23:30:00'),
(753,23,'2020-01-16 10:03:20','2020-01-16 10:43:20'),
(754,9,'2020-01-17 06:03:36','2020-01-17 06:47:09'),
(754,10,'2020-01-17 06:47:09','2020-01-17 07:30:42'),
(754,11,'2020-01-17 07:30:42','2020-01-17 08:14:15'),
(755,24,'2020-01-16 10:03:27','2020-01-16 10:40:55'),
(756,20,'2020-01-16 20:09:44','2020-01-16 20:49:44'),
(756,21,'2020-01-16 20:49:44','2020-01-16 21:29:44'),
(757,12,'2020-01-16 20:06:48','2020-01-16 20:48:17'),
(757,13,'2020-01-16 20:48:17','2020-01-16 21:29:46'),
(758,5,'2020-01-17 16:07:44','2020-01-17 16:47:51'),
(758,6,'2020-01-17 16:47:51','2020-01-17 17:27:58'),
(758,7,'2020-01-17 17:27:58','2020-01-17 18:08:05'),
(758,8,'2020-01-17 18:08:05','2020-01-17 18:48:12'),
(759,22,'2020-01-16 10:03:01','2020-01-16 10:41:31'),
(760,16,'2020-01-16 20:04:32','2020-01-16 20:46:38'),
(760,17,'2020-01-16 20:46:38','2020-01-16 21:28:44'),
(761,14,'2020-01-16 20:02:22','2020-01-16 20:42:48'),
(761,15,'2020-01-16 20:42:48','2020-01-16 21:23:14'),
(762,1,'2020-01-17 16:13:12','2020-01-17 16:51:40'),
(762,2,'2020-01-17 16:51:40','2020-01-17 17:30:08'),
(762,3,'2020-01-17 17:30:08','2020-01-17 18:08:36'),
(762,4,'2020-01-17 18:08:36','2020-01-17 18:47:04'),
(793,1,'2020-01-18 21:00:32','2020-01-18 21:31:37'),
(793,2,'2020-01-18 21:31:37','2020-01-18 22:02:42'),
(793,3,'2020-01-18 22:02:42','2020-01-18 22:33:47'),
(793,4,'2020-01-18 22:33:47','2020-01-18 23:04:52'),
(794,14,'2020-01-17 10:29:18','2020-01-17 11:03:26'),
(794,15,'2020-01-17 11:03:26','2020-01-17 11:37:34'),
(795,16,'2020-01-17 10:30:26','2020-01-17 11:05:29'),
(795,17,'2020-01-17 11:05:29','2020-01-17 11:40:32'),
(796,24,'2020-01-16 17:13:49','2020-01-16 17:44:56'),
(797,9,'2020-01-18 03:47:30','2020-01-18 04:22:53'),
(797,10,'2020-01-18 04:22:53','2020-01-18 04:58:16'),
(797,11,'2020-01-18 04:58:16','2020-01-18 05:33:39'),
(798,12,'2020-01-17 10:28:14','2020-01-17 11:05:50'),
(798,13,'2020-01-17 11:05:50','2020-01-17 11:43:26'),
(799,23,'2020-01-16 17:13:33','2020-01-16 17:48:24'),
(800,20,'2020-01-17 10:25:50','2020-01-17 10:57:27'),
(800,21,'2020-01-17 10:57:27','2020-01-17 11:29:04'),
(801,22,'2020-01-16 17:14:39','2020-01-16 17:49:08'),
(802,5,'2020-01-18 21:01:44','2020-01-18 21:38:11'),
(802,6,'2020-01-18 21:38:11','2020-01-18 22:14:38'),
(802,7,'2020-01-18 22:14:38','2020-01-18 22:51:05'),
(802,8,'2020-01-18 22:51:05','2020-01-18 23:27:32'),
(803,1,'2020-01-18 16:09:56','2020-01-18 16:49:57'),
(803,2,'2020-01-18 16:49:57','2020-01-18 17:29:58'),
(803,3,'2020-01-18 17:29:58','2020-01-18 18:09:59'),
(803,4,'2020-01-18 18:09:59','2020-01-18 18:50:00'),
(804,14,'2020-01-17 20:09:56','2020-01-17 20:49:28'),
(804,15,'2020-01-17 20:49:28','2020-01-17 21:29:00'),
(805,16,'2020-01-17 20:03:28','2020-01-17 20:42:28'),
(805,17,'2020-01-17 20:42:28','2020-01-17 21:21:28'),
(806,24,'2020-01-17 10:01:18','2020-01-17 10:44:36'),
(807,9,'2020-01-18 06:08:30','2020-01-18 06:46:11'),
(807,10,'2020-01-18 06:46:11','2020-01-18 07:23:52'),
(807,11,'2020-01-18 07:23:52','2020-01-18 08:01:33'),
(808,12,'2020-01-17 20:02:42','2020-01-17 20:44:48'),
(808,13,'2020-01-17 20:44:48','2020-01-17 21:26:54'),
(809,23,'2020-01-17 10:04:10','2020-01-17 10:40:59'),
(810,20,'2020-01-17 20:06:08','2020-01-17 20:45:37'),
(810,21,'2020-01-17 20:45:37','2020-01-17 21:25:06'),
(811,22,'2020-01-17 10:01:45','2020-01-17 10:43:08'),
(812,5,'2020-01-18 16:12:52','2020-01-18 16:52:42'),
(812,6,'2020-01-18 16:52:42','2020-01-18 17:32:32'),
(812,7,'2020-01-18 17:32:32','2020-01-18 18:12:22'),
(812,8,'2020-01-18 18:12:22','2020-01-18 18:52:12'),
(843,18,'2020-01-18 10:27:36','2020-01-18 11:00:01'),
(843,19,'2020-01-18 11:00:01','2020-01-18 11:32:26'),
(844,24,'2020-01-17 17:15:48','2020-01-17 17:55:01'),
(845,23,'2020-01-17 17:13:06','2020-01-17 17:52:26'),
(846,12,'2020-01-18 10:31:14','2020-01-18 11:03:08'),
(846,13,'2020-01-18 11:03:08','2020-01-18 11:35:02'),
(847,20,'2020-01-18 10:35:22','2020-01-18 11:08:15'),
(847,21,'2020-01-18 11:08:15','2020-01-18 11:41:08'),
(848,1,'2020-01-19 21:06:28','2020-01-19 21:36:45'),
(848,2,'2020-01-19 21:36:45','2020-01-19 22:07:02'),
(848,3,'2020-01-19 22:07:02','2020-01-19 22:37:19'),
(848,4,'2020-01-19 22:37:19','2020-01-19 23:07:36'),
(849,5,'2020-01-19 20:55:08','2020-01-19 21:30:23'),
(849,6,'2020-01-19 21:30:23','2020-01-19 22:05:38'),
(849,7,'2020-01-19 22:05:38','2020-01-19 22:40:53'),
(849,8,'2020-01-19 22:40:53','2020-01-19 23:16:08'),
(850,14,'2020-01-18 10:30:40','2020-01-18 11:02:19'),
(850,15,'2020-01-18 11:02:19','2020-01-18 11:33:58'),
(851,9,'2020-01-19 03:49:15','2020-01-19 04:24:47'),
(851,10,'2020-01-19 04:24:47','2020-01-19 05:00:19'),
(851,11,'2020-01-19 05:00:19','2020-01-19 05:35:51'),
(852,16,'2020-01-18 10:23:12','2020-01-18 11:01:21'),
(852,17,'2020-01-18 11:01:21','2020-01-18 11:39:30'),
(853,18,'2020-01-18 20:06:56','2020-01-18 20:46:08'),
(853,19,'2020-01-18 20:46:08','2020-01-18 21:25:20'),
(854,24,'2020-01-18 10:02:52','2020-01-18 10:42:35'),
(855,23,'2020-01-18 10:04:46','2020-01-18 10:41:43'),
(856,12,'2020-01-18 20:08:06','2020-01-18 20:46:55'),
(856,13,'2020-01-18 20:46:55','2020-01-18 21:25:44'),
(857,20,'2020-01-18 20:06:30','2020-01-18 20:44:51'),
(857,21,'2020-01-18 20:44:51','2020-01-18 21:23:12'),
(858,1,'2020-01-19 16:19:40','2020-01-19 16:59:18'),
(858,2,'2020-01-19 16:59:18','2020-01-19 17:38:56'),
(858,3,'2020-01-19 17:38:56','2020-01-19 18:18:34'),
(858,4,'2020-01-19 18:18:34','2020-01-19 18:58:12'),
(859,5,'2020-01-19 16:07:52','2020-01-19 16:47:43'),
(859,6,'2020-01-19 16:47:43','2020-01-19 17:27:34'),
(859,7,'2020-01-19 17:27:34','2020-01-19 18:07:25'),
(859,8,'2020-01-19 18:07:25','2020-01-19 18:47:16'),
(860,14,'2020-01-18 20:05:30','2020-01-18 20:43:34'),
(860,15,'2020-01-18 20:43:34','2020-01-18 21:21:38'),
(861,9,'2020-01-19 06:11:39','2020-01-19 06:51:48'),
(861,10,'2020-01-19 06:51:48','2020-01-19 07:31:57'),
(861,11,'2020-01-19 07:31:57','2020-01-19 08:12:06'),
(862,16,'2020-01-18 20:06:46','2020-01-18 20:46:39'),
(862,17,'2020-01-18 20:46:39','2020-01-18 21:26:32'),
(893,5,'2020-01-20 21:13:12','2020-01-20 21:51:57'),
(893,6,'2020-01-20 21:51:57','2020-01-20 22:30:42'),
(893,7,'2020-01-20 22:30:42','2020-01-20 23:09:27'),
(893,8,'2020-01-20 23:09:27','2020-01-20 23:48:12'),
(894,9,'2020-01-20 03:46:39','2020-01-20 04:19:44'),
(894,10,'2020-01-20 04:19:44','2020-01-20 04:52:49'),
(894,11,'2020-01-20 04:52:49','2020-01-20 05:25:54'),
(895,20,'2020-01-19 10:24:02','2020-01-19 11:00:22'),
(895,21,'2020-01-19 11:00:22','2020-01-19 11:36:42'),
(896,24,'2020-01-18 17:14:32','2020-01-18 17:49:41'),
(897,22,'2020-01-18 17:12:24','2020-01-18 17:46:35'),
(898,23,'2020-01-18 17:13:54','2020-01-18 17:47:51'),
(899,14,'2020-01-19 10:31:34','2020-01-19 11:03:21'),
(899,15,'2020-01-19 11:03:21','2020-01-19 11:35:08'),
(900,12,'2020-01-19 10:29:04','2020-01-19 11:07:54'),
(900,13,'2020-01-19 11:07:54','2020-01-19 11:46:44'),
(901,1,'2020-01-20 20:49:24','2020-01-20 21:28:03'),
(901,2,'2020-01-20 21:28:03','2020-01-20 22:06:42'),
(901,3,'2020-01-20 22:06:42','2020-01-20 22:45:21'),
(901,4,'2020-01-20 22:45:21','2020-01-20 23:24:00'),
(902,16,'2020-01-19 10:31:00','2020-01-19 11:05:51'),
(902,17,'2020-01-19 11:05:51','2020-01-19 11:40:42'),
(903,18,'2020-01-19 10:29:12','2020-01-19 10:59:41'),
(903,19,'2020-01-19 10:59:41','2020-01-19 11:30:10'),
(904,5,'2020-01-20 16:04:16','2020-01-20 16:46:10'),
(904,6,'2020-01-20 16:46:10','2020-01-20 17:28:04'),
(904,7,'2020-01-20 17:28:04','2020-01-20 18:09:58'),
(904,8,'2020-01-20 18:09:58','2020-01-20 18:51:52'),
(905,9,'2020-01-20 06:07:36','2020-01-20 06:46:29'),
(905,10,'2020-01-20 06:46:29','2020-01-20 07:25:22'),
(905,11,'2020-01-20 07:25:22','2020-01-20 08:04:15'),
(906,20,'2020-01-19 20:09:12','2020-01-19 20:49:13'),
(906,21,'2020-01-19 20:49:13','2020-01-19 21:29:14'),
(907,24,'2020-01-19 10:04:14','2020-01-19 10:41:49'),
(908,22,'2020-01-19 10:02:19','2020-01-19 10:44:36'),
(909,23,'2020-01-19 10:01:04','2020-01-19 10:41:30'),
(910,14,'2020-01-19 20:02:42','2020-01-19 20:44:49'),
(910,15,'2020-01-19 20:44:49','2020-01-19 21:26:56'),
(911,12,'2020-01-19 20:02:30','2020-01-19 20:45:10'),
(911,13,'2020-01-19 20:45:10','2020-01-19 21:27:50'),
(912,1,'2020-01-20 16:09:00','2020-01-20 16:47:00'),
(912,2,'2020-01-20 16:47:00','2020-01-20 17:25:00'),
(912,3,'2020-01-20 17:25:00','2020-01-20 18:03:00'),
(912,4,'2020-01-20 18:03:00','2020-01-20 18:41:00'),
(913,16,'2020-01-19 20:02:12','2020-01-19 20:44:34'),
(913,17,'2020-01-19 20:44:34','2020-01-19 21:26:56'),
(914,18,'2020-01-19 20:04:52','2020-01-19 20:46:05'),
(914,19,'2020-01-19 20:46:05','2020-01-19 21:27:18'),
(945,9,'2020-01-21 03:36:18','2020-01-21 04:14:26'),
(945,10,'2020-01-21 04:14:26','2020-01-21 04:52:34'),
(945,11,'2020-01-21 04:52:34','2020-01-21 05:30:42'),
(946,16,'2020-01-20 10:25:16','2020-01-20 10:59:57'),
(946,17,'2020-01-20 10:59:57','2020-01-20 11:34:38'),
(947,1,'2020-01-21 20:52:28','2020-01-21 21:28:42'),
(947,2,'2020-01-21 21:28:42','2020-01-21 22:04:56'),
(947,3,'2020-01-21 22:04:56','2020-01-21 22:41:10'),
(947,4,'2020-01-21 22:41:10','2020-01-21 23:17:24'),
(948,20,'2020-01-20 10:27:54','2020-01-20 11:00:24'),
(948,21,'2020-01-20 11:00:24','2020-01-20 11:32:54'),
(949,5,'2020-01-21 20:56:28','2020-01-21 21:33:43'),
(949,6,'2020-01-21 21:33:43','2020-01-21 22:10:58'),
(949,7,'2020-01-21 22:10:58','2020-01-21 22:48:13'),
(949,8,'2020-01-21 22:48:13','2020-01-21 23:25:28'),
(950,14,'2020-01-20 10:29:22','2020-01-20 11:07:45'),
(950,15,'2020-01-20 11:07:45','2020-01-20 11:46:08'),
(951,23,'2020-01-19 17:15:34','2020-01-19 17:45:44'),
(952,12,'2020-01-20 10:28:00','2020-01-20 11:03:44'),
(952,13,'2020-01-20 11:03:44','2020-01-20 11:39:28'),
(953,18,'2020-01-20 10:24:48','2020-01-20 10:59:34'),
(953,19,'2020-01-20 10:59:34','2020-01-20 11:34:20'),
(954,22,'2020-01-19 17:11:31','2020-01-19 17:45:33'),
(955,24,'2020-01-19 17:10:43','2020-01-19 17:41:22'),
(956,9,'2020-01-21 06:08:27','2020-01-21 06:48:30'),
(956,10,'2020-01-21 06:48:30','2020-01-21 07:28:33'),
(956,11,'2020-01-21 07:28:33','2020-01-21 08:08:36'),
(957,16,'2020-01-20 20:06:22','2020-01-20 20:46:14'),
(957,17,'2020-01-20 20:46:14','2020-01-20 21:26:06'),
(958,1,'2020-01-21 16:14:00','2020-01-21 16:51:13'),
(958,2,'2020-01-21 16:51:13','2020-01-21 17:28:26'),
(958,3,'2020-01-21 17:28:26','2020-01-21 18:05:39'),
(958,4,'2020-01-21 18:05:39','2020-01-21 18:42:52'),
(959,20,'2020-01-20 20:07:58','2020-01-20 20:48:57'),
(959,21,'2020-01-20 20:48:57','2020-01-20 21:29:56'),
(960,5,'2020-01-21 16:10:32','2020-01-21 16:52:43'),
(960,6,'2020-01-21 16:52:43','2020-01-21 17:34:54'),
(960,7,'2020-01-21 17:34:54','2020-01-21 18:17:05'),
(960,8,'2020-01-21 18:17:05','2020-01-21 18:59:16'),
(961,14,'2020-01-20 20:02:22','2020-01-20 20:43:53'),
(961,15,'2020-01-20 20:43:53','2020-01-20 21:25:24'),
(962,23,'2020-01-20 10:01:34','2020-01-20 10:44:02'),
(963,12,'2020-01-20 20:03:02','2020-01-20 20:45:53'),
(963,13,'2020-01-20 20:45:53','2020-01-20 21:28:44'),
(964,18,'2020-01-20 20:07:40','2020-01-20 20:46:10'),
(964,19,'2020-01-20 20:46:10','2020-01-20 21:24:40'),
(965,22,'2020-01-20 10:03:49','2020-01-20 10:40:36'),
(966,24,'2020-01-20 10:04:22','2020-01-20 10:42:30'),
(997,12,'2020-01-21 10:27:22','2020-01-21 10:58:48'),
(997,13,'2020-01-21 10:58:48','2020-01-21 11:30:14'),
(998,1,'2020-01-22 20:49:04','2020-01-22 21:19:35'),
(998,2,'2020-01-22 21:19:35','2020-01-22 21:50:06'),
(998,3,'2020-01-22 21:50:06','2020-01-22 22:20:37'),
(998,4,'2020-01-22 22:20:37','2020-01-22 22:51:08'),
(999,9,'2020-01-22 03:43:00','2020-01-22 04:17:23'),
(999,10,'2020-01-22 04:17:23','2020-01-22 04:51:46'),
(999,11,'2020-01-22 04:51:46','2020-01-22 05:26:09'),
(1000,18,'2020-01-21 10:30:44','2020-01-21 11:09:11'),
(1000,19,'2020-01-21 11:09:11','2020-01-21 11:47:38'),
(1001,5,'2020-01-22 20:53:24','2020-01-22 21:27:10'),
(1001,6,'2020-01-22 21:27:10','2020-01-22 22:00:56'),
(1001,7,'2020-01-22 22:00:56','2020-01-22 22:34:42'),
(1001,8,'2020-01-22 22:34:42','2020-01-22 23:08:28'),
(1002,23,'2020-01-20 17:11:08','2020-01-20 17:45:08'),
(1003,24,'2020-01-20 17:16:41','2020-01-20 17:53:28'),
(1004,16,'2020-01-21 10:25:44','2020-01-21 11:01:59'),
(1004,17,'2020-01-21 11:01:59','2020-01-21 11:38:14'),
(1005,22,'2020-01-20 17:16:08','2020-01-20 17:55:11'),
(1006,12,'2020-01-21 20:08:04','2020-01-21 20:48:47'),
(1006,13,'2020-01-21 20:48:47','2020-01-21 21:29:30'),
(1007,1,'2020-01-22 16:15:48','2020-01-22 16:55:21'),
(1007,2,'2020-01-22 16:55:21','2020-01-22 17:34:54'),
(1007,3,'2020-01-22 17:34:54','2020-01-22 18:14:27'),
(1007,4,'2020-01-22 18:14:27','2020-01-22 18:54:00'),
(1008,9,'2020-01-22 06:10:54','2020-01-22 06:52:10'),
(1008,10,'2020-01-22 06:52:10','2020-01-22 07:33:26'),
(1008,11,'2020-01-22 07:33:26','2020-01-22 08:14:42'),
(1009,18,'2020-01-21 20:09:42','2020-01-21 20:48:30'),
(1009,19,'2020-01-21 20:48:30','2020-01-21 21:27:18'),
(1010,5,'2020-01-22 16:15:12','2020-01-22 16:52:17'),
(1010,6,'2020-01-22 16:52:17','2020-01-22 17:29:22'),
(1010,7,'2020-01-22 17:29:22','2020-01-22 18:06:27'),
(1010,8,'2020-01-22 18:06:27','2020-01-22 18:43:32'),
(1011,23,'2020-01-21 10:01:02','2020-01-21 10:44:38'),
(1012,24,'2020-01-21 10:02:49','2020-01-21 10:41:11'),
(1013,16,'2020-01-21 20:04:54','2020-01-21 20:44:57'),
(1013,17,'2020-01-21 20:44:57','2020-01-21 21:25:00'),
(1014,22,'2020-01-21 10:03:28','2020-01-21 10:41:20'),
(1045,1,'2020-01-23 21:01:04','2020-01-23 21:33:27'),
(1045,2,'2020-01-23 21:33:27','2020-01-23 22:05:50'),
(1045,3,'2020-01-23 22:05:50','2020-01-23 22:38:13'),
(1045,4,'2020-01-23 22:38:13','2020-01-23 23:10:36'),
(1046,12,'2020-01-22 10:26:40','2020-01-22 11:04:56'),
(1046,13,'2020-01-22 11:04:56','2020-01-22 11:43:12'),
(1047,22,'2020-01-21 17:14:52','2020-01-21 17:49:30'),
(1048,16,'2020-01-22 10:26:04','2020-01-22 11:01:02'),
(1048,17,'2020-01-22 11:01:02','2020-01-22 11:36:00'),
(1049,23,'2020-01-21 17:15:30','2020-01-21 17:47:36'),
(1050,9,'2020-01-23 03:48:21','2020-01-23 04:28:03'),
(1050,10,'2020-01-23 04:28:03','2020-01-23 05:07:45'),
(1050,11,'2020-01-23 05:07:45','2020-01-23 05:47:27'),
(1051,5,'2020-01-23 21:17:48','2020-01-23 21:55:32'),
(1051,6,'2020-01-23 21:55:32','2020-01-23 22:33:16'),
(1051,7,'2020-01-23 22:33:16','2020-01-23 23:11:00'),
(1051,8,'2020-01-23 23:11:00','2020-01-23 23:48:44'),
(1052,20,'2020-01-22 10:27:26','2020-01-22 10:59:05'),
(1052,21,'2020-01-22 10:59:05','2020-01-22 11:30:44'),
(1053,24,'2020-01-21 17:18:49','2020-01-21 17:51:12'),
(1054,14,'2020-01-22 10:35:20','2020-01-22 11:07:32'),
(1054,15,'2020-01-22 11:07:32','2020-01-22 11:39:44'),
(1055,1,'2020-01-23 16:07:24','2020-01-23 16:49:26'),
(1055,2,'2020-01-23 16:49:26','2020-01-23 17:31:28'),
(1055,3,'2020-01-23 17:31:28','2020-01-23 18:13:30'),
(1055,4,'2020-01-23 18:13:30','2020-01-23 18:55:32'),
(1056,12,'2020-01-22 20:09:50','2020-01-22 20:46:30'),
(1056,13,'2020-01-22 20:46:30','2020-01-22 21:23:10'),
(1057,22,'2020-01-22 10:03:30','2020-01-22 10:41:57'),
(1058,16,'2020-01-22 20:04:02','2020-01-22 20:46:04'),
(1058,17,'2020-01-22 20:46:04','2020-01-22 21:28:06'),
(1059,23,'2020-01-22 10:03:31','2020-01-22 10:44:25'),
(1060,9,'2020-01-23 06:08:09','2020-01-23 06:46:13'),
(1060,10,'2020-01-23 06:46:13','2020-01-23 07:24:17'),
(1060,11,'2020-01-23 07:24:17','2020-01-23 08:02:21'),
(1061,5,'2020-01-23 16:18:48','2020-01-23 16:55:04'),
(1061,6,'2020-01-23 16:55:04','2020-01-23 17:31:20'),
(1061,7,'2020-01-23 17:31:20','2020-01-23 18:07:36'),
(1061,8,'2020-01-23 18:07:36','2020-01-23 18:43:52'),
(1062,20,'2020-01-22 20:05:20','2020-01-22 20:46:38'),
(1062,21,'2020-01-22 20:46:38','2020-01-22 21:27:56'),
(1063,24,'2020-01-22 10:01:46','2020-01-22 10:41:02'),
(1064,14,'2020-01-22 20:04:56','2020-01-22 20:47:18'),
(1064,15,'2020-01-22 20:47:18','2020-01-22 21:29:40'),
(1095,24,'2020-01-22 17:13:35','2020-01-22 17:48:12'),
(1096,1,'2020-01-24 20:56:48','2020-01-24 21:32:40'),
(1096,2,'2020-01-24 21:32:40','2020-01-24 22:08:32'),
(1096,3,'2020-01-24 22:08:32','2020-01-24 22:44:24'),
(1096,4,'2020-01-24 22:44:24','2020-01-24 23:20:16'),
(1097,14,'2020-01-23 10:26:10','2020-01-23 11:04:01'),
(1097,15,'2020-01-23 11:04:01','2020-01-23 11:41:52'),
(1098,5,'2020-01-24 20:57:24','2020-01-24 21:35:26'),
(1098,6,'2020-01-24 21:35:26','2020-01-24 22:13:28'),
(1098,7,'2020-01-24 22:13:28','2020-01-24 22:51:30'),
(1098,8,'2020-01-24 22:51:30','2020-01-24 23:29:32'),
(1099,12,'2020-01-23 10:25:30','2020-01-23 11:02:08'),
(1099,13,'2020-01-23 11:02:08','2020-01-23 11:38:46'),
(1100,18,'2020-01-23 10:32:18','2020-01-23 11:11:57'),
(1100,19,'2020-01-23 11:11:57','2020-01-23 11:51:36'),
(1101,16,'2020-01-23 10:33:46','2020-01-23 11:05:23'),
(1101,17,'2020-01-23 11:05:23','2020-01-23 11:37:00'),
(1102,9,'2020-01-24 03:50:42','2020-01-24 04:29:44'),
(1102,10,'2020-01-24 04:29:44','2020-01-24 05:08:46'),
(1102,11,'2020-01-24 05:08:46','2020-01-24 05:47:48'),
(1103,22,'2020-01-22 17:12:37','2020-01-22 17:52:16'),
(1104,23,'2020-01-22 17:14:45','2020-01-22 17:49:10'),
(1105,24,'2020-01-23 10:02:19','2020-01-23 10:44:37'),
(1106,1,'2020-01-24 16:04:28','2020-01-24 16:43:42'),
(1106,2,'2020-01-24 16:43:42','2020-01-24 17:22:56'),
(1106,3,'2020-01-24 17:22:56','2020-01-24 18:02:10'),
(1106,4,'2020-01-24 18:02:10','2020-01-24 18:41:24'),
(1107,14,'2020-01-23 20:03:30','2020-01-23 20:42:12'),
(1107,15,'2020-01-23 20:42:12','2020-01-23 21:20:54'),
(1108,5,'2020-01-24 16:19:52','2020-01-24 16:56:20'),
(1108,6,'2020-01-24 16:56:20','2020-01-24 17:32:48'),
(1108,7,'2020-01-24 17:32:48','2020-01-24 18:09:16'),
(1108,8,'2020-01-24 18:09:16','2020-01-24 18:45:44'),
(1109,12,'2020-01-23 20:02:20','2020-01-23 20:41:21'),
(1109,13,'2020-01-23 20:41:21','2020-01-23 21:20:22'),
(1110,18,'2020-01-23 20:06:26','2020-01-23 20:43:43'),
(1110,19,'2020-01-23 20:43:43','2020-01-23 21:21:00'),
(1111,16,'2020-01-23 20:05:48','2020-01-23 20:43:33'),
(1111,17,'2020-01-23 20:43:33','2020-01-23 21:21:18'),
(1112,9,'2020-01-24 06:12:33','2020-01-24 06:49:17'),
(1112,10,'2020-01-24 06:49:17','2020-01-24 07:26:01'),
(1112,11,'2020-01-24 07:26:01','2020-01-24 08:02:45'),
(1113,22,'2020-01-23 10:03:41','2020-01-23 10:44:29'),
(1114,23,'2020-01-23 10:03:26','2020-01-23 10:41:51'),
(1145,22,'2020-01-23 17:12:22','2020-01-23 17:50:23'),
(1146,20,'2020-01-24 10:29:56','2020-01-24 11:02:41'),
(1146,21,'2020-01-24 11:02:41','2020-01-24 11:35:26'),
(1147,24,'2020-01-23 17:10:41','2020-01-23 17:45:00'),
(1148,12,'2020-01-24 10:25:42','2020-01-24 10:58:26'),
(1148,13,'2020-01-24 10:58:26','2020-01-24 11:31:10'),
(1149,9,'2020-01-25 03:39:51','2020-01-25 04:17:06'),
(1149,10,'2020-01-25 04:17:06','2020-01-25 04:54:21'),
(1149,11,'2020-01-25 04:54:21','2020-01-25 05:31:36'),
(1150,23,'2020-01-23 17:15:58','2020-01-23 17:51:45'),
(1151,5,'2020-01-25 20:46:12','2020-01-25 21:23:29'),
(1151,6,'2020-01-25 21:23:29','2020-01-25 22:00:46'),
(1151,7,'2020-01-25 22:00:46','2020-01-25 22:38:03'),
(1151,8,'2020-01-25 22:38:03','2020-01-25 23:15:20'),
(1152,16,'2020-01-24 10:29:04','2020-01-24 10:59:56'),
(1152,17,'2020-01-24 10:59:56','2020-01-24 11:30:48'),
(1153,14,'2020-01-24 10:31:26','2020-01-24 11:04:14'),
(1153,15,'2020-01-24 11:04:14','2020-01-24 11:37:02'),
(1154,18,'2020-01-24 10:30:20','2020-01-24 11:05:58'),
(1154,19,'2020-01-24 11:05:58','2020-01-24 11:41:36'),
(1155,22,'2020-01-24 10:04:30','2020-01-24 10:44:09'),
(1156,20,'2020-01-24 20:07:06','2020-01-24 20:47:08'),
(1156,21,'2020-01-24 20:47:08','2020-01-24 21:27:10'),
(1157,24,'2020-01-24 10:03:48','2020-01-24 10:41:14'),
(1158,12,'2020-01-24 20:05:14','2020-01-24 20:42:41'),
(1158,13,'2020-01-24 20:42:41','2020-01-24 21:20:08'),
(1159,9,'2020-01-25 06:14:51','2020-01-25 06:49:57'),
(1159,10,'2020-01-25 06:49:57','2020-01-25 07:25:03'),
(1159,11,'2020-01-25 07:25:03','2020-01-25 08:00:09'),
(1160,23,'2020-01-24 10:03:51','2020-01-24 10:42:34'),
(1161,5,'2020-01-25 16:15:08','2020-01-25 16:53:51'),
(1161,6,'2020-01-25 16:53:51','2020-01-25 17:32:34'),
(1161,7,'2020-01-25 17:32:34','2020-01-25 18:11:17'),
(1161,8,'2020-01-25 18:11:17','2020-01-25 18:50:00'),
(1162,16,'2020-01-24 20:06:08','2020-01-24 20:47:07'),
(1162,17,'2020-01-24 20:47:07','2020-01-24 21:28:06'),
(1163,14,'2020-01-24 20:03:56','2020-01-24 20:43:30'),
(1163,15,'2020-01-24 20:43:30','2020-01-24 21:23:04'),
(1164,18,'2020-01-24 20:04:04','2020-01-24 20:43:26'),
(1164,19,'2020-01-24 20:43:26','2020-01-24 21:22:48'),
(1195,23,'2020-01-24 17:11:46','2020-01-24 17:50:54'),
(1196,16,'2020-01-25 10:35:30','2020-01-25 11:13:22'),
(1196,17,'2020-01-25 11:13:22','2020-01-25 11:51:14'),
(1197,24,'2020-01-24 17:14:34','2020-01-24 17:54:11'),
(1198,9,'2020-01-26 03:48:27','2020-01-26 04:22:39'),
(1198,10,'2020-01-26 04:22:39','2020-01-26 04:56:51'),
(1198,11,'2020-01-26 04:56:51','2020-01-26 05:31:03'),
(1199,1,'2020-01-26 21:05:20','2020-01-26 21:39:24'),
(1199,2,'2020-01-26 21:39:24','2020-01-26 22:13:28'),
(1199,3,'2020-01-26 22:13:28','2020-01-26 22:47:32'),
(1199,4,'2020-01-26 22:47:32','2020-01-26 23:21:36'),
(1200,18,'2020-01-25 10:30:48','2020-01-25 11:01:54'),
(1200,19,'2020-01-25 11:01:54','2020-01-25 11:33:00'),
(1201,14,'2020-01-25 10:34:10','2020-01-25 11:06:49'),
(1201,15,'2020-01-25 11:06:49','2020-01-25 11:39:28'),
(1202,12,'2020-01-25 10:30:36','2020-01-25 11:03:46'),
(1202,13,'2020-01-25 11:03:46','2020-01-25 11:36:56'),
(1203,20,'2020-01-25 10:24:58','2020-01-25 11:03:40'),
(1203,21,'2020-01-25 11:03:40','2020-01-25 11:42:22'),
(1204,5,'2020-01-26 21:14:12','2020-01-26 21:44:33'),
(1204,6,'2020-01-26 21:44:33','2020-01-26 22:14:54'),
(1204,7,'2020-01-26 22:14:54','2020-01-26 22:45:15'),
(1204,8,'2020-01-26 22:45:15','2020-01-26 23:15:36'),
(1205,23,'2020-01-25 10:03:33','2020-01-25 10:43:26'),
(1206,16,'2020-01-25 20:05:26','2020-01-25 20:44:09'),
(1206,17,'2020-01-25 20:44:09','2020-01-25 21:22:52'),
(1207,24,'2020-01-25 10:04:34','2020-01-25 10:41:06'),
(1208,9,'2020-01-26 06:14:54','2020-01-26 06:54:37'),
(1208,10,'2020-01-26 06:54:37','2020-01-26 07:34:20'),
(1208,11,'2020-01-26 07:34:20','2020-01-26 08:14:03'),
(1209,1,'2020-01-26 16:18:16','2020-01-26 16:56:54'),
(1209,2,'2020-01-26 16:56:54','2020-01-26 17:35:32'),
(1209,3,'2020-01-26 17:35:32','2020-01-26 18:14:10'),
(1209,4,'2020-01-26 18:14:10','2020-01-26 18:52:48'),
(1210,18,'2020-01-25 20:06:54','2020-01-25 20:45:17'),
(1210,19,'2020-01-25 20:45:17','2020-01-25 21:23:40'),
(1211,14,'2020-01-25 20:07:20','2020-01-25 20:48:34'),
(1211,15,'2020-01-25 20:48:34','2020-01-25 21:29:48'),
(1212,12,'2020-01-25 20:04:58','2020-01-25 20:44:39'),
(1212,13,'2020-01-25 20:44:39','2020-01-25 21:24:20'),
(1213,20,'2020-01-25 20:03:52','2020-01-25 20:43:59'),
(1213,21,'2020-01-25 20:43:59','2020-01-25 21:24:06'),
(1214,5,'2020-01-26 16:11:04','2020-01-26 16:48:59'),
(1214,6,'2020-01-26 16:48:59','2020-01-26 17:26:54'),
(1214,7,'2020-01-26 17:26:54','2020-01-26 18:04:49'),
(1214,8,'2020-01-26 18:04:49','2020-01-26 18:42:44'),
(1245,20,'2020-01-26 10:22:24','2020-01-26 11:01:12'),
(1245,21,'2020-01-26 11:01:12','2020-01-26 11:40:00'),
(1246,1,'2020-01-27 20:41:44','2020-01-27 21:17:50'),
(1246,2,'2020-01-27 21:17:50','2020-01-27 21:53:56'),
(1246,3,'2020-01-27 21:53:56','2020-01-27 22:30:02'),
(1246,4,'2020-01-27 22:30:02','2020-01-27 23:06:08'),
(1247,24,'2020-01-25 17:14:46','2020-01-25 17:49:52'),
(1248,9,'2020-01-27 03:40:00','2020-01-27 04:18:08'),
(1248,10,'2020-01-27 04:18:08','2020-01-27 04:56:16'),
(1248,11,'2020-01-27 04:56:16','2020-01-27 05:34:24'),
(1249,16,'2020-01-26 10:26:30','2020-01-26 10:58:07'),
(1249,17,'2020-01-26 10:58:07','2020-01-26 11:29:44'),
(1250,23,'2020-01-25 17:11:24','2020-01-25 17:45:29'),
(1251,12,'2020-01-26 10:24:16','2020-01-26 11:03:14'),
(1251,13,'2020-01-26 11:03:14','2020-01-26 11:42:12'),
(1252,18,'2020-01-26 10:24:46','2020-01-26 10:56:42'),
(1252,19,'2020-01-26 10:56:42','2020-01-26 11:28:38'),
(1253,22,'2020-01-25 17:12:13','2020-01-25 17:48:38'),
(1254,5,'2020-01-27 20:52:48','2020-01-27 21:32:33'),
(1254,6,'2020-01-27 21:32:33','2020-01-27 22:12:18'),
(1254,7,'2020-01-27 22:12:18','2020-01-27 22:52:03'),
(1254,8,'2020-01-27 22:52:03','2020-01-27 23:31:48'),
(1255,20,'2020-01-26 20:07:24','2020-01-26 20:45:28'),
(1255,21,'2020-01-26 20:45:28','2020-01-26 21:23:32'),
(1256,1,'2020-01-27 16:04:20','2020-01-27 16:45:59'),
(1256,2,'2020-01-27 16:45:59','2020-01-27 17:27:38'),
(1256,3,'2020-01-27 17:27:38','2020-01-27 18:09:17'),
(1256,4,'2020-01-27 18:09:17','2020-01-27 18:50:56'),
(1257,24,'2020-01-26 10:02:03','2020-01-26 10:44:10'),
(1258,9,'2020-01-27 06:08:36','2020-01-27 06:50:07'),
(1258,10,'2020-01-27 06:50:07','2020-01-27 07:31:38'),
(1258,11,'2020-01-27 07:31:38','2020-01-27 08:13:09'),
(1259,16,'2020-01-26 20:09:44','2020-01-26 20:47:31'),
(1259,17,'2020-01-26 20:47:31','2020-01-26 21:25:18'),
(1260,23,'2020-01-26 10:01:44','2020-01-26 10:43:41'),
(1261,12,'2020-01-26 20:09:48','2020-01-26 20:49:01'),
(1261,13,'2020-01-26 20:49:01','2020-01-26 21:28:14'),
(1262,18,'2020-01-26 20:09:42','2020-01-26 20:45:46'),
(1262,19,'2020-01-26 20:45:46','2020-01-26 21:21:50'),
(1263,22,'2020-01-26 10:03:19','2020-01-26 10:44:49'),
(1264,5,'2020-01-27 16:13:08','2020-01-27 16:50:50'),
(1264,6,'2020-01-27 16:50:50','2020-01-27 17:28:32'),
(1264,7,'2020-01-27 17:28:32','2020-01-27 18:06:14'),
(1264,8,'2020-01-27 18:06:14','2020-01-27 18:43:56'),
(1295,23,'2020-01-26 17:16:39','2020-01-26 17:54:58'),
(1296,9,'2020-01-28 03:55:21','2020-01-28 04:33:53'),
(1296,10,'2020-01-28 04:33:53','2020-01-28 05:12:25'),
(1296,11,'2020-01-28 05:12:25','2020-01-28 05:50:57'),
(1297,22,'2020-01-26 17:12:05','2020-01-26 17:47:58'),
(1298,12,'2020-01-27 10:32:08','2020-01-27 11:04:15'),
(1298,13,'2020-01-27 11:04:15','2020-01-27 11:36:22'),
(1299,18,'2020-01-27 10:22:56','2020-01-27 11:01:30'),
(1299,19,'2020-01-27 11:01:30','2020-01-27 11:40:04'),
(1300,16,'2020-01-27 10:30:08','2020-01-27 11:01:40'),
(1300,17,'2020-01-27 11:01:40','2020-01-27 11:33:12'),
(1301,20,'2020-01-27 10:32:30','2020-01-27 11:08:47'),
(1301,21,'2020-01-27 11:08:47','2020-01-27 11:45:04'),
(1302,24,'2020-01-26 17:14:23','2020-01-26 17:51:16'),
(1303,14,'2020-01-27 10:28:24','2020-01-27 11:04:05'),
(1303,15,'2020-01-27 11:04:05','2020-01-27 11:39:46'),
(1304,1,'2020-01-28 21:00:12','2020-01-28 21:38:40'),
(1304,2,'2020-01-28 21:38:40','2020-01-28 22:17:08'),
(1304,3,'2020-01-28 22:17:08','2020-01-28 22:55:36'),
(1304,4,'2020-01-28 22:55:36','2020-01-28 23:34:04'),
(1305,23,'2020-01-27 10:01:05','2020-01-27 10:43:36'),
(1306,9,'2020-01-28 06:11:45','2020-01-28 06:49:33'),
(1306,10,'2020-01-28 06:49:33','2020-01-28 07:27:21'),
(1306,11,'2020-01-28 07:27:21','2020-01-28 08:05:09'),
(1307,22,'2020-01-27 10:03:25','2020-01-27 10:43:21'),
(1308,12,'2020-01-27 20:04:10','2020-01-27 20:45:47'),
(1308,13,'2020-01-27 20:45:47','2020-01-27 21:27:24'),
(1309,18,'2020-01-27 20:04:04','2020-01-27 20:42:46'),
(1309,19,'2020-01-27 20:42:46','2020-01-27 21:21:28'),
(1310,16,'2020-01-27 20:09:20','2020-01-27 20:49:13'),
(1310,17,'2020-01-27 20:49:13','2020-01-27 21:29:06'),
(1311,20,'2020-01-27 20:08:50','2020-01-27 20:47:13'),
(1311,21,'2020-01-27 20:47:13','2020-01-27 21:25:36'),
(1312,24,'2020-01-27 10:01:22','2020-01-27 10:43:30'),
(1313,14,'2020-01-27 20:04:30','2020-01-27 20:46:15'),
(1313,15,'2020-01-27 20:46:15','2020-01-27 21:28:00'),
(1314,1,'2020-01-28 16:12:24','2020-01-28 16:52:08'),
(1314,2,'2020-01-28 16:52:08','2020-01-28 17:31:52'),
(1314,3,'2020-01-28 17:31:52','2020-01-28 18:11:36'),
(1314,4,'2020-01-28 18:11:36','2020-01-28 18:51:20'),
(1345,16,'2020-01-28 10:25:20','2020-01-28 10:57:57'),
(1345,17,'2020-01-28 10:57:57','2020-01-28 11:30:34'),
(1346,22,'2020-01-27 17:11:08','2020-01-27 17:49:50'),
(1347,5,'2020-01-29 21:05:08','2020-01-29 21:38:02'),
(1347,6,'2020-01-29 21:38:02','2020-01-29 22:10:56'),
(1347,7,'2020-01-29 22:10:56','2020-01-29 22:43:50'),
(1347,8,'2020-01-29 22:43:50','2020-01-29 23:16:44'),
(1348,1,'2020-01-29 21:06:16','2020-01-29 21:38:00'),
(1348,2,'2020-01-29 21:38:00','2020-01-29 22:09:44'),
(1348,3,'2020-01-29 22:09:44','2020-01-29 22:41:28'),
(1348,4,'2020-01-29 22:41:28','2020-01-29 23:13:12'),
(1349,9,'2020-01-29 03:46:06','2020-01-29 04:19:06'),
(1349,10,'2020-01-29 04:19:06','2020-01-29 04:52:06'),
(1349,11,'2020-01-29 04:52:06','2020-01-29 05:25:06'),
(1350,18,'2020-01-28 10:33:16','2020-01-28 11:05:07'),
(1350,19,'2020-01-28 11:05:07','2020-01-28 11:36:58'),
(1351,24,'2020-01-27 17:19:10','2020-01-27 17:50:16'),
(1352,20,'2020-01-28 10:27:22','2020-01-28 11:02:40'),
(1352,21,'2020-01-28 11:02:40','2020-01-28 11:37:58'),
(1353,12,'2020-01-28 10:34:32','2020-01-28 11:13:30'),
(1353,13,'2020-01-28 11:13:30','2020-01-28 11:52:28'),
(1354,14,'2020-01-28 10:30:08','2020-01-28 11:07:43'),
(1354,15,'2020-01-28 11:07:43','2020-01-28 11:45:18'),
(1355,23,'2020-01-27 17:12:11','2020-01-27 17:43:17'),
(1356,16,'2020-01-28 20:04:48','2020-01-28 20:44:05'),
(1356,17,'2020-01-28 20:44:05','2020-01-28 21:23:22'),
(1357,22,'2020-01-28 10:03:08','2020-01-28 10:42:49'),
(1358,5,'2020-01-29 16:12:24','2020-01-29 16:50:05'),
(1358,6,'2020-01-29 16:50:05','2020-01-29 17:27:46'),
(1358,7,'2020-01-29 17:27:46','2020-01-29 18:05:27'),
(1358,8,'2020-01-29 18:05:27','2020-01-29 18:43:08'),
(1359,1,'2020-01-29 16:07:40','2020-01-29 16:50:40'),
(1359,2,'2020-01-29 16:50:40','2020-01-29 17:33:40'),
(1359,3,'2020-01-29 17:33:40','2020-01-29 18:16:40'),
(1359,4,'2020-01-29 18:16:40','2020-01-29 18:59:40'),
(1360,9,'2020-01-29 06:06:09','2020-01-29 06:46:57'),
(1360,10,'2020-01-29 06:46:57','2020-01-29 07:27:45'),
(1360,11,'2020-01-29 07:27:45','2020-01-29 08:08:33'),
(1361,18,'2020-01-28 20:02:24','2020-01-28 20:42:12'),
(1361,19,'2020-01-28 20:42:12','2020-01-28 21:22:00'),
(1362,24,'2020-01-28 10:04:03','2020-01-28 10:40:17'),
(1363,20,'2020-01-28 20:07:22','2020-01-28 20:47:59'),
(1363,21,'2020-01-28 20:47:59','2020-01-28 21:28:36'),
(1364,12,'2020-01-28 20:07:32','2020-01-28 20:46:30'),
(1364,13,'2020-01-28 20:46:30','2020-01-28 21:25:28'),
(1365,14,'2020-01-28 20:09:16','2020-01-28 20:48:49'),
(1365,15,'2020-01-28 20:48:49','2020-01-28 21:28:22'),
(1366,23,'2020-01-28 10:03:32','2020-01-28 10:40:35'),
(1397,18,'2020-01-29 10:32:04','2020-01-29 11:08:43'),
(1397,19,'2020-01-29 11:08:43','2020-01-29 11:45:22'),
(1398,20,'2020-01-29 10:35:14','2020-01-29 11:11:10'),
(1398,21,'2020-01-29 11:11:10','2020-01-29 11:47:06'),
(1399,1,'2020-01-30 20:58:48','2020-01-30 21:30:54'),
(1399,2,'2020-01-30 21:30:54','2020-01-30 22:03:00'),
(1399,3,'2020-01-30 22:03:00','2020-01-30 22:35:06'),
(1399,4,'2020-01-30 22:35:06','2020-01-30 23:07:12'),
(1400,16,'2020-01-29 10:24:50','2020-01-29 10:57:45'),
(1400,17,'2020-01-29 10:57:45','2020-01-29 11:30:40'),
(1401,22,'2020-01-28 17:11:37','2020-01-28 17:45:23'),
(1402,14,'2020-01-29 10:26:04','2020-01-29 10:58:35'),
(1402,15,'2020-01-29 10:58:35','2020-01-29 11:31:06'),
(1403,24,'2020-01-28 17:13:03','2020-01-28 17:49:18'),
(1404,12,'2020-01-29 10:31:30','2020-01-29 11:04:47'),
(1404,13,'2020-01-29 11:04:47','2020-01-29 11:38:04'),
(1405,23,'2020-01-28 17:14:31','2020-01-28 17:46:13'),
(1406,5,'2020-01-30 21:05:08','2020-01-30 21:42:53'),
(1406,6,'2020-01-30 21:42:53','2020-01-30 22:20:38'),
(1406,7,'2020-01-30 22:20:38','2020-01-30 22:58:23'),
(1406,8,'2020-01-30 22:58:23','2020-01-30 23:36:08'),
(1407,9,'2020-01-30 03:48:27','2020-01-30 04:24:21'),
(1407,10,'2020-01-30 04:24:21','2020-01-30 05:00:15'),
(1407,11,'2020-01-30 05:00:15','2020-01-30 05:36:09'),
(1408,18,'2020-01-29 20:05:20','2020-01-29 20:45:21'),
(1408,19,'2020-01-29 20:45:21','2020-01-29 21:25:22'),
(1409,20,'2020-01-29 20:08:46','2020-01-29 20:49:12'),
(1409,21,'2020-01-29 20:49:12','2020-01-29 21:29:38'),
(1410,1,'2020-01-30 16:17:04','2020-01-30 16:55:52'),
(1410,2,'2020-01-30 16:55:52','2020-01-30 17:34:40'),
(1410,3,'2020-01-30 17:34:40','2020-01-30 18:13:28'),
(1410,4,'2020-01-30 18:13:28','2020-01-30 18:52:16'),
(1411,16,'2020-01-29 20:03:56','2020-01-29 20:44:33'),
(1411,17,'2020-01-29 20:44:33','2020-01-29 21:25:10'),
(1412,22,'2020-01-29 10:04:19','2020-01-29 10:41:17'),
(1413,14,'2020-01-29 20:02:16','2020-01-29 20:44:08'),
(1413,15,'2020-01-29 20:44:08','2020-01-29 21:26:00'),
(1414,24,'2020-01-29 10:02:06','2020-01-29 10:44:31'),
(1415,12,'2020-01-29 20:08:40','2020-01-29 20:44:56'),
(1415,13,'2020-01-29 20:44:56','2020-01-29 21:21:12'),
(1416,23,'2020-01-29 10:01:17','2020-01-29 10:42:01'),
(1417,5,'2020-01-30 16:16:32','2020-01-30 16:52:33'),
(1417,6,'2020-01-30 16:52:33','2020-01-30 17:28:34'),
(1417,7,'2020-01-30 17:28:34','2020-01-30 18:04:35'),
(1417,8,'2020-01-30 18:04:35','2020-01-30 18:40:36'),
(1418,9,'2020-01-30 06:14:24','2020-01-30 06:52:15'),
(1418,10,'2020-01-30 06:52:15','2020-01-30 07:30:06'),
(1418,11,'2020-01-30 07:30:06','2020-01-30 08:07:57'),
(1449,23,'2020-01-29 17:12:48','2020-01-29 17:50:46'),
(1450,24,'2020-01-29 17:11:24','2020-01-29 17:44:05'),
(1451,12,'2020-01-30 10:29:48','2020-01-30 11:00:45'),
(1451,13,'2020-01-30 11:00:45','2020-01-30 11:31:42'),
(1452,18,'2020-01-30 10:27:38','2020-01-30 10:58:53'),
(1452,19,'2020-01-30 10:58:53','2020-01-30 11:30:08'),
(1453,16,'2020-01-30 10:24:22','2020-01-30 11:01:45'),
(1453,17,'2020-01-30 11:01:45','2020-01-30 11:39:08'),
(1454,9,'2020-01-31 03:41:42','2020-01-31 04:18:44'),
(1454,10,'2020-01-31 04:18:44','2020-01-31 04:55:46'),
(1454,11,'2020-01-31 04:55:46','2020-01-31 05:32:48'),
(1455,1,'2020-01-31 21:05:40','2020-01-31 21:36:25'),
(1455,2,'2020-01-31 21:36:25','2020-01-31 22:07:10'),
(1455,3,'2020-01-31 22:07:10','2020-01-31 22:37:55'),
(1455,4,'2020-01-31 22:37:55','2020-01-31 23:08:40'),
(1456,22,'2020-01-29 17:14:23','2020-01-29 17:52:54'),
(1457,5,'2020-01-31 20:47:44','2020-01-31 21:19:51'),
(1457,6,'2020-01-31 21:19:51','2020-01-31 21:51:58'),
(1457,7,'2020-01-31 21:51:58','2020-01-31 22:24:05'),
(1457,8,'2020-01-31 22:24:05','2020-01-31 22:56:12'),
(1458,14,'2020-01-30 10:34:38','2020-01-30 11:13:04'),
(1458,15,'2020-01-30 11:13:04','2020-01-30 11:51:30'),
(1459,23,'2020-01-30 10:02:42','2020-01-30 10:44:11'),
(1460,24,'2020-01-30 10:03:07','2020-01-30 10:41:48'),
(1461,12,'2020-01-30 20:06:36','2020-01-30 20:44:33'),
(1461,13,'2020-01-30 20:44:33','2020-01-30 21:22:30'),
(1462,18,'2020-01-30 20:02:34','2020-01-30 20:45:20'),
(1462,19,'2020-01-30 20:45:20','2020-01-30 21:28:06'),
(1463,16,'2020-01-30 20:03:52','2020-01-30 20:46:26'),
(1463,17,'2020-01-30 20:46:26','2020-01-30 21:29:00'),
(1464,9,'2020-01-31 06:14:30','2020-01-31 06:51:36'),
(1464,10,'2020-01-31 06:51:36','2020-01-31 07:28:42'),
(1464,11,'2020-01-31 07:28:42','2020-01-31 08:05:48'),
(1465,1,'2020-01-31 16:11:00','2020-01-31 16:51:37'),
(1465,2,'2020-01-31 16:51:37','2020-01-31 17:32:14'),
(1465,3,'2020-01-31 17:32:14','2020-01-31 18:12:51'),
(1465,4,'2020-01-31 18:12:51','2020-01-31 18:53:28'),
(1466,22,'2020-01-30 10:04:08','2020-01-30 10:41:45'),
(1467,5,'2020-01-31 16:06:16','2020-01-31 16:47:49'),
(1467,6,'2020-01-31 16:47:49','2020-01-31 17:29:22'),
(1467,7,'2020-01-31 17:29:22','2020-01-31 18:10:55'),
(1467,8,'2020-01-31 18:10:55','2020-01-31 18:52:28'),
(1468,14,'2020-01-30 20:06:06','2020-01-30 20:43:16'),
(1468,15,'2020-01-30 20:43:16','2020-01-30 21:20:26'),
(1499,16,'2020-01-31 10:23:30','2020-01-31 10:57:43'),
(1499,17,'2020-01-31 10:57:43','2020-01-31 11:31:56'),
(1500,22,'2020-01-30 17:14:47','2020-01-30 17:54:33'),
(1501,20,'2020-01-31 10:25:42','2020-01-31 11:03:35'),
(1501,21,'2020-01-31 11:03:35','2020-01-31 11:41:28'),
(1502,24,'2020-01-30 17:16:46','2020-01-30 17:52:39'),
(1503,5,'2020-02-01 20:54:28','2020-02-01 21:25:38'),
(1503,6,'2020-02-01 21:25:38','2020-02-01 21:56:48'),
(1503,7,'2020-02-01 21:56:48','2020-02-01 22:27:58'),
(1503,8,'2020-02-01 22:27:58','2020-02-01 22:59:08'),
(1504,9,'2020-02-01 03:43:24','2020-02-01 04:22:20'),
(1504,10,'2020-02-01 04:22:20','2020-02-01 05:01:16'),
(1504,11,'2020-02-01 05:01:16','2020-02-01 05:40:12'),
(1505,18,'2020-01-31 10:31:42','2020-01-31 11:04:08'),
(1505,19,'2020-01-31 11:04:08','2020-01-31 11:36:34'),
(1506,14,'2020-01-31 10:22:44','2020-01-31 10:58:29'),
(1506,15,'2020-01-31 10:58:29','2020-01-31 11:34:14'),
(1507,12,'2020-01-31 10:31:02','2020-01-31 11:01:56'),
(1507,13,'2020-01-31 11:01:56','2020-01-31 11:32:50'),
(1508,23,'2020-01-30 17:16:27','2020-01-30 17:49:05'),
(1509,1,'2020-02-01 21:00:48','2020-02-01 21:31:19'),
(1509,2,'2020-02-01 21:31:19','2020-02-01 22:01:50'),
(1509,3,'2020-02-01 22:01:50','2020-02-01 22:32:21'),
(1509,4,'2020-02-01 22:32:21','2020-02-01 23:02:52'),
(1510,16,'2020-01-31 20:07:08','2020-01-31 20:44:46'),
(1510,17,'2020-01-31 20:44:46','2020-01-31 21:22:24'),
(1511,22,'2020-01-31 10:04:06','2020-01-31 10:41:24'),
(1512,20,'2020-01-31 20:08:48','2020-01-31 20:44:47'),
(1512,21,'2020-01-31 20:44:47','2020-01-31 21:20:46'),
(1513,24,'2020-01-31 10:04:36','2020-01-31 10:40:18'),
(1514,5,'2020-02-01 16:11:32','2020-02-01 16:49:36'),
(1514,6,'2020-02-01 16:49:36','2020-02-01 17:27:40'),
(1514,7,'2020-02-01 17:27:40','2020-02-01 18:05:44'),
(1514,8,'2020-02-01 18:05:44','2020-02-01 18:43:48'),
(1515,9,'2020-02-01 06:03:06','2020-02-01 06:44:21'),
(1515,10,'2020-02-01 06:44:21','2020-02-01 07:25:36'),
(1515,11,'2020-02-01 07:25:36','2020-02-01 08:06:51'),
(1516,18,'2020-01-31 20:02:16','2020-01-31 20:43:34'),
(1516,19,'2020-01-31 20:43:34','2020-01-31 21:24:52'),
(1517,14,'2020-01-31 20:09:12','2020-01-31 20:47:28'),
(1517,15,'2020-01-31 20:47:28','2020-01-31 21:25:44'),
(1518,12,'2020-01-31 20:03:12','2020-01-31 20:45:25'),
(1518,13,'2020-01-31 20:45:25','2020-01-31 21:27:38'),
(1519,23,'2020-01-31 10:03:51','2020-01-31 10:40:54'),
(1520,1,'2020-02-01 16:12:52','2020-02-01 16:54:01'),
(1520,2,'2020-02-01 16:54:01','2020-02-01 17:35:10'),
(1520,3,'2020-02-01 17:35:10','2020-02-01 18:16:19'),
(1520,4,'2020-02-01 18:16:19','2020-02-01 18:57:28'),
(1551,22,'2020-01-31 17:16:19','2020-01-31 17:49:45'),
(1552,5,'2020-02-02 20:38:56','2020-02-02 21:14:46'),
(1552,6,'2020-02-02 21:14:46','2020-02-02 21:50:36'),
(1552,7,'2020-02-02 21:50:36','2020-02-02 22:26:26'),
(1552,8,'2020-02-02 22:26:26','2020-02-02 23:02:16'),
(1553,1,'2020-02-02 21:15:56','2020-02-02 21:52:18'),
(1553,2,'2020-02-02 21:52:18','2020-02-02 22:28:40'),
(1553,3,'2020-02-02 22:28:40','2020-02-02 23:05:02'),
(1553,4,'2020-02-02 23:05:02','2020-02-02 23:41:24'),
(1554,16,'2020-02-01 10:30:34','2020-02-01 11:04:03'),
(1554,17,'2020-02-01 11:04:03','2020-02-01 11:37:32'),
(1555,20,'2020-02-01 10:25:34','2020-02-01 10:59:06'),
(1555,21,'2020-02-01 10:59:06','2020-02-01 11:32:38'),
(1556,12,'2020-02-01 10:21:54','2020-02-01 10:59:43'),
(1556,13,'2020-02-01 10:59:43','2020-02-01 11:37:32'),
(1557,24,'2020-01-31 17:16:27','2020-01-31 17:49:49'),
(1558,23,'2020-01-31 17:16:28','2020-01-31 17:51:53'),
(1559,18,'2020-02-01 10:23:28','2020-02-01 10:59:15'),
(1559,19,'2020-02-01 10:59:15','2020-02-01 11:35:02'),
(1560,9,'2020-02-02 03:50:18','2020-02-02 04:26:26'),
(1560,10,'2020-02-02 04:26:26','2020-02-02 05:02:34'),
(1560,11,'2020-02-02 05:02:34','2020-02-02 05:38:42'),
(1561,14,'2020-02-01 10:34:10','2020-02-01 11:13:00'),
(1561,15,'2020-02-01 11:13:00','2020-02-01 11:51:50');

INSERT INTO zlecenia VALUES
(1,199,12,3,'2020-01-02 08:00:03',2),
(2,201,182,3,'2020-01-02 08:04:01',2),
(3,101,171,16,'2020-01-02 08:08:01',1),
(4,94,80,20,'2020-01-02 08:12:00',1),
(5,88,160,14,'2020-01-02 08:16:00',3),
(6,106,135,4,'2020-01-02 08:20:01',3),
(7,108,25,12,'2020-01-02 08:24:03',1),
(8,119,18,15,'2020-01-02 08:28:01',1),
(9,190,91,10,'2020-01-02 08:32:03',1),
(10,126,173,10,'2020-01-02 08:36:03',2),
(11,98,40,17,'2020-01-02 08:40:03',3),
(12,195,58,12,'2020-01-02 08:44:02',1),
(13,62,55,16,'2020-01-02 08:48:01',3),
(14,189,122,16,'2020-01-02 08:52:00',3),
(15,149,32,15,'2020-01-02 08:56:02',3),
(16,169,39,7,'2020-01-03 08:00:00',1),
(17,42,112,4,'2020-01-03 08:04:03',2),
(18,86,131,5,'2020-01-03 08:08:02',3),
(19,2,170,3,'2020-01-03 08:12:02',1),
(20,152,99,13,'2020-01-03 08:16:00',1),
(21,134,57,24,'2020-01-03 08:20:01',2),
(22,51,64,3,'2020-01-03 08:24:02',2),
(23,97,37,13,'2020-01-03 08:28:03',1),
(24,33,176,3,'2020-01-03 08:32:00',3),
(25,33,38,18,'2020-01-03 08:36:01',1),
(26,57,66,14,'2020-01-03 08:40:02',3),
(27,11,98,23,'2020-01-03 08:44:03',1),
(28,78,96,24,'2020-01-03 08:48:00',2),
(29,136,109,2,'2020-01-03 08:52:02',3),
(30,25,147,1,'2020-01-03 08:56:01',2),
(31,84,141,12,'2020-01-04 08:00:02',3),
(32,65,17,24,'2020-01-04 08:04:01',1),
(33,54,19,4,'2020-01-04 08:08:03',1),
(34,112,105,3,'2020-01-04 08:12:02',2),
(35,39,115,19,'2020-01-04 08:16:00',2),
(36,125,162,12,'2020-01-04 08:20:01',3),
(37,189,64,3,'2020-01-04 08:28:01',2),
(38,73,82,18,'2020-01-04 08:32:00',3),
(39,48,93,10,'2020-01-04 08:36:00',3),
(40,91,15,14,'2020-01-04 08:40:01',1),
(41,79,16,19,'2020-01-04 08:44:00',1),
(42,133,84,8,'2020-01-04 08:48:02',3),
(43,192,64,3,'2020-01-04 08:52:00',3),
(44,114,127,1,'2020-01-04 08:56:02',3),
(45,63,12,3,'2020-01-05 08:00:01',1),
(46,180,189,24,'2020-01-05 08:04:02',1),
(47,74,98,23,'2020-01-05 08:08:01',2),
(48,92,23,7,'2020-01-05 08:12:01',1),
(49,182,197,23,'2020-01-05 08:16:02',2),
(50,61,6,13,'2020-01-05 08:20:03',1),
(51,5,182,3,'2020-01-05 08:28:00',3),
(52,27,164,5,'2020-01-05 08:32:03',2),
(53,13,163,7,'2020-01-05 08:48:02',2),
(54,189,29,21,'2020-01-05 08:52:01',2),
(55,167,19,4,'2020-01-06 08:04:01',3),
(56,7,21,15,'2020-01-06 08:08:00',3),
(57,16,186,23,'2020-01-06 08:12:02',1),
(58,83,63,4,'2020-01-06 08:20:01',2),
(59,145,175,11,'2020-01-06 08:24:02',1),
(60,168,30,5,'2020-01-06 08:28:00',2),
(61,72,65,7,'2020-01-06 08:32:01',2),
(62,193,98,23,'2020-01-06 08:40:00',3),
(63,113,47,17,'2020-01-06 08:48:03',2),
(64,74,10,16,'2020-01-06 08:52:03',3),
(65,137,58,12,'2020-01-06 08:56:00',2),
(66,137,181,11,'2020-01-07 08:00:00',3),
(67,110,82,18,'2020-01-07 08:04:00',2),
(68,200,151,7,'2020-01-07 08:08:01',2),
(69,14,5,15,'2020-01-07 08:12:03',3),
(70,148,48,21,'2020-01-07 08:24:01',3),
(71,118,40,17,'2020-01-07 08:28:02',3),
(72,5,116,14,'2020-01-07 08:32:00',2),
(73,6,89,24,'2020-01-07 08:40:00',2),
(74,104,133,4,'2020-01-07 08:44:01',3),
(75,91,194,14,'2020-01-07 08:48:00',2),
(76,54,147,1,'2020-01-07 08:52:03',2),
(77,93,10,16,'2020-01-08 08:04:02',1),
(78,166,181,11,'2020-01-08 08:08:03',2),
(79,128,150,8,'2020-01-08 08:16:00',1),
(80,175,60,24,'2020-01-08 08:20:03',1),
(81,30,96,24,'2020-01-08 08:24:01',2),
(82,64,6,13,'2020-01-08 08:28:01',3),
(83,26,33,11,'2020-01-08 08:32:00',1),
(84,199,40,17,'2020-01-08 08:40:01',3),
(85,153,9,8,'2020-01-08 08:44:00',2),
(86,157,77,23,'2020-01-08 08:48:03',1),
(87,107,32,15,'2020-01-08 08:52:00',1),
(88,145,188,22,'2020-01-09 08:00:01',3),
(89,114,150,8,'2020-01-09 08:04:00',3),
(90,155,159,15,'2020-01-09 08:12:03',3),
(91,154,100,10,'2020-01-09 08:16:02',1),
(92,177,134,8,'2020-01-09 08:20:00',2),
(93,88,93,10,'2020-01-09 08:24:01',1),
(94,79,197,23,'2020-01-09 08:28:02',2),
(95,71,67,18,'2020-01-09 08:36:02',2),
(96,189,131,5,'2020-01-09 08:52:00',1),
(97,22,129,2,'2020-01-10 08:00:01',1),
(98,16,53,14,'2020-01-10 08:04:01',3),
(99,93,4,20,'2020-01-10 08:08:03',2),
(100,159,34,14,'2020-01-10 08:12:01',3),
(101,110,43,23,'2020-01-10 08:16:02',1),
(102,150,124,9,'2020-01-10 08:20:02',2),
(103,102,82,18,'2020-01-10 08:40:00',2),
(104,118,191,5,'2020-01-10 08:44:01',1),
(105,101,120,23,'2020-01-10 08:56:02',1),
(106,22,47,17,'2020-01-11 08:00:03',3),
(107,56,59,17,'2020-01-11 08:04:02',3),
(108,152,48,21,'2020-01-11 08:12:02',2),
(109,43,49,21,'2020-01-11 08:16:01',3),
(110,127,149,9,'2020-01-11 08:20:02',1),
(111,182,126,23,'2020-01-11 08:28:02',2),
(112,189,76,4,'2020-01-11 08:32:02',1),
(113,136,34,14,'2020-01-11 08:40:02',3),
(114,12,157,11,'2020-01-11 08:44:00',3),
(115,155,151,7,'2020-01-11 08:48:02',3),
(116,178,195,23,'2020-01-11 08:52:01',3),
(117,79,62,7,'2020-01-11 08:56:01',3),
(118,168,121,17,'2020-01-12 08:04:00',3),
(119,84,88,5,'2020-01-12 08:08:02',2),
(120,186,53,14,'2020-01-12 08:12:01',2),
(121,81,115,19,'2020-01-12 08:16:01',2),
(122,50,121,17,'2020-01-12 08:28:01',3),
(123,20,3,9,'2020-01-12 08:36:03',1),
(124,82,186,23,'2020-01-12 08:56:01',2),
(125,61,189,24,'2020-01-13 08:12:03',1),
(126,194,8,18,'2020-01-13 08:20:01',3),
(127,170,55,16,'2020-01-13 08:24:00',1),
(128,140,112,4,'2020-01-13 08:28:03',3),
(129,135,124,9,'2020-01-13 08:32:03',3),
(130,17,127,1,'2020-01-13 08:36:03',3),
(131,188,157,11,'2020-01-13 08:40:03',1),
(132,62,140,16,'2020-01-13 08:44:00',2),
(133,70,136,9,'2020-01-13 08:56:00',2),
(134,195,3,9,'2020-01-14 08:08:03',1),
(135,26,75,15,'2020-01-14 08:40:01',2),
(136,109,194,14,'2020-01-14 08:48:01',3),
(137,124,185,8,'2020-01-14 08:52:00',1),
(138,197,185,8,'2020-01-14 08:56:03',2),
(139,137,121,17,'2020-01-15 08:04:01',1),
(140,126,32,15,'2020-01-15 08:28:03',3),
(141,190,110,20,'2020-01-15 08:32:02',2),
(142,142,121,17,'2020-01-15 08:36:03',2),
(143,50,127,1,'2020-01-15 08:56:02',2),
(144,196,101,17,'2020-01-16 08:00:03',2),
(145,194,139,19,'2020-01-16 08:12:02',2),
(146,9,107,6,'2020-01-16 08:16:02',2),
(147,33,198,23,'2020-01-16 08:20:01',2),
(148,84,111,24,'2020-01-16 08:24:03',1),
(149,162,195,23,'2020-01-16 08:32:01',3),
(150,10,93,10,'2020-01-16 08:40:03',2),
(151,133,45,10,'2020-01-16 08:44:00',2),
(152,29,116,14,'2020-01-16 08:52:03',3),
(153,90,106,8,'2020-01-16 08:56:00',2),
(154,159,55,16,'2020-01-17 08:04:03',1),
(155,77,159,15,'2020-01-17 08:16:01',2),
(156,9,188,22,'2020-01-17 08:20:01',2),
(157,3,109,2,'2020-01-17 08:24:01',2),
(158,127,182,3,'2020-01-17 08:40:00',3),
(159,140,83,6,'2020-01-17 08:44:00',1),
(160,155,103,16,'2020-01-17 08:52:03',2),
(161,42,109,2,'2020-01-17 08:56:01',2),
(162,95,44,14,'2020-01-18 08:08:02',2),
(163,30,186,23,'2020-01-18 08:28:00',2),
(164,98,168,18,'2020-01-18 08:40:00',1),
(165,10,72,6,'2020-01-19 08:12:01',1),
(166,157,27,6,'2020-01-19 08:40:02',2),
(167,147,17,24,'2020-01-19 08:48:02',3),
(168,148,172,3,'2020-01-20 08:12:00',3),
(169,72,37,13,'2020-01-20 08:36:01',1),
(170,80,106,8,'2020-01-20 08:48:03',1),
(171,89,188,22,'2020-01-20 08:56:03',1),
(172,90,125,4,'2020-01-21 08:08:02',2),
(173,182,185,8,'2020-01-21 08:28:02',1),
(174,18,168,18,'2020-01-22 08:04:01',1),
(175,90,134,8,'2020-01-22 08:08:00',1),
(176,107,128,21,'2020-01-22 08:16:03',3),
(177,5,103,16,'2020-01-22 08:20:00',1),
(178,145,139,19,'2020-01-23 08:04:03',1),
(179,86,186,23,'2020-01-23 08:20:00',1),
(180,195,80,20,'2020-01-23 08:56:00',1),
(181,86,180,15,'2020-01-24 08:04:03',1),
(182,42,148,13,'2020-01-24 08:20:02',1),
(183,99,46,12,'2020-01-25 08:04:01',3),
(184,115,152,2,'2020-01-26 08:08:02',1),
(185,169,29,21,'2020-01-26 08:24:00',1),
(186,160,92,17,'2020-01-26 08:36:01',2),
(187,31,49,21,'2020-01-26 08:52:00',1),
(188,92,60,24,'2020-01-27 08:08:03',1),
(189,73,197,23,'2020-01-28 08:04:02',2),
(190,166,114,3,'2020-01-28 08:44:01',1),
(191,131,34,14,'2020-01-28 08:48:03',2),
(192,72,176,3,'2020-01-28 08:52:00',1),
(193,143,57,24,'2020-01-29 08:12:00',1),
(194,80,67,18,'2020-01-29 08:16:01',1),
(195,96,193,3,'2020-01-30 08:08:03',1),
(196,106,61,19,'2020-01-31 08:08:01',3),
(197,40,201,8,'2020-01-31 08:24:03',1),
(198,49,107,6,'2020-01-31 08:36:03',2),
(199,35,40,17,'2020-01-31 08:44:01',2),
(200,37,72,6,'2020-01-31 08:52:02',3),
(201,35,37,13,'2020-01-31 08:56:02',3);

INSERT INTO zlecenia_kursy VALUES
(7,46,'2020-01-02 20:02:28'),
(4,46,'2020-01-02 20:45:24'),
(9,47,'2020-01-02 20:07:52'),
(3,47,'2020-01-02 20:44:26'),
(5,50,'2020-01-03 16:10:28'),
(13,50,'2020-01-03 17:33:12'),
(2,50,'2020-01-03 18:14:34'),
(6,50,'2020-01-03 18:14:34'),
(15,52,'2020-01-03 06:07:03'),
(1,52,'2020-01-03 07:26:49'),
(8,54,'2020-01-03 16:12:56'),
(10,55,'2020-01-02 10:04:10'),
(11,55,'2020-01-02 10:04:10'),
(12,55,'2020-01-02 10:04:10'),
(14,56,'2020-01-02 10:04:35'),
(7,57,'2020-01-02 11:39:06'),
(8,67,'2020-01-02 11:38:21'),
(13,84,'2020-01-02 11:36:42'),
(3,91,'2020-01-02 17:09:11'),
(3,91,'2020-01-03 10:33:44'),
(4,93,'2020-01-02 17:01:57'),
(4,93,'2020-01-03 10:20:46'),
(28,98,'2020-01-03 20:09:16'),
(30,98,'2020-01-03 20:09:16'),
(26,99,'2020-01-03 10:03:51'),
(19,100,'2020-01-03 10:03:32'),
(27,103,'2020-01-03 20:08:42'),
(16,105,'2020-01-04 06:13:45'),
(29,105,'2020-01-04 06:13:45'),
(24,105,'2020-01-04 07:26:59'),
(25,105,'2020-01-04 07:26:59'),
(17,106,'2020-01-04 16:49:47'),
(22,106,'2020-01-04 16:49:47'),
(21,106,'2020-01-04 18:09:13'),
(18,107,'2020-01-04 16:49:11'),
(20,107,'2020-01-04 16:49:11'),
(23,108,'2020-01-03 10:03:53'),
(28,109,'2020-01-03 11:43:10'),
(7,116,'2020-01-03 11:45:12'),
(25,121,'2020-01-03 11:42:53'),
(8,124,'2020-01-03 11:37:50'),
(12,127,'2020-01-03 11:44:16'),
(23,127,'2020-01-03 11:46:22'),
(9,128,'2020-01-03 11:47:21'),
(37,149,'2020-01-04 10:01:58'),
(43,150,'2020-01-04 20:42:53'),
(32,151,'2020-01-05 17:29:14'),
(33,151,'2020-01-05 17:29:14'),
(35,151,'2020-01-05 17:29:14'),
(31,151,'2020-01-05 18:11:47'),
(44,154,'2020-01-05 17:32:10'),
(34,154,'2020-01-05 18:15:23'),
(36,154,'2020-01-05 18:15:23'),
(42,154,'2020-01-05 18:15:23'),
(38,155,'2020-01-05 06:07:51'),
(40,155,'2020-01-05 06:45:25'),
(41,157,'2020-01-04 20:08:34'),
(7,162,'2020-01-04 11:39:30'),
(11,163,'2020-01-04 11:44:23'),
(20,165,'2020-01-04 11:36:26'),
(36,165,'2020-01-04 11:38:15'),
(16,169,'2020-01-04 11:44:02'),
(15,170,'2020-01-04 11:48:39'),
(40,170,'2020-01-04 11:46:43'),
(27,174,'2020-01-04 11:43:30'),
(21,179,'2020-01-04 11:38:20'),
(32,179,'2020-01-04 11:49:13'),
(31,181,'2020-01-04 11:44:23'),
(19,184,'2020-01-04 11:45:57'),
(18,186,'2020-01-04 11:45:25'),
(42,186,'2020-01-04 11:47:29'),
(1,188,'2020-01-04 11:38:55'),
(24,188,'2020-01-04 11:46:25'),
(29,188,'2020-01-04 11:43:07'),
(1,195,'2020-01-04 17:10:17'),
(34,195,'2020-01-04 17:09:42'),
(44,195,'2020-01-04 17:10:18'),
(1,195,'2020-01-06 21:14:52'),
(34,195,'2020-01-06 21:14:52'),
(44,195,'2020-01-06 21:14:52'),
(50,199,'2020-01-05 20:46:20'),
(48,202,'2020-01-05 20:46:27'),
(46,203,'2020-01-05 20:44:20'),
(51,203,'2020-01-05 20:44:20'),
(39,204,'2020-01-05 20:47:28'),
(53,205,'2020-01-06 16:15:08'),
(49,205,'2020-01-06 17:32:52'),
(45,205,'2020-01-06 18:11:44'),
(52,206,'2020-01-06 16:56:35'),
(47,206,'2020-01-06 17:35:30'),
(54,208,'2020-01-05 10:04:57'),
(38,211,'2020-01-05 11:44:35'),
(41,216,'2020-01-05 11:42:30'),
(53,221,'2020-01-05 11:41:26'),
(8,230,'2020-01-05 11:37:07'),
(10,232,'2020-01-05 11:39:44'),
(5,233,'2020-01-05 11:41:00'),
(52,242,'2020-01-05 17:01:07'),
(52,242,'2020-01-07 20:44:16'),
(45,247,'2020-01-05 17:08:10'),
(45,247,'2020-01-07 20:48:04'),
(59,249,'2020-01-06 20:44:21'),
(60,251,'2020-01-06 20:07:42'),
(57,251,'2020-01-06 20:47:56'),
(58,252,'2020-01-07 16:50:43'),
(61,252,'2020-01-07 16:50:43'),
(55,252,'2020-01-07 17:31:14'),
(56,252,'2020-01-07 17:31:14'),
(64,252,'2020-01-07 17:31:14'),
(63,255,'2020-01-07 07:23:08'),
(62,257,'2020-01-07 17:28:58'),
(11,260,'2020-01-06 11:46:07'),
(14,260,'2020-01-06 11:44:00'),
(56,262,'2020-01-06 11:44:57'),
(57,264,'2020-01-06 11:38:07'),
(9,265,'2020-01-06 11:46:15'),
(30,267,'2020-01-06 11:42:08'),
(43,267,'2020-01-06 11:37:25'),
(47,270,'2020-01-06 11:44:09'),
(26,273,'2020-01-06 11:41:04'),
(51,283,'2020-01-06 11:43:12'),
(37,286,'2020-01-06 11:39:30'),
(61,298,'2020-01-06 17:03:24'),
(61,298,'2020-01-08 20:51:12'),
(74,300,'2020-01-07 20:09:54'),
(69,300,'2020-01-07 20:45:48'),
(72,301,'2020-01-07 20:46:42'),
(65,303,'2020-01-07 10:04:46'),
(66,303,'2020-01-07 10:04:46'),
(75,304,'2020-01-08 06:46:55'),
(71,305,'2020-01-08 17:28:36'),
(68,305,'2020-01-08 18:10:36'),
(67,306,'2020-01-07 20:04:38'),
(70,307,'2020-01-07 20:45:16'),
(73,307,'2020-01-07 20:45:16'),
(76,308,'2020-01-08 17:27:30'),
(70,328,'2020-01-07 11:43:06'),
(49,329,'2020-01-07 11:48:00'),
(62,329,'2020-01-07 11:42:58'),
(2,330,'2020-01-07 11:39:44'),
(6,330,'2020-01-07 11:40:07'),
(17,330,'2020-01-07 11:40:33'),
(22,330,'2020-01-07 11:45:51'),
(33,330,'2020-01-07 11:41:25'),
(55,330,'2020-01-07 11:41:22'),
(58,330,'2020-01-07 11:41:34'),
(76,330,'2020-01-07 11:42:25'),
(60,334,'2020-01-07 11:42:56'),
(72,344,'2020-01-07 17:04:41'),
(72,344,'2020-01-08 10:33:44'),
(85,350,'2020-01-08 20:05:02'),
(82,351,'2020-01-09 17:31:32'),
(81,352,'2020-01-09 16:07:16'),
(87,352,'2020-01-09 16:50:02'),
(83,356,'2020-01-08 20:48:53'),
(78,357,'2020-01-08 10:04:34'),
(79,358,'2020-01-08 20:45:11'),
(5,360,'2020-01-08 11:36:08'),
(48,370,'2020-01-08 11:42:23'),
(78,371,'2020-01-08 11:46:49'),
(83,372,'2020-01-08 11:47:15'),
(39,376,'2020-01-08 11:37:43'),
(59,376,'2020-01-08 11:35:56'),
(35,377,'2020-01-08 11:37:31'),
(2,381,'2020-01-08 11:42:01'),
(7,382,'2020-01-08 11:47:35'),
(50,382,'2020-01-08 11:48:41'),
(8,383,'2020-01-08 11:44:13'),
(90,399,'2020-01-09 20:06:06'),
(94,399,'2020-01-09 20:06:06'),
(91,400,'2020-01-09 10:04:15'),
(88,402,'2020-01-09 20:44:36'),
(93,404,'2020-01-10 16:16:36'),
(92,404,'2020-01-10 17:31:44'),
(77,405,'2020-01-10 06:47:54'),
(80,405,'2020-01-10 07:25:27'),
(84,405,'2020-01-10 07:25:27'),
(86,405,'2020-01-10 07:25:27'),
(96,406,'2020-01-09 10:03:47'),
(95,407,'2020-01-09 20:04:34'),
(89,408,'2020-01-10 17:25:40'),
(6,409,'2020-01-09 11:39:39'),
(94,410,'2020-01-09 11:44:13'),
(46,413,'2020-01-09 11:41:21'),
(88,415,'2020-01-09 11:44:23'),
(79,419,'2020-01-09 11:37:52'),
(63,421,'2020-01-09 11:38:46'),
(77,421,'2020-01-09 11:40:35'),
(84,421,'2020-01-09 11:38:09'),
(75,426,'2020-01-09 11:45:06'),
(73,428,'2020-01-09 11:43:37'),
(6,436,'2020-01-09 11:40:52'),
(92,445,'2020-01-09 17:07:01'),
(92,445,'2020-01-11 20:53:08'),
(90,447,'2020-01-09 17:06:27'),
(90,447,'2020-01-10 10:30:04'),
(104,449,'2020-01-11 17:29:20'),
(97,451,'2020-01-10 20:06:22'),
(98,451,'2020-01-10 20:46:18'),
(105,453,'2020-01-10 20:47:20'),
(103,455,'2020-01-11 17:29:40'),
(102,455,'2020-01-11 18:08:04'),
(101,456,'2020-01-10 20:05:08'),
(100,457,'2020-01-10 20:46:07'),
(65,460,'2020-01-10 11:42:31'),
(97,462,'2020-01-10 11:42:43'),
(105,464,'2020-01-10 11:42:41'),
(68,475,'2020-01-10 11:40:36'),
(89,475,'2020-01-10 11:46:50'),
(104,475,'2020-01-10 11:49:43'),
(81,477,'2020-01-10 11:49:57'),
(82,486,'2020-01-10 11:41:24'),
(100,493,'2020-01-10 17:06:25'),
(100,493,'2020-01-11 10:37:16'),
(109,500,'2020-01-11 10:02:45'),
(107,502,'2020-01-12 16:54:02'),
(116,502,'2020-01-12 17:33:40'),
(110,503,'2020-01-12 16:15:00'),
(108,503,'2020-01-12 16:53:20'),
(111,503,'2020-01-12 17:31:40'),
(114,503,'2020-01-12 17:31:40'),
(115,504,'2020-01-11 20:06:50'),
(117,504,'2020-01-11 20:06:50'),
(113,507,'2020-01-12 06:04:36'),
(99,507,'2020-01-12 06:44:49'),
(112,508,'2020-01-11 10:04:30'),
(106,510,'2020-01-11 20:08:50'),
(93,513,'2020-01-11 11:38:33'),
(102,513,'2020-01-11 11:36:56'),
(110,514,'2020-01-11 11:40:14'),
(114,514,'2020-01-11 11:40:03'),
(96,529,'2020-01-11 11:38:45'),
(9,532,'2020-01-11 11:49:06'),
(91,532,'2020-01-11 11:43:37'),
(108,535,'2020-01-11 11:39:49'),
(112,537,'2020-01-11 11:43:00'),
(67,540,'2020-01-11 11:46:17'),
(118,552,'2020-01-12 20:09:30'),
(124,552,'2020-01-12 20:09:30'),
(122,554,'2020-01-13 06:06:51'),
(123,554,'2020-01-13 07:24:25'),
(119,555,'2020-01-13 18:13:24'),
(120,561,'2020-01-12 10:04:06'),
(121,561,'2020-01-12 10:04:06'),
(7,563,'2020-01-12 11:50:21'),
(113,565,'2020-01-12 11:41:13'),
(111,574,'2020-01-12 11:42:39'),
(10,576,'2020-01-12 11:39:09'),
(66,576,'2020-01-12 11:49:24'),
(2,581,'2020-01-12 11:44:54'),
(86,583,'2020-01-12 11:43:12'),
(80,584,'2020-01-12 11:52:32'),
(103,586,'2020-01-12 11:39:35'),
(9,591,'2020-01-12 11:41:04'),
(123,594,'2020-01-12 17:09:47'),
(123,594,'2020-01-14 03:43:27'),
(119,596,'2020-01-12 17:07:25'),
(119,596,'2020-01-14 20:57:36'),
(126,605,'2020-01-13 20:08:42'),
(133,606,'2020-01-14 16:18:52'),
(132,606,'2020-01-14 17:35:04'),
(130,608,'2020-01-13 10:04:44'),
(128,609,'2020-01-13 20:06:02'),
(125,610,'2020-01-13 20:45:50'),
(131,611,'2020-01-13 10:03:22'),
(127,612,'2020-01-14 17:30:26'),
(129,612,'2020-01-14 18:10:03'),
(126,615,'2020-01-13 11:43:50'),
(122,618,'2020-01-13 11:43:44'),
(85,620,'2020-01-13 11:41:31'),
(7,623,'2020-01-13 11:43:33'),
(9,627,'2020-01-13 11:41:55'),
(131,627,'2020-01-13 11:37:12'),
(71,631,'2020-01-13 11:43:47'),
(127,631,'2020-01-13 11:44:24'),
(130,634,'2020-01-13 11:40:08'),
(98,636,'2020-01-13 11:40:50'),
(136,658,'2020-01-15 16:57:03'),
(135,659,'2020-01-14 20:46:38'),
(134,662,'2020-01-14 10:02:21'),
(138,662,'2020-01-14 10:02:21'),
(137,664,'2020-01-15 06:10:51'),
(116,672,'2020-01-14 11:38:37'),
(115,673,'2020-01-14 11:48:13'),
(117,673,'2020-01-14 11:44:40'),
(138,674,'2020-01-14 11:43:50'),
(129,686,'2020-01-14 11:50:50'),
(2,691,'2020-01-14 11:39:31'),
(7,692,'2020-01-14 11:37:06'),
(139,709,'2020-01-15 10:04:37'),
(140,709,'2020-01-15 10:04:37'),
(142,710,'2020-01-16 16:19:36'),
(143,712,'2020-01-16 06:13:57'),
(54,716,'2020-01-15 11:44:05'),
(7,717,'2020-01-15 11:40:13'),
(133,721,'2020-01-15 11:37:48'),
(120,724,'2020-01-15 11:41:50'),
(140,724,'2020-01-15 11:38:35'),
(124,726,'2020-01-15 11:40:11'),
(9,728,'2020-01-15 11:43:28'),
(7,733,'2020-01-15 11:50:57'),
(139,742,'2020-01-15 11:43:38'),
(153,754,'2020-01-17 06:03:36'),
(147,754,'2020-01-17 07:30:42'),
(152,756,'2020-01-16 20:49:44'),
(149,757,'2020-01-16 20:06:48'),
(144,758,'2020-01-17 17:27:58'),
(146,758,'2020-01-17 18:08:05'),
(148,758,'2020-01-17 18:08:05'),
(141,760,'2020-01-16 20:04:32'),
(150,760,'2020-01-16 20:04:32'),
(145,761,'2020-01-16 20:02:22'),
(151,762,'2020-01-17 18:08:36'),
(11,765,'2020-01-16 11:41:34'),
(147,771,'2020-01-16 11:39:50'),
(74,777,'2020-01-16 11:43:41'),
(128,777,'2020-01-16 11:49:34'),
(99,778,'2020-01-16 11:47:28'),
(141,782,'2020-01-16 11:38:00'),
(149,783,'2020-01-16 11:40:14'),
(8,785,'2020-01-16 11:42:34'),
(152,785,'2020-01-16 11:40:59'),
(137,787,'2020-01-16 11:43:27'),
(153,787,'2020-01-16 11:41:12'),
(146,802,'2020-01-16 17:07:42'),
(146,802,'2020-01-18 21:01:44'),
(158,803,'2020-01-18 16:09:56'),
(160,804,'2020-01-17 20:09:56'),
(154,804,'2020-01-17 20:49:28'),
(159,805,'2020-01-17 20:03:28'),
(157,807,'2020-01-18 06:08:30'),
(155,809,'2020-01-17 10:04:10'),
(161,812,'2020-01-18 16:52:42'),
(156,812,'2020-01-18 18:12:22'),
(95,819,'2020-01-17 11:37:55'),
(109,820,'2020-01-17 11:42:14'),
(121,823,'2020-01-17 11:41:49'),
(136,827,'2020-01-17 11:49:44'),
(9,831,'2020-01-17 11:43:01'),
(87,842,'2020-01-17 11:44:35'),
(158,848,'2020-01-17 17:04:20'),
(158,848,'2020-01-19 21:06:28'),
(164,855,'2020-01-18 10:04:46'),
(162,857,'2020-01-18 20:44:51'),
(163,859,'2020-01-19 16:07:52'),
(163,874,'2020-01-18 11:42:07'),
(5,875,'2020-01-18 11:43:51'),
(143,881,'2020-01-18 11:38:59'),
(157,881,'2020-01-18 11:43:51'),
(64,886,'2020-01-18 11:40:00'),
(107,886,'2020-01-18 11:42:37'),
(132,886,'2020-01-18 11:40:23'),
(142,886,'2020-01-18 11:40:18'),
(144,886,'2020-01-18 11:40:17'),
(166,905,'2020-01-20 07:25:22'),
(167,912,'2020-01-20 16:09:00'),
(165,913,'2020-01-19 20:02:12'),
(155,920,'2020-01-19 11:42:36'),
(101,930,'2020-01-19 11:49:35'),
(166,932,'2020-01-19 11:47:22'),
(8,937,'2020-01-19 11:42:44'),
(162,937,'2020-01-19 11:43:09'),
(167,942,'2020-01-19 11:45:00'),
(170,959,'2020-01-20 20:07:58'),
(169,960,'2020-01-21 16:52:43'),
(168,963,'2020-01-20 20:45:53'),
(171,966,'2020-01-20 10:04:22'),
(151,969,'2020-01-20 11:40:56'),
(6,972,'2020-01-20 11:39:41'),
(159,973,'2020-01-20 11:39:44'),
(165,973,'2020-01-20 11:40:53'),
(164,975,'2020-01-20 11:39:52'),
(125,983,'2020-01-20 11:44:28'),
(169,984,'2020-01-20 11:41:44'),
(6,987,'2020-01-20 11:40:43'),
(145,989,'2020-01-20 11:46:57'),
(171,994,'2020-01-20 11:43:20'),
(173,1007,'2020-01-22 17:34:54'),
(172,1008,'2020-01-22 06:10:54'),
(168,1015,'2020-01-21 11:40:06'),
(2,1021,'2020-01-21 11:48:04'),
(161,1021,'2020-01-21 11:46:37'),
(7,1024,'2020-01-21 11:44:44'),
(172,1026,'2020-01-21 11:39:59'),
(69,1030,'2020-01-21 11:44:27'),
(135,1030,'2020-01-21 11:40:08'),
(11,1031,'2020-01-21 11:41:53'),
(175,1060,'2020-01-23 06:08:09'),
(176,1061,'2020-01-23 16:55:04'),
(174,1064,'2020-01-22 20:47:18'),
(177,1064,'2020-01-22 20:47:18'),
(175,1070,'2020-01-22 11:41:44'),
(2,1087,'2020-01-22 11:41:40'),
(179,1106,'2020-01-24 16:43:42'),
(180,1114,'2020-01-23 10:03:26'),
(154,1126,'2020-01-23 11:52:37'),
(160,1126,'2020-01-23 11:41:43'),
(177,1126,'2020-01-23 11:49:19'),
(150,1132,'2020-01-23 11:42:06'),
(10,1144,'2020-01-23 11:36:33'),
(134,1144,'2020-01-23 11:41:01'),
(178,1156,'2020-01-24 20:47:08'),
(182,1161,'2020-01-25 16:53:51'),
(10,1171,'2020-01-24 11:43:53'),
(2,1172,'2020-01-24 11:40:01'),
(9,1185,'2020-01-24 11:49:22'),
(174,1186,'2020-01-24 11:37:30'),
(170,1190,'2020-01-24 11:46:55'),
(11,1192,'2020-01-24 11:42:30'),
(181,1209,'2020-01-26 16:56:54'),
(183,1212,'2020-01-25 20:44:39'),
(180,1215,'2020-01-25 11:37:17'),
(11,1219,'2020-01-25 11:41:37'),
(11,1229,'2020-01-25 11:39:41'),
(106,1232,'2020-01-25 11:50:02'),
(118,1232,'2020-01-25 11:45:24'),
(148,1237,'2020-01-25 11:39:19'),
(176,1240,'2020-01-25 11:42:33'),
(183,1251,'2020-01-25 17:06:06'),
(183,1251,'2020-01-26 10:24:16'),
(185,1258,'2020-01-27 06:08:36'),
(187,1261,'2020-01-26 20:49:01'),
(184,1262,'2020-01-26 20:45:46'),
(178,1274,'2020-01-26 11:40:10'),
(8,1281,'2020-01-26 11:38:58'),
(7,1283,'2020-01-26 11:39:51'),
(11,1291,'2020-01-26 11:39:57'),
(188,1310,'2020-01-27 20:49:13'),
(186,1313,'2020-01-27 20:04:30'),
(9,1325,'2020-01-27 11:44:25'),
(188,1327,'2020-01-27 11:40:48'),
(187,1330,'2020-01-27 11:42:33'),
(11,1332,'2020-01-27 11:42:16'),
(5,1334,'2020-01-27 11:44:45'),
(173,1338,'2020-01-27 11:41:40'),
(5,1339,'2020-01-27 11:41:30'),
(184,1340,'2020-01-27 11:43:50'),
(8,1342,'2020-01-27 11:41:40'),
(191,1358,'2020-01-29 16:12:24'),
(192,1358,'2020-01-29 16:50:05'),
(189,1360,'2020-01-29 06:06:09'),
(190,1362,'2020-01-28 10:04:03'),
(2,1369,'2020-01-28 11:42:21'),
(192,1369,'2020-01-28 11:46:12'),
(190,1376,'2020-01-28 11:47:11'),
(191,1381,'2020-01-28 11:40:18'),
(8,1382,'2020-01-28 11:39:37'),
(11,1383,'2020-01-28 11:47:15'),
(7,1388,'2020-01-28 11:37:38'),
(2,1390,'2020-01-28 11:36:36'),
(181,1392,'2020-01-28 11:45:29'),
(186,1394,'2020-01-28 11:43:58'),
(10,1396,'2020-01-28 11:41:24'),
(194,1409,'2020-01-29 20:08:46'),
(193,1412,'2020-01-29 10:04:19'),
(7,1424,'2020-01-29 11:43:37'),
(195,1460,'2020-01-30 10:03:07'),
(11,1470,'2020-01-30 11:44:11'),
(189,1489,'2020-01-30 11:40:39'),
(197,1510,'2020-01-31 20:44:46'),
(198,1512,'2020-01-31 20:44:47'),
(196,1514,'2020-02-01 18:05:44'),
(200,1518,'2020-01-31 20:45:25'),
(199,1520,'2020-02-01 16:12:52'),
(201,1520,'2020-02-01 16:12:52'),
(197,1522,'2020-01-31 11:40:22'),
(156,1537,'2020-01-31 11:37:54');

INSERT INTO zlecenia_magazyny VALUES
(4,8,'2020-01-02 10:49:27'),
(7,8,'2020-01-02 10:55:41'),
(3,4,'2020-01-02 10:51:33'),
(9,4,'2020-01-02 10:45:42'),
(2,2,'2020-01-02 10:49:51'),
(5,2,'2020-01-02 10:55:43'),
(6,2,'2020-01-02 10:49:24'),
(13,2,'2020-01-02 10:55:53'),
(1,3,'2020-01-02 10:45:06'),
(15,3,'2020-01-02 10:44:33'),
(8,1,'2020-01-02 10:52:17'),
(10,10,'2020-01-02 10:48:54'),
(11,10,'2020-01-02 10:51:58'),
(12,10,'2020-01-02 10:45:31'),
(14,11,'2020-01-02 10:58:11'),
(7,5,'2020-01-02 15:42:36'),
(8,6,'2020-01-02 15:54:02'),
(13,4,'2020-01-02 15:49:06'),
(28,5,'2020-01-03 10:48:43'),
(30,5,'2020-01-03 10:51:03'),
(26,11,'2020-01-03 10:57:47'),
(19,9,'2020-01-03 10:51:54'),
(27,6,'2020-01-03 10:48:02'),
(16,3,'2020-01-03 10:48:00'),
(24,3,'2020-01-03 10:50:20'),
(25,3,'2020-01-03 10:44:20'),
(29,3,'2020-01-03 10:48:35'),
(17,2,'2020-01-03 10:52:33'),
(21,2,'2020-01-03 10:48:49'),
(22,2,'2020-01-03 10:47:30'),
(18,1,'2020-01-03 10:50:13'),
(20,1,'2020-01-03 10:57:02'),
(23,10,'2020-01-03 10:50:41'),
(28,11,'2020-01-03 15:51:43'),
(7,5,'2020-01-03 15:40:39'),
(25,7,'2020-01-03 15:58:30'),
(8,6,'2020-01-03 15:30:44'),
(12,5,'2020-01-03 15:52:13'),
(23,5,'2020-01-03 15:52:19'),
(9,3,'2020-01-03 15:59:54'),
(37,11,'2020-01-04 10:45:03'),
(43,5,'2020-01-04 10:47:47'),
(31,2,'2020-01-04 10:50:19'),
(32,2,'2020-01-04 10:53:30'),
(33,2,'2020-01-04 10:54:34'),
(35,2,'2020-01-04 10:56:39'),
(34,1,'2020-01-04 10:55:25'),
(36,1,'2020-01-04 10:51:27'),
(42,1,'2020-01-04 10:50:51'),
(44,1,'2020-01-04 10:52:55'),
(38,3,'2020-01-04 10:51:58'),
(40,3,'2020-01-04 10:50:22'),
(41,6,'2020-01-04 10:48:14'),
(7,5,'2020-01-04 16:03:35'),
(11,4,'2020-01-04 15:43:59'),
(20,5,'2020-01-04 15:50:41'),
(36,5,'2020-01-04 15:52:23'),
(16,2,'2020-01-04 15:53:55'),
(15,6,'2020-01-04 15:50:31'),
(40,6,'2020-01-04 15:50:46'),
(27,10,'2020-01-04 15:36:25'),
(21,11,'2020-01-04 15:46:52'),
(32,11,'2020-01-04 15:51:39'),
(31,5,'2020-01-04 15:46:28'),
(19,1,'2020-01-04 15:36:31'),
(18,2,'2020-01-04 16:03:07'),
(42,2,'2020-01-04 16:01:10'),
(1,1,'2020-01-04 15:49:52'),
(24,1,'2020-01-04 15:51:22'),
(29,1,'2020-01-04 15:47:27'),
(50,7,'2020-01-05 10:47:05'),
(48,4,'2020-01-05 10:53:56'),
(46,6,'2020-01-05 10:46:50'),
(51,6,'2020-01-05 10:45:12'),
(39,8,'2020-01-05 10:52:11'),
(45,1,'2020-01-05 10:47:18'),
(49,1,'2020-01-05 10:51:18'),
(53,1,'2020-01-05 10:45:34'),
(47,2,'2020-01-05 10:57:04'),
(52,2,'2020-01-05 10:54:59'),
(54,11,'2020-01-05 11:00:43'),
(38,7,'2020-01-05 15:37:01'),
(41,7,'2020-01-05 15:58:21'),
(53,2,'2020-01-05 15:46:51'),
(8,6,'2020-01-05 15:46:13'),
(10,3,'2020-01-05 15:58:11'),
(5,6,'2020-01-05 15:37:19'),
(59,8,'2020-01-06 10:53:32'),
(57,7,'2020-01-06 10:52:37'),
(60,7,'2020-01-06 10:51:30'),
(55,2,'2020-01-06 10:46:25'),
(56,2,'2020-01-06 10:50:39'),
(58,2,'2020-01-06 10:56:39'),
(61,2,'2020-01-06 10:53:52'),
(64,2,'2020-01-06 10:53:25'),
(63,3,'2020-01-06 10:51:39'),
(62,1,'2020-01-06 10:52:14'),
(11,4,'2020-01-06 15:43:27'),
(14,4,'2020-01-06 15:48:22'),
(56,6,'2020-01-06 15:43:21'),
(57,10,'2020-01-06 15:31:45'),
(9,3,'2020-01-06 15:36:24'),
(30,1,'2020-01-06 15:31:08'),
(43,1,'2020-01-06 15:27:05'),
(47,10,'2020-01-06 16:03:52'),
(26,6,'2020-01-06 15:51:05'),
(51,1,'2020-01-06 16:02:26'),
(37,1,'2020-01-06 15:32:20'),
(69,4,'2020-01-07 10:51:46'),
(74,4,'2020-01-07 10:56:08'),
(72,6,'2020-01-07 10:54:24'),
(65,10,'2020-01-07 10:47:24'),
(66,10,'2020-01-07 10:53:10'),
(75,3,'2020-01-07 10:50:50'),
(68,1,'2020-01-07 10:52:21'),
(71,1,'2020-01-07 10:47:10'),
(67,8,'2020-01-07 10:51:31'),
(70,5,'2020-01-07 10:48:48'),
(73,5,'2020-01-07 10:54:20'),
(76,2,'2020-01-07 10:50:36'),
(70,8,'2020-01-07 15:53:41'),
(49,10,'2020-01-07 15:44:24'),
(62,10,'2020-01-07 15:50:59'),
(2,1,'2020-01-07 15:54:25'),
(6,1,'2020-01-07 15:55:18'),
(17,1,'2020-01-07 15:55:06'),
(22,1,'2020-01-07 15:54:09'),
(33,1,'2020-01-07 15:45:20'),
(55,1,'2020-01-07 15:54:34'),
(58,1,'2020-01-07 15:48:02'),
(76,1,'2020-01-07 15:48:36'),
(60,2,'2020-01-07 15:50:37'),
(85,5,'2020-01-08 10:54:55'),
(82,1,'2020-01-08 10:49:29'),
(81,2,'2020-01-08 10:48:34'),
(87,2,'2020-01-08 10:51:29'),
(83,4,'2020-01-08 10:55:24'),
(78,11,'2020-01-08 10:49:52'),
(79,8,'2020-01-08 10:45:31'),
(5,6,'2020-01-08 15:55:27'),
(48,2,'2020-01-08 15:47:27'),
(78,3,'2020-01-08 15:40:25'),
(83,3,'2020-01-08 16:02:04'),
(39,3,'2020-01-08 15:50:05'),
(59,3,'2020-01-08 15:43:07'),
(35,7,'2020-01-08 16:08:07'),
(2,1,'2020-01-08 15:59:03'),
(7,5,'2020-01-08 16:00:13'),
(50,5,'2020-01-08 15:58:18'),
(8,6,'2020-01-08 15:51:17'),
(90,6,'2020-01-09 10:45:26'),
(94,6,'2020-01-09 10:50:58'),
(91,9,'2020-01-09 10:53:28'),
(88,8,'2020-01-09 10:44:50'),
(92,2,'2020-01-09 10:57:24'),
(93,2,'2020-01-09 10:47:51'),
(77,3,'2020-01-09 10:55:47'),
(80,3,'2020-01-09 10:53:58'),
(84,3,'2020-01-09 10:55:31'),
(86,3,'2020-01-09 10:47:19'),
(96,11,'2020-01-09 10:56:21'),
(95,5,'2020-01-09 10:47:52'),
(89,1,'2020-01-09 10:54:33'),
(6,1,'2020-01-09 15:55:51'),
(94,10,'2020-01-09 15:36:13'),
(46,11,'2020-01-09 15:38:02'),
(88,9,'2020-01-09 15:47:15'),
(79,2,'2020-01-09 15:46:26'),
(63,4,'2020-01-09 15:45:41'),
(77,4,'2020-01-09 15:36:00'),
(84,4,'2020-01-09 15:45:44'),
(75,6,'2020-01-09 15:37:49'),
(73,11,'2020-01-09 15:56:03'),
(6,1,'2020-01-09 15:42:53'),
(104,1,'2020-01-10 10:44:49'),
(97,7,'2020-01-10 10:53:07'),
(98,7,'2020-01-10 10:51:40'),
(105,4,'2020-01-10 10:51:14'),
(102,2,'2020-01-10 10:56:13'),
(103,2,'2020-01-10 10:56:58'),
(101,8,'2020-01-10 10:52:08'),
(100,6,'2020-01-10 10:53:38'),
(65,5,'2020-01-10 15:46:19'),
(97,1,'2020-01-10 15:51:41'),
(105,10,'2020-01-10 15:50:35'),
(68,2,'2020-01-10 15:42:17'),
(89,2,'2020-01-10 15:50:15'),
(104,2,'2020-01-10 15:41:21'),
(81,11,'2020-01-10 15:42:07'),
(82,5,'2020-01-10 15:47:43'),
(109,10,'2020-01-11 10:52:41'),
(107,2,'2020-01-11 10:52:37'),
(116,2,'2020-01-11 10:55:48'),
(108,1,'2020-01-11 10:48:15'),
(110,1,'2020-01-11 10:50:13'),
(111,1,'2020-01-11 10:46:14'),
(114,1,'2020-01-11 10:49:33'),
(115,6,'2020-01-11 10:45:32'),
(117,6,'2020-01-11 10:54:33'),
(99,3,'2020-01-11 10:51:44'),
(113,3,'2020-01-11 10:45:24'),
(112,11,'2020-01-11 10:46:58'),
(106,7,'2020-01-11 10:46:12'),
(93,3,'2020-01-11 15:34:56'),
(102,3,'2020-01-11 15:39:08'),
(110,3,'2020-01-11 15:49:25'),
(114,3,'2020-01-11 15:46:51'),
(96,2,'2020-01-11 15:42:35'),
(9,3,'2020-01-11 15:38:45'),
(91,3,'2020-01-11 15:34:59'),
(108,8,'2020-01-11 15:40:11'),
(112,1,'2020-01-11 15:56:21'),
(67,7,'2020-01-11 15:36:57'),
(118,7,'2020-01-12 10:46:48'),
(124,7,'2020-01-12 10:47:26'),
(122,3,'2020-01-12 10:45:40'),
(123,3,'2020-01-12 10:50:29'),
(119,2,'2020-01-12 10:49:50'),
(120,10,'2020-01-12 10:45:11'),
(121,10,'2020-01-12 10:45:32'),
(7,5,'2020-01-12 15:54:35'),
(113,6,'2020-01-12 15:32:44'),
(111,10,'2020-01-12 15:53:59'),
(10,3,'2020-01-12 15:49:07'),
(66,3,'2020-01-12 15:46:47'),
(2,1,'2020-01-12 15:54:54'),
(86,10,'2020-01-12 15:38:16'),
(80,11,'2020-01-12 16:06:51'),
(103,7,'2020-01-12 15:39:11'),
(9,3,'2020-01-12 16:02:55'),
(126,6,'2020-01-13 10:54:21'),
(132,2,'2020-01-13 10:47:02'),
(133,2,'2020-01-13 10:45:59'),
(130,11,'2020-01-13 10:53:47'),
(128,4,'2020-01-13 10:56:13'),
(125,7,'2020-01-13 10:47:41'),
(131,9,'2020-01-13 10:51:08'),
(127,1,'2020-01-13 10:54:43'),
(129,1,'2020-01-13 10:50:37'),
(126,7,'2020-01-13 15:39:25'),
(122,4,'2020-01-13 15:58:04'),
(85,2,'2020-01-13 15:49:26'),
(7,5,'2020-01-13 15:34:25'),
(9,3,'2020-01-13 15:34:34'),
(131,3,'2020-01-13 15:27:56'),
(71,4,'2020-01-13 15:37:27'),
(127,4,'2020-01-13 15:47:00'),
(130,1,'2020-01-13 15:34:14'),
(98,6,'2020-01-13 16:06:38'),
(136,1,'2020-01-14 10:48:31'),
(135,4,'2020-01-14 10:47:16'),
(134,10,'2020-01-14 10:57:10'),
(138,10,'2020-01-14 10:59:48'),
(137,3,'2020-01-14 10:45:51'),
(116,10,'2020-01-14 15:36:33'),
(115,2,'2020-01-14 15:49:45'),
(117,2,'2020-01-14 15:51:27'),
(138,2,'2020-01-14 15:57:44'),
(129,3,'2020-01-14 15:39:43'),
(2,1,'2020-01-14 15:38:52'),
(7,5,'2020-01-14 15:51:42'),
(139,10,'2020-01-15 10:44:18'),
(140,10,'2020-01-15 10:43:16'),
(142,2,'2020-01-15 10:54:11'),
(143,3,'2020-01-15 10:47:04'),
(54,8,'2020-01-15 15:47:22'),
(7,5,'2020-01-15 15:49:04'),
(133,3,'2020-01-15 15:41:32'),
(120,6,'2020-01-15 15:38:54'),
(140,6,'2020-01-15 15:35:33'),
(124,10,'2020-01-15 15:31:48'),
(9,3,'2020-01-15 15:57:05'),
(7,5,'2020-01-15 15:49:03'),
(139,4,'2020-01-15 15:44:46'),
(147,3,'2020-01-16 10:49:43'),
(153,3,'2020-01-16 10:52:10'),
(152,8,'2020-01-16 10:47:08'),
(149,5,'2020-01-16 10:54:06'),
(144,2,'2020-01-16 10:47:45'),
(146,2,'2020-01-16 10:49:58'),
(148,2,'2020-01-16 10:54:04'),
(141,4,'2020-01-16 10:53:18'),
(150,4,'2020-01-16 10:49:33'),
(145,6,'2020-01-16 10:50:45'),
(151,1,'2020-01-16 10:56:50'),
(11,4,'2020-01-16 15:36:11'),
(147,10,'2020-01-16 15:54:33'),
(74,1,'2020-01-16 15:55:20'),
(128,1,'2020-01-16 15:57:30'),
(99,8,'2020-01-16 16:01:35'),
(141,8,'2020-01-16 15:45:47'),
(149,10,'2020-01-16 15:42:47'),
(8,6,'2020-01-16 15:47:22'),
(152,6,'2020-01-16 15:46:14'),
(137,2,'2020-01-16 15:45:44'),
(153,2,'2020-01-16 15:45:47'),
(158,1,'2020-01-17 10:50:19'),
(154,6,'2020-01-17 10:48:58'),
(160,6,'2020-01-17 10:54:14'),
(159,4,'2020-01-17 10:45:17'),
(157,3,'2020-01-17 10:50:37'),
(155,10,'2020-01-17 10:45:55'),
(156,2,'2020-01-17 10:47:50'),
(161,2,'2020-01-17 10:47:22'),
(95,7,'2020-01-17 15:51:21'),
(109,8,'2020-01-17 15:52:11'),
(121,7,'2020-01-17 16:03:58'),
(136,6,'2020-01-17 15:37:37'),
(9,3,'2020-01-17 15:44:49'),
(87,6,'2020-01-17 15:42:01'),
(164,10,'2020-01-18 10:51:28'),
(162,8,'2020-01-18 10:51:35'),
(163,2,'2020-01-18 10:47:49'),
(163,10,'2020-01-18 15:53:24'),
(5,6,'2020-01-18 16:03:28'),
(143,1,'2020-01-18 15:43:06'),
(157,1,'2020-01-18 15:40:33'),
(64,4,'2020-01-18 15:31:11'),
(107,4,'2020-01-18 15:30:32'),
(132,4,'2020-01-18 15:32:49'),
(142,4,'2020-01-18 15:30:40'),
(144,4,'2020-01-18 15:33:48'),
(166,3,'2020-01-19 10:50:49'),
(167,1,'2020-01-19 10:43:15'),
(165,4,'2020-01-19 10:50:43'),
(155,6,'2020-01-19 15:57:15'),
(101,10,'2020-01-19 15:56:49'),
(166,2,'2020-01-19 16:01:40'),
(8,6,'2020-01-19 15:54:57'),
(162,6,'2020-01-19 15:47:47'),
(167,11,'2020-01-19 16:08:28'),
(170,8,'2020-01-20 10:49:23'),
(169,2,'2020-01-20 10:55:18'),
(168,5,'2020-01-20 10:53:11'),
(171,11,'2020-01-20 10:56:28'),
(151,3,'2020-01-20 15:53:11'),
(6,1,'2020-01-20 15:36:29'),
(159,2,'2020-01-20 15:45:04'),
(165,2,'2020-01-20 15:53:24'),
(164,7,'2020-01-20 15:40:19'),
(125,11,'2020-01-20 15:53:21'),
(169,5,'2020-01-20 15:55:32'),
(6,1,'2020-01-20 15:42:53'),
(145,7,'2020-01-20 15:58:49'),
(171,9,'2020-01-20 15:57:00'),
(173,1,'2020-01-21 10:47:44'),
(172,3,'2020-01-21 10:48:44'),
(168,1,'2020-01-21 15:47:27'),
(2,1,'2020-01-21 15:40:19'),
(161,1,'2020-01-21 15:46:26'),
(7,5,'2020-01-21 15:59:05'),
(172,1,'2020-01-21 15:36:36'),
(69,6,'2020-01-21 15:47:56'),
(135,6,'2020-01-21 15:46:06'),
(11,4,'2020-01-21 16:06:53'),
(175,3,'2020-01-22 10:48:35'),
(176,2,'2020-01-22 10:48:07'),
(174,6,'2020-01-22 10:55:06'),
(177,6,'2020-01-22 10:52:27'),
(175,2,'2020-01-22 15:59:23'),
(2,1,'2020-01-22 16:00:19'),
(179,1,'2020-01-23 10:47:04'),
(180,10,'2020-01-23 10:45:21'),
(154,4,'2020-01-23 15:37:47'),
(160,4,'2020-01-23 15:39:33'),
(177,4,'2020-01-23 15:36:36'),
(150,3,'2020-01-23 15:57:18'),
(10,3,'2020-01-23 15:51:59'),
(134,3,'2020-01-23 15:58:55'),
(178,8,'2020-01-24 10:47:21'),
(182,2,'2020-01-24 10:54:50'),
(10,3,'2020-01-24 15:32:30'),
(2,1,'2020-01-24 15:47:47'),
(9,3,'2020-01-24 15:39:08'),
(174,7,'2020-01-24 16:04:26'),
(170,2,'2020-01-24 16:02:32'),
(11,4,'2020-01-24 15:47:05'),
(181,1,'2020-01-25 10:50:08'),
(183,5,'2020-01-25 10:46:36'),
(180,8,'2020-01-25 15:47:25'),
(11,4,'2020-01-25 15:54:11'),
(11,4,'2020-01-25 15:47:23'),
(106,4,'2020-01-25 15:59:29'),
(118,4,'2020-01-25 16:04:07'),
(148,11,'2020-01-25 15:35:47'),
(176,8,'2020-01-25 15:33:56'),
(185,3,'2020-01-26 10:55:08'),
(187,5,'2020-01-26 10:51:49'),
(184,7,'2020-01-26 10:54:18'),
(178,7,'2020-01-26 15:41:38'),
(8,6,'2020-01-26 15:44:52'),
(7,5,'2020-01-26 15:26:39'),
(11,4,'2020-01-26 15:54:54'),
(188,4,'2020-01-27 10:52:41'),
(186,6,'2020-01-27 10:53:53'),
(9,3,'2020-01-27 15:54:17'),
(188,11,'2020-01-27 15:45:55'),
(187,8,'2020-01-27 15:53:40'),
(11,4,'2020-01-27 15:53:36'),
(5,6,'2020-01-27 15:41:19'),
(173,2,'2020-01-27 16:07:21'),
(5,6,'2020-01-27 15:33:54'),
(184,1,'2020-01-27 15:42:59'),
(8,6,'2020-01-27 15:55:57'),
(191,2,'2020-01-28 10:52:48'),
(192,2,'2020-01-28 10:44:43'),
(189,3,'2020-01-28 10:53:42'),
(190,11,'2020-01-28 10:48:29'),
(2,1,'2020-01-28 15:36:36'),
(192,1,'2020-01-28 15:39:07'),
(190,1,'2020-01-28 16:03:19'),
(191,6,'2020-01-28 15:42:46'),
(8,6,'2020-01-28 16:13:43'),
(11,4,'2020-01-28 15:42:58'),
(7,5,'2020-01-28 15:51:05'),
(2,1,'2020-01-28 15:45:11'),
(181,6,'2020-01-28 16:00:26'),
(186,4,'2020-01-28 16:09:44'),
(10,3,'2020-01-28 15:44:07'),
(194,8,'2020-01-29 10:47:15'),
(193,9,'2020-01-29 10:45:24'),
(7,5,'2020-01-29 15:58:57'),
(195,11,'2020-01-30 10:52:53'),
(11,4,'2020-01-30 15:54:39'),
(189,10,'2020-01-30 15:54:33'),
(197,4,'2020-01-31 10:49:37'),
(198,8,'2020-01-31 10:47:43'),
(196,2,'2020-01-31 10:43:41'),
(200,5,'2020-01-31 10:49:29'),
(199,1,'2020-01-31 10:54:37'),
(201,1,'2020-01-31 10:48:54'),
(197,2,'2020-01-31 15:32:31'),
(156,9,'2020-01-31 15:58:58');

INSERT INTO skrytki VALUES
(1,1,1),
(2,1,2),
(3,1,2),
(4,1,3),
(5,1,2),
(6,1,2),
(7,1,3),
(8,1,1),
(9,1,1),
(10,1,2),
(11,1,3),
(12,1,1),
(13,1,2),
(14,1,1),
(15,1,2),
(16,1,3),
(17,1,2),
(18,1,1),
(19,1,2),
(20,1,2),
(21,1,3),
(22,1,1),
(23,1,2),
(24,1,1),
(25,1,1),
(26,1,1),
(27,1,3),
(28,1,3),
(29,1,2),
(30,1,1),
(31,2,2),
(32,2,1),
(33,2,1),
(34,2,2),
(35,2,2),
(36,2,1),
(37,2,1),
(38,2,1),
(39,2,3),
(40,2,3),
(41,3,1),
(42,3,1),
(43,3,3),
(44,3,3),
(45,3,3),
(46,3,2),
(47,3,3),
(48,3,3),
(49,3,1),
(50,3,1),
(51,3,3),
(52,3,3),
(53,3,3),
(54,3,3),
(55,3,1),
(56,3,1),
(57,3,2),
(58,3,2),
(59,3,2),
(60,3,3),
(61,3,1),
(62,3,2),
(63,3,1),
(64,3,1),
(65,3,1),
(66,4,3),
(67,4,3),
(68,4,2),
(69,4,2),
(70,4,3),
(71,4,3),
(72,4,3),
(73,4,2),
(74,4,1),
(75,4,2),
(76,4,2),
(77,4,1),
(78,4,1),
(79,4,3),
(80,4,2),
(81,5,1),
(82,5,2),
(83,5,3),
(84,5,2),
(85,5,2),
(86,5,1),
(87,5,2),
(88,5,2),
(89,5,3),
(90,5,2),
(91,6,2),
(92,6,1),
(93,6,2),
(94,6,2),
(95,6,3),
(96,6,2),
(97,6,1),
(98,6,2),
(99,6,2),
(100,6,1),
(101,6,2),
(102,6,2),
(103,6,2),
(104,6,1),
(105,6,1),
(106,6,2),
(107,6,3),
(108,6,2),
(109,6,2),
(110,6,3),
(111,6,3),
(112,6,1),
(113,6,1),
(114,6,3),
(115,6,1),
(116,7,1),
(117,7,2),
(118,7,2),
(119,7,1),
(120,7,2),
(121,7,2),
(122,7,1),
(123,7,3),
(124,7,2),
(125,7,2),
(126,7,2),
(127,7,2),
(128,7,3),
(129,7,3),
(130,7,3),
(131,8,2),
(132,8,1),
(133,8,2),
(134,8,3),
(135,8,3),
(136,8,1),
(137,8,2),
(138,8,1),
(139,8,2),
(140,8,2),
(141,8,1),
(142,8,1),
(143,8,3),
(144,8,2),
(145,8,1),
(146,8,1),
(147,8,3),
(148,8,1),
(149,8,2),
(150,8,1),
(151,8,3),
(152,8,3),
(153,8,3),
(154,8,3),
(155,8,2),
(156,8,2),
(157,8,2),
(158,8,1),
(159,8,2),
(160,8,3),
(161,9,3),
(162,9,2),
(163,9,2),
(164,9,1),
(165,9,2),
(166,9,2),
(167,9,2),
(168,9,2),
(169,9,2),
(170,9,2),
(171,9,2),
(172,9,2),
(173,9,2),
(174,9,3),
(175,9,1),
(176,9,3),
(177,9,1),
(178,9,3),
(179,9,2),
(180,9,3),
(181,9,3),
(182,9,1),
(183,9,2),
(184,9,1),
(185,9,1),
(186,10,2),
(187,10,1),
(188,10,2),
(189,10,1),
(190,10,2),
(191,10,1),
(192,10,2),
(193,10,3),
(194,10,2),
(195,10,1),
(196,11,1),
(197,11,2),
(198,11,1),
(199,11,1),
(200,11,2),
(201,11,3),
(202,11,2),
(203,11,3),
(204,11,1),
(205,11,1),
(206,11,2),
(207,11,2),
(208,11,1),
(209,11,3),
(210,11,3),
(211,12,1),
(212,12,3),
(213,12,3),
(214,12,2),
(215,12,2),
(216,12,1),
(217,12,3),
(218,12,2),
(219,12,3),
(220,12,2),
(221,13,1),
(222,13,3),
(223,13,1),
(224,13,1),
(225,13,1),
(226,13,1),
(227,13,1),
(228,13,1),
(229,13,2),
(230,13,2),
(231,13,2),
(232,13,2),
(233,13,3),
(234,13,3),
(235,13,3),
(236,13,1),
(237,13,2),
(238,13,2),
(239,13,2),
(240,13,2),
(241,13,2),
(242,13,3),
(243,13,1),
(244,13,1),
(245,13,1),
(246,13,2),
(247,13,2),
(248,13,3),
(249,13,1),
(250,13,2),
(251,14,3),
(252,14,3),
(253,14,2),
(254,14,3),
(255,14,1),
(256,14,3),
(257,14,1),
(258,14,2),
(259,14,3),
(260,14,2),
(261,14,2),
(262,14,1),
(263,14,3),
(264,14,3),
(265,14,2),
(266,14,2),
(267,14,3),
(268,14,2),
(269,14,2),
(270,14,3),
(271,15,1),
(272,15,1),
(273,15,1),
(274,15,2),
(275,15,3),
(276,15,1),
(277,15,2),
(278,15,3),
(279,15,3),
(280,15,1),
(281,15,3),
(282,15,2),
(283,15,3),
(284,15,3),
(285,15,1),
(286,16,3),
(287,16,1),
(288,16,3),
(289,16,3),
(290,16,1),
(291,16,1),
(292,16,2),
(293,16,1),
(294,16,2),
(295,16,3),
(296,16,1),
(297,16,1),
(298,16,3),
(299,16,1),
(300,16,2),
(301,17,3),
(302,17,1),
(303,17,3),
(304,17,2),
(305,17,3),
(306,17,2),
(307,17,1),
(308,17,1),
(309,17,1),
(310,17,2),
(311,17,2),
(312,17,2),
(313,17,3),
(314,17,1),
(315,17,2),
(316,17,2),
(317,17,1),
(318,17,2),
(319,17,3),
(320,17,2),
(321,17,3),
(322,17,2),
(323,17,1),
(324,17,3),
(325,17,2),
(326,18,3),
(327,18,1),
(328,18,3),
(329,18,3),
(330,18,2),
(331,18,3),
(332,18,2),
(333,18,3),
(334,18,2),
(335,18,2),
(336,18,1),
(337,18,3),
(338,18,1),
(339,18,3),
(340,18,1),
(341,18,2),
(342,18,3),
(343,18,3),
(344,18,1),
(345,18,1),
(346,19,1),
(347,19,2),
(348,19,3),
(349,19,2),
(350,19,1),
(351,19,1),
(352,19,1),
(353,19,2),
(354,19,2),
(355,19,2),
(356,19,1),
(357,19,3),
(358,19,1),
(359,19,1),
(360,19,1),
(361,19,1),
(362,19,2),
(363,19,1),
(364,19,3),
(365,19,3),
(366,19,3),
(367,19,1),
(368,19,1),
(369,19,2),
(370,19,2),
(371,20,1),
(372,20,1),
(373,20,2),
(374,20,1),
(375,20,2),
(376,20,1),
(377,20,1),
(378,20,1),
(379,20,2),
(380,20,1),
(381,21,3),
(382,21,1),
(383,21,1),
(384,21,3),
(385,21,2),
(386,21,2),
(387,21,3),
(388,21,1),
(389,21,1),
(390,21,1),
(391,21,3),
(392,21,2),
(393,21,2),
(394,21,1),
(395,21,2),
(396,21,1),
(397,21,3),
(398,21,2),
(399,21,3),
(400,21,2),
(401,21,3),
(402,21,2),
(403,21,1),
(404,21,2),
(405,21,3),
(406,21,2),
(407,21,2),
(408,21,2),
(409,21,1),
(410,21,1),
(411,22,2),
(412,22,2),
(413,22,1),
(414,22,2),
(415,22,2),
(416,22,2),
(417,22,3),
(418,22,3),
(419,22,1),
(420,22,2),
(421,22,1),
(422,22,2),
(423,22,3),
(424,22,3),
(425,22,2),
(426,22,1),
(427,22,3),
(428,22,1),
(429,22,2),
(430,22,2),
(431,22,1),
(432,22,3),
(433,22,1),
(434,22,2),
(435,22,3),
(436,22,2),
(437,22,3),
(438,22,1),
(439,22,1),
(440,22,3),
(441,23,1),
(442,23,2),
(443,23,1),
(444,23,3),
(445,23,1),
(446,23,2),
(447,23,2),
(448,23,2),
(449,23,1),
(450,23,3),
(451,23,1),
(452,23,1),
(453,23,3),
(454,23,2),
(455,23,2),
(456,23,2),
(457,23,2),
(458,23,2),
(459,23,1),
(460,23,2),
(461,23,1),
(462,23,2),
(463,23,1),
(464,23,1),
(465,23,2),
(466,23,3),
(467,23,1),
(468,23,3),
(469,23,3),
(470,23,2),
(471,24,1),
(472,24,3),
(473,24,1),
(474,24,2),
(475,24,3),
(476,24,1),
(477,24,1),
(478,24,3),
(479,24,2),
(480,24,1),
(481,24,3),
(482,24,1),
(483,24,3),
(484,24,2),
(485,24,2),
(486,24,1),
(487,24,1),
(488,24,1),
(489,24,2),
(490,24,1),
(491,24,1),
(492,24,3),
(493,24,3),
(494,24,3),
(495,24,1),
(496,24,2),
(497,24,1),
(498,24,3),
(499,24,3),
(500,24,1);

INSERT INTO odbiory VALUES
(1,46,'2020-01-06 21:14:52','2020-01-06 21:37:30'),
(2,57,NULL,NULL),
(3,287,'2020-01-03 10:33:44','2020-01-03 10:49:55'),
(4,371,'2020-01-03 10:20:46','2020-01-03 10:49:58'),
(5,251,NULL,NULL),
(6,66,NULL,NULL),
(7,211,NULL,NULL),
(8,271,NULL,NULL),
(9,187,NULL,NULL),
(10,186,NULL,NULL),
(11,301,NULL,NULL),
(12,216,NULL,NULL),
(13,286,NULL,NULL),
(14,288,NULL,NULL),
(15,275,NULL,NULL),
(16,116,NULL,NULL),
(17,68,NULL,NULL),
(18,89,NULL,NULL),
(19,41,NULL,NULL),
(20,221,NULL,NULL),
(21,474,NULL,NULL),
(22,58,NULL,NULL),
(23,223,NULL,NULL),
(24,43,NULL,NULL),
(25,327,NULL,NULL),
(26,252,NULL,NULL),
(27,443,NULL,NULL),
(28,479,NULL,NULL),
(29,39,NULL,NULL),
(30,2,NULL,NULL),
(31,212,NULL,NULL),
(32,471,NULL,NULL),
(33,74,NULL,NULL),
(34,59,'2020-01-06 21:14:52','2020-01-06 22:08:20'),
(35,347,NULL,NULL),
(36,213,NULL,NULL),
(37,62,NULL,NULL),
(38,326,NULL,NULL),
(39,193,NULL,NULL),
(40,257,NULL,NULL),
(41,346,NULL,NULL),
(42,135,NULL,NULL),
(43,44,NULL,NULL),
(44,4,'2020-01-06 21:14:52','2020-01-06 22:36:14'),
(45,42,'2020-01-07 20:48:04','2020-01-07 21:31:13'),
(46,473,NULL,NULL),
(47,446,NULL,NULL),
(48,122,NULL,NULL),
(49,447,NULL,NULL),
(50,224,NULL,NULL),
(51,47,NULL,NULL),
(52,82,'2020-01-07 20:44:16','2020-01-07 21:51:50'),
(53,118,NULL,NULL),
(54,385,NULL,NULL),
(55,70,NULL,NULL),
(56,279,NULL,NULL),
(57,445,NULL,NULL),
(58,73,NULL,NULL),
(59,198,NULL,NULL),
(60,82,NULL,NULL),
(61,120,'2020-01-08 20:51:12','2020-01-08 22:45:27'),
(62,450,NULL,NULL),
(63,304,NULL,NULL),
(64,289,NULL,NULL),
(65,215,NULL,NULL),
(66,203,NULL,NULL),
(67,332,NULL,NULL),
(68,120,NULL,NULL),
(69,281,NULL,NULL),
(70,384,NULL,NULL),
(71,303,NULL,NULL),
(72,253,'2020-01-08 10:33:44','2020-01-08 12:33:39'),
(73,489,NULL,NULL),
(74,71,NULL,NULL),
(75,258,NULL,NULL),
(76,5,NULL,NULL),
(77,287,NULL,NULL),
(78,202,NULL,NULL),
(79,132,NULL,NULL),
(80,476,NULL,NULL),
(81,496,NULL,NULL),
(82,234,NULL,NULL),
(83,199,NULL,NULL),
(84,305,NULL,NULL),
(85,137,NULL,NULL),
(86,449,NULL,NULL),
(87,273,NULL,NULL),
(88,417,NULL,NULL),
(89,143,NULL,NULL),
(90,283,'2020-01-10 10:30:04','2020-01-10 10:55:29'),
(91,191,NULL,NULL),
(92,139,'2020-01-11 20:53:08','2020-01-11 22:02:17'),
(93,195,NULL,NULL),
(94,454,NULL,NULL),
(95,334,NULL,NULL),
(96,81,NULL,NULL),
(97,33,NULL,NULL),
(98,256,NULL,NULL),
(99,375,NULL,NULL),
(100,259,'2020-01-11 10:37:16','2020-01-11 11:55:24'),
(101,451,NULL,NULL),
(102,162,NULL,NULL),
(103,335,NULL,NULL),
(104,86,NULL,NULL),
(105,452,NULL,NULL),
(106,313,NULL,NULL),
(107,319,NULL,NULL),
(108,386,NULL,NULL),
(109,391,NULL,NULL),
(110,175,NULL,NULL),
(111,455,NULL,NULL),
(112,78,NULL,NULL),
(113,259,NULL,NULL),
(114,210,NULL,NULL),
(115,129,NULL,NULL),
(116,466,NULL,NULL),
(117,130,NULL,NULL),
(118,321,NULL,NULL),
(119,85,'2020-01-14 20:57:36','2020-01-14 21:03:49'),
(120,260,NULL,NULL),
(121,349,NULL,NULL),
(122,324,NULL,NULL),
(123,177,'2020-01-14 03:43:27','2020-01-14 05:36:12'),
(124,456,NULL,NULL),
(125,482,NULL,NULL),
(126,331,NULL,NULL),
(127,291,NULL,NULL),
(128,72,NULL,NULL),
(129,181,NULL,NULL),
(130,4,NULL,NULL),
(131,208,NULL,NULL),
(132,292,NULL,NULL),
(133,163,NULL,NULL),
(134,177,NULL,NULL),
(135,277,NULL,NULL),
(136,267,NULL,NULL),
(137,136,NULL,NULL),
(138,144,NULL,NULL),
(139,314,NULL,NULL),
(140,284,NULL,NULL),
(141,379,NULL,NULL),
(142,310,NULL,NULL),
(143,6,NULL,NULL),
(144,311,NULL,NULL),
(145,353,NULL,NULL),
(146,96,'2020-01-18 21:01:44','2020-01-18 21:21:03'),
(147,458,NULL,NULL),
(148,486,NULL,NULL),
(149,469,NULL,NULL),
(150,192,NULL,NULL),
(151,194,NULL,NULL),
(152,270,NULL,NULL),
(153,149,NULL,NULL),
(154,293,NULL,NULL),
(155,282,NULL,NULL),
(156,411,NULL,NULL),
(157,34,NULL,NULL),
(158,60,'2020-01-19 21:06:28','2020-01-19 21:51:51'),
(159,97,NULL,NULL),
(160,300,NULL,NULL),
(161,35,NULL,NULL),
(162,266,NULL,NULL),
(163,462,NULL,NULL),
(164,338,NULL,NULL),
(165,100,NULL,NULL),
(166,98,NULL,NULL),
(167,481,NULL,NULL),
(168,60,NULL,NULL),
(169,225,NULL,NULL),
(170,141,NULL,NULL),
(171,426,NULL,NULL),
(172,80,NULL,NULL),
(173,142,NULL,NULL),
(174,340,NULL,NULL),
(175,145,NULL,NULL),
(176,399,NULL,NULL),
(177,299,NULL,NULL),
(178,356,NULL,NULL),
(179,464,NULL,NULL),
(180,376,NULL,NULL),
(181,285,NULL,NULL),
(182,226,NULL,NULL),
(183,219,'2020-01-26 10:24:16','2020-01-26 11:04:04'),
(184,38,NULL,NULL),
(185,390,NULL,NULL),
(186,312,NULL,NULL),
(187,394,NULL,NULL),
(188,488,NULL,NULL),
(189,465,NULL,NULL),
(190,55,NULL,NULL),
(191,269,NULL,NULL),
(192,56,NULL,NULL),
(193,491,NULL,NULL),
(194,344,NULL,NULL),
(195,61,NULL,NULL),
(196,357,NULL,NULL),
(197,146,NULL,NULL),
(198,99,NULL,NULL),
(199,315,NULL,NULL),
(200,110,NULL,NULL),
(201,248,NULL,NULL);

INSERT INTO praca_osoby VALUES
(233,1,3,'2020-01-02 07:09:22','2020-01-02 18:55:37'),
(234,2,3,'2020-01-02 07:04:11','2020-01-02 18:57:13'),
(235,3,3,'2020-01-02 07:00:37','2020-01-02 18:53:02'),
(236,4,3,'2020-01-02 07:03:26','2020-01-02 18:51:06'),
(237,5,3,'2020-01-02 07:09:05','2020-01-02 18:57:54'),
(238,6,3,'2020-01-02 07:04:27','2020-01-02 18:57:14'),
(239,7,3,'2020-01-02 07:07:00','2020-01-02 18:55:44'),
(240,8,3,'2020-01-02 07:02:57','2020-01-02 18:58:21'),
(241,9,3,'2020-01-02 07:07:50','2020-01-02 19:00:00'),
(242,10,3,'2020-01-02 07:09:39','2020-01-02 18:54:59'),
(243,11,3,'2020-01-02 07:04:04','2020-01-02 18:57:13'),
(202,11,1,'2020-01-02 07:05:09','2020-01-02 18:51:35'),
(244,6,4,'2020-01-02 11:38:57','2020-01-02 18:19:12'),
(245,2,4,'2020-01-02 11:07:38','2020-01-02 17:38:47'),
(246,4,4,'2020-01-02 11:07:43','2020-01-02 18:58:23'),
(247,8,4,'2020-01-02 11:17:53','2020-01-02 16:19:01'),
(248,6,4,'2020-01-02 11:35:07','2020-01-02 16:52:53'),
(203,8,2,'2020-01-02 10:00:57','2020-01-02 17:59:55'),
(204,4,2,'2020-01-02 10:02:16','2020-01-02 17:59:16'),
(205,7,2,'2020-01-02 10:01:05','2020-01-02 17:59:57'),
(206,6,2,'2020-01-02 10:02:00','2020-01-02 17:59:29'),
(207,2,2,'2020-01-02 10:02:37','2020-01-02 17:59:05'),
(208,2,2,'2020-01-02 10:02:22','2020-01-02 17:57:31'),
(209,5,2,'2020-01-02 10:00:42','2020-01-02 17:58:35'),
(210,3,2,'2020-01-02 10:02:21','2020-01-02 17:59:36'),
(211,2,2,'2020-01-02 10:01:44','2020-01-02 17:58:44'),
(212,9,2,'2020-01-02 10:02:43','2020-01-02 17:57:52'),
(213,1,2,'2020-01-02 10:00:24','2020-01-02 17:59:48'),
(214,9,2,'2020-01-02 10:02:46','2020-01-02 17:59:01'),
(215,5,2,'2020-01-02 10:01:45','2020-01-02 17:59:36'),
(216,3,2,'2020-01-02 10:02:14','2020-01-02 17:57:35'),
(217,9,2,'2020-01-02 10:00:00','2020-01-02 17:57:20'),
(218,9,2,'2020-01-02 10:02:23','2020-01-02 17:59:08'),
(219,8,2,'2020-01-02 10:02:30','2020-01-02 17:58:09'),
(220,8,2,'2020-01-02 10:00:59','2020-01-02 17:58:21'),
(221,8,2,'2020-01-02 10:00:56','2020-01-02 17:59:10'),
(222,8,2,'2020-01-02 10:01:16','2020-01-02 17:58:21'),
(223,1,2,'2020-01-02 10:02:01','2020-01-02 17:59:57'),
(224,7,2,'2020-01-02 10:02:18','2020-01-02 17:57:12'),
(225,7,2,'2020-01-02 10:01:41','2020-01-02 17:57:54'),
(226,10,2,'2020-01-02 10:00:18','2020-01-02 17:57:15'),
(227,9,2,'2020-01-02 10:02:47','2020-01-02 17:57:04'),
(228,7,2,'2020-01-02 10:02:57','2020-01-02 17:59:00'),
(229,11,2,'2020-01-02 10:00:05','2020-01-02 17:59:21'),
(230,2,2,'2020-01-02 10:01:30','2020-01-02 17:59:59'),
(231,8,2,'2020-01-02 10:02:49','2020-01-02 17:59:58'),
(232,5,2,'2020-01-02 10:01:01','2020-01-02 17:58:39'),
(233,1,3,'2020-01-03 07:01:49','2020-01-03 18:59:01'),
(234,2,3,'2020-01-03 07:08:27','2020-01-03 18:57:47'),
(235,3,3,'2020-01-03 07:03:16','2020-01-03 18:57:41'),
(236,4,3,'2020-01-03 07:04:30','2020-01-03 18:59:46'),
(237,5,3,'2020-01-03 07:06:56','2020-01-03 18:53:42'),
(238,6,3,'2020-01-03 07:09:03','2020-01-03 18:55:18'),
(239,7,3,'2020-01-03 07:04:23','2020-01-03 18:54:29'),
(240,8,3,'2020-01-03 07:08:07','2020-01-03 18:55:04'),
(241,9,3,'2020-01-03 07:06:28','2020-01-03 18:53:04'),
(242,10,3,'2020-01-03 07:02:42','2020-01-03 18:51:48'),
(243,11,3,'2020-01-03 07:04:12','2020-01-03 18:52:52'),
(202,4,1,'2020-01-03 07:07:49','2020-01-03 18:56:48'),
(244,5,4,'2020-01-03 10:30:26','2020-01-03 19:16:34'),
(245,9,4,'2020-01-03 08:41:58','2020-01-03 17:44:24'),
(246,10,4,'2020-01-03 09:42:03','2020-01-03 19:54:07'),
(247,2,4,'2020-01-03 11:13:07','2020-01-03 19:18:50'),
(248,3,4,'2020-01-03 10:08:33','2020-01-03 19:50:52'),
(203,5,2,'2020-01-03 10:00:58','2020-01-03 17:57:14'),
(204,11,2,'2020-01-03 10:01:42','2020-01-03 17:58:23'),
(205,9,2,'2020-01-03 10:01:52','2020-01-03 17:57:59'),
(206,9,2,'2020-01-03 10:02:18','2020-01-03 17:57:30'),
(207,7,2,'2020-01-03 10:02:08','2020-01-03 17:57:40'),
(208,5,2,'2020-01-03 10:00:07','2020-01-03 17:57:45'),
(209,11,2,'2020-01-03 10:02:09','2020-01-03 17:57:55'),
(210,7,2,'2020-01-03 10:01:29','2020-01-03 17:58:32'),
(211,9,2,'2020-01-03 10:00:27','2020-01-03 17:59:02'),
(212,4,2,'2020-01-03 10:00:25','2020-01-03 17:58:02'),
(213,6,2,'2020-01-03 10:00:18','2020-01-03 17:57:14'),
(214,8,2,'2020-01-03 10:01:28','2020-01-03 17:57:38'),
(215,3,2,'2020-01-03 10:01:45','2020-01-03 17:59:26'),
(216,2,2,'2020-01-03 10:01:00','2020-01-03 17:58:51'),
(217,3,2,'2020-01-03 10:01:47','2020-01-03 17:57:39'),
(218,8,2,'2020-01-03 10:01:34','2020-01-03 17:57:30'),
(219,11,2,'2020-01-03 10:00:55','2020-01-03 17:58:38'),
(220,1,2,'2020-01-03 10:02:02','2020-01-03 17:59:41'),
(221,10,2,'2020-01-03 10:00:57','2020-01-03 17:57:27'),
(222,4,2,'2020-01-03 10:02:28','2020-01-03 17:59:16'),
(223,6,2,'2020-01-03 10:01:35','2020-01-03 17:59:23'),
(224,4,2,'2020-01-03 10:00:45','2020-01-03 17:57:21'),
(225,9,2,'2020-01-03 10:01:16','2020-01-03 17:57:09'),
(226,7,2,'2020-01-03 10:02:48','2020-01-03 17:59:29'),
(227,5,2,'2020-01-03 10:01:52','2020-01-03 17:58:49'),
(228,10,2,'2020-01-03 10:01:38','2020-01-03 17:58:56'),
(229,8,2,'2020-01-03 10:02:59','2020-01-03 17:59:45'),
(230,4,2,'2020-01-03 10:00:43','2020-01-03 17:58:00'),
(231,7,2,'2020-01-03 10:00:47','2020-01-03 17:59:51'),
(232,2,2,'2020-01-03 10:00:51','2020-01-03 17:59:12'),
(233,1,3,'2020-01-04 07:08:30','2020-01-04 18:57:15'),
(234,2,3,'2020-01-04 07:02:18','2020-01-04 18:50:00'),
(235,3,3,'2020-01-04 07:00:25','2020-01-04 18:52:03'),
(236,4,3,'2020-01-04 07:02:12','2020-01-04 18:50:38'),
(237,5,3,'2020-01-04 07:05:15','2020-01-04 18:55:23'),
(238,6,3,'2020-01-04 07:09:36','2020-01-04 18:59:53'),
(239,7,3,'2020-01-04 07:08:00','2020-01-04 18:56:46'),
(240,8,3,'2020-01-04 07:05:08','2020-01-04 18:55:41'),
(241,9,3,'2020-01-04 07:03:53','2020-01-04 18:56:38'),
(242,10,3,'2020-01-04 07:00:38','2020-01-04 18:50:40'),
(243,11,3,'2020-01-04 07:00:49','2020-01-04 18:57:18'),
(202,1,1,'2020-01-04 07:07:08','2020-01-04 18:50:35'),
(244,5,4,'2020-01-04 08:59:27','2020-01-04 17:29:16'),
(245,8,4,'2020-01-04 11:14:06','2020-01-04 17:47:10'),
(246,6,4,'2020-01-04 11:23:53','2020-01-04 18:15:56'),
(247,6,4,'2020-01-04 10:20:34','2020-01-04 19:57:40'),
(248,8,4,'2020-01-04 08:17:58','2020-01-04 19:00:16'),
(203,11,2,'2020-01-04 10:01:17','2020-01-04 17:59:40'),
(204,5,2,'2020-01-04 10:02:14','2020-01-04 17:59:58'),
(205,2,2,'2020-01-04 10:01:20','2020-01-04 17:58:28'),
(206,7,2,'2020-01-04 10:01:35','2020-01-04 17:57:30'),
(207,10,2,'2020-01-04 10:01:24','2020-01-04 17:59:11'),
(208,2,2,'2020-01-04 10:02:41','2020-01-04 17:57:08'),
(209,1,2,'2020-01-04 10:01:50','2020-01-04 17:57:54'),
(210,5,2,'2020-01-04 10:01:31','2020-01-04 17:59:19'),
(211,3,2,'2020-01-04 10:01:26','2020-01-04 17:58:05'),
(212,10,2,'2020-01-04 10:01:59','2020-01-04 17:57:46'),
(213,3,2,'2020-01-04 10:00:07','2020-01-04 17:59:09'),
(214,3,2,'2020-01-04 10:00:12','2020-01-04 17:57:49'),
(215,7,2,'2020-01-04 10:00:04','2020-01-04 17:57:51'),
(216,7,2,'2020-01-04 10:01:40','2020-01-04 17:58:15'),
(217,9,2,'2020-01-04 10:02:58','2020-01-04 17:57:59'),
(218,6,2,'2020-01-04 10:01:08','2020-01-04 17:57:48'),
(219,1,2,'2020-01-04 10:00:12','2020-01-04 17:59:00'),
(220,4,2,'2020-01-04 10:02:19','2020-01-04 17:58:17'),
(221,5,2,'2020-01-04 10:00:19','2020-01-04 17:59:19'),
(222,3,2,'2020-01-04 10:02:45','2020-01-04 17:57:53'),
(223,2,2,'2020-01-04 10:02:01','2020-01-04 17:58:43'),
(224,3,2,'2020-01-04 10:01:56','2020-01-04 17:58:51'),
(225,2,2,'2020-01-04 10:02:13','2020-01-04 17:59:11'),
(226,6,2,'2020-01-04 10:02:36','2020-01-04 17:59:55'),
(227,3,2,'2020-01-04 10:02:12','2020-01-04 17:57:40'),
(228,9,2,'2020-01-04 10:00:05','2020-01-04 17:57:32'),
(229,10,2,'2020-01-04 10:01:28','2020-01-04 17:57:52'),
(230,1,2,'2020-01-04 10:00:21','2020-01-04 17:59:09'),
(231,2,2,'2020-01-04 10:01:23','2020-01-04 17:59:32'),
(232,3,2,'2020-01-04 10:02:29','2020-01-04 17:58:47'),
(233,1,3,'2020-01-05 07:09:49','2020-01-05 18:50:34'),
(234,2,3,'2020-01-05 07:09:04','2020-01-05 18:53:14'),
(235,3,3,'2020-01-05 07:05:17','2020-01-05 18:51:56'),
(236,4,3,'2020-01-05 07:03:51','2020-01-05 18:54:47'),
(237,5,3,'2020-01-05 07:00:16','2020-01-05 18:54:37'),
(238,6,3,'2020-01-05 07:02:51','2020-01-05 18:54:17'),
(239,7,3,'2020-01-05 07:07:23','2020-01-05 18:59:19'),
(240,8,3,'2020-01-05 07:08:24','2020-01-05 18:59:33'),
(241,9,3,'2020-01-05 07:05:44','2020-01-05 18:59:03'),
(242,10,3,'2020-01-05 07:06:08','2020-01-05 18:56:09'),
(243,11,3,'2020-01-05 07:07:33','2020-01-05 18:50:33'),
(202,2,1,'2020-01-05 07:08:37','2020-01-05 18:55:06'),
(244,9,4,'2020-01-05 09:53:34','2020-01-05 17:55:52'),
(245,2,4,'2020-01-05 08:51:30','2020-01-05 18:23:17'),
(246,11,4,'2020-01-05 10:35:51','2020-01-05 18:27:25'),
(247,8,4,'2020-01-05 08:18:25','2020-01-05 17:55:35'),
(248,2,4,'2020-01-05 11:12:03','2020-01-05 18:28:28'),
(203,7,2,'2020-01-05 10:02:29','2020-01-05 17:58:20'),
(204,7,2,'2020-01-05 10:02:42','2020-01-05 17:59:15'),
(205,3,2,'2020-01-05 10:01:16','2020-01-05 17:59:27'),
(206,5,2,'2020-01-05 10:01:33','2020-01-05 17:59:09'),
(207,4,2,'2020-01-05 10:01:11','2020-01-05 17:58:39'),
(208,4,2,'2020-01-05 10:02:26','2020-01-05 17:57:55'),
(209,5,2,'2020-01-05 10:02:58','2020-01-05 17:58:36'),
(210,6,2,'2020-01-05 10:00:41','2020-01-05 17:57:39'),
(211,8,2,'2020-01-05 10:01:32','2020-01-05 17:59:28'),
(212,1,2,'2020-01-05 10:01:29','2020-01-05 17:58:00'),
(213,2,2,'2020-01-05 10:01:38','2020-01-05 17:58:56'),
(214,6,2,'2020-01-05 10:01:40','2020-01-05 17:57:54'),
(215,1,2,'2020-01-05 10:02:04','2020-01-05 17:58:13'),
(216,8,2,'2020-01-05 10:01:50','2020-01-05 17:59:04'),
(217,7,2,'2020-01-05 10:01:31','2020-01-05 17:58:05'),
(218,10,2,'2020-01-05 10:00:25','2020-01-05 17:57:20'),
(219,7,2,'2020-01-05 10:00:56','2020-01-05 17:57:15'),
(220,3,2,'2020-01-05 10:02:53','2020-01-05 17:58:02'),
(221,10,2,'2020-01-05 10:00:06','2020-01-05 17:58:50'),
(222,2,2,'2020-01-05 10:01:40','2020-01-05 17:59:20'),
(223,11,2,'2020-01-05 10:02:41','2020-01-05 17:58:17'),
(224,8,2,'2020-01-05 10:00:15','2020-01-05 17:59:02'),
(225,5,2,'2020-01-05 10:01:01','2020-01-05 17:59:28'),
(226,10,2,'2020-01-05 10:02:04','2020-01-05 17:59:57'),
(227,2,2,'2020-01-05 10:02:31','2020-01-05 17:59:11'),
(228,1,2,'2020-01-05 10:00:00','2020-01-05 17:59:57'),
(229,7,2,'2020-01-05 10:01:44','2020-01-05 17:59:29'),
(230,2,2,'2020-01-05 10:00:32','2020-01-05 17:57:01'),
(231,4,2,'2020-01-05 10:01:51','2020-01-05 17:59:52'),
(232,1,2,'2020-01-05 10:01:17','2020-01-05 17:58:21'),
(233,1,3,'2020-01-06 07:06:16','2020-01-06 18:57:24'),
(234,2,3,'2020-01-06 07:05:17','2020-01-06 18:52:23'),
(235,3,3,'2020-01-06 07:02:04','2020-01-06 18:54:44'),
(236,4,3,'2020-01-06 07:08:28','2020-01-06 18:51:14'),
(237,5,3,'2020-01-06 07:01:15','2020-01-06 18:57:01'),
(238,6,3,'2020-01-06 07:07:23','2020-01-06 18:58:55'),
(239,7,3,'2020-01-06 07:07:53','2020-01-06 18:57:26'),
(240,8,3,'2020-01-06 07:05:02','2020-01-06 18:54:52'),
(241,9,3,'2020-01-06 07:04:38','2020-01-06 18:53:09'),
(242,10,3,'2020-01-06 07:01:51','2020-01-06 18:52:58'),
(243,11,3,'2020-01-06 07:05:32','2020-01-06 18:50:39'),
(202,2,1,'2020-01-06 07:09:46','2020-01-06 18:56:11'),
(244,4,4,'2020-01-06 10:30:08','2020-01-06 16:54:11'),
(245,9,4,'2020-01-06 11:34:46','2020-01-06 18:24:46'),
(246,8,4,'2020-01-06 10:20:34','2020-01-06 18:52:16'),
(247,2,4,'2020-01-06 10:39:11','2020-01-06 17:06:58'),
(248,10,4,'2020-01-06 10:30:30','2020-01-06 17:50:30'),
(203,8,2,'2020-01-06 10:02:39','2020-01-06 17:57:52'),
(204,11,2,'2020-01-06 10:02:06','2020-01-06 17:58:04'),
(205,7,2,'2020-01-06 10:00:04','2020-01-06 17:57:49'),
(206,2,2,'2020-01-06 10:00:33','2020-01-06 17:57:21'),
(207,9,2,'2020-01-06 10:01:16','2020-01-06 17:58:31'),
(208,7,2,'2020-01-06 10:00:16','2020-01-06 17:59:41'),
(209,9,2,'2020-01-06 10:01:17','2020-01-06 17:58:36'),
(210,7,2,'2020-01-06 10:02:16','2020-01-06 17:59:20'),
(211,5,2,'2020-01-06 10:00:00','2020-01-06 17:59:26'),
(212,7,2,'2020-01-06 10:02:03','2020-01-06 17:59:57'),
(213,3,2,'2020-01-06 10:02:59','2020-01-06 17:58:46'),
(214,2,2,'2020-01-06 10:02:34','2020-01-06 17:59:07'),
(215,2,2,'2020-01-06 10:00:12','2020-01-06 17:57:08'),
(216,5,2,'2020-01-06 10:02:11','2020-01-06 17:59:20'),
(217,11,2,'2020-01-06 10:02:58','2020-01-06 17:58:20'),
(218,6,2,'2020-01-06 10:02:29','2020-01-06 17:57:23'),
(219,9,2,'2020-01-06 10:02:44','2020-01-06 17:57:36'),
(220,1,2,'2020-01-06 10:01:53','2020-01-06 17:58:11'),
(221,2,2,'2020-01-06 10:02:17','2020-01-06 17:59:53'),
(222,11,2,'2020-01-06 10:02:52','2020-01-06 17:58:02'),
(223,3,2,'2020-01-06 10:00:03','2020-01-06 17:57:24'),
(224,6,2,'2020-01-06 10:02:38','2020-01-06 17:59:05'),
(225,4,2,'2020-01-06 10:01:36','2020-01-06 17:58:12'),
(226,3,2,'2020-01-06 10:02:41','2020-01-06 17:58:20'),
(227,6,2,'2020-01-06 10:00:29','2020-01-06 17:59:38'),
(228,5,2,'2020-01-06 10:00:40','2020-01-06 17:58:38'),
(229,1,2,'2020-01-06 10:00:06','2020-01-06 17:58:26'),
(230,11,2,'2020-01-06 10:01:51','2020-01-06 17:57:32'),
(231,8,2,'2020-01-06 10:01:24','2020-01-06 17:57:47'),
(232,6,2,'2020-01-06 10:02:53','2020-01-06 17:58:10'),
(233,1,3,'2020-01-07 07:03:58','2020-01-07 18:55:55'),
(234,2,3,'2020-01-07 07:03:14','2020-01-07 18:59:36'),
(235,3,3,'2020-01-07 07:06:37','2020-01-07 18:51:52'),
(236,4,3,'2020-01-07 07:09:40','2020-01-07 18:58:04'),
(237,5,3,'2020-01-07 07:01:54','2020-01-07 18:56:12'),
(238,6,3,'2020-01-07 07:02:22','2020-01-07 18:51:19'),
(239,7,3,'2020-01-07 07:05:31','2020-01-07 18:57:33'),
(240,8,3,'2020-01-07 07:07:23','2020-01-07 18:54:00'),
(241,9,3,'2020-01-07 07:06:22','2020-01-07 18:54:45'),
(242,10,3,'2020-01-07 07:07:32','2020-01-07 18:53:33'),
(243,11,3,'2020-01-07 07:03:01','2020-01-07 18:51:35'),
(202,3,1,'2020-01-07 07:05:20','2020-01-07 18:58:50'),
(244,10,4,'2020-01-07 11:43:01','2020-01-07 19:35:02'),
(245,2,4,'2020-01-07 08:04:39','2020-01-07 16:26:57'),
(246,2,4,'2020-01-07 11:27:48','2020-01-07 16:01:03'),
(247,1,4,'2020-01-07 08:48:18','2020-01-07 18:19:01'),
(248,6,4,'2020-01-07 10:44:10','2020-01-07 16:25:20'),
(203,11,2,'2020-01-07 10:02:55','2020-01-07 17:59:39'),
(204,4,2,'2020-01-07 10:01:01','2020-01-07 17:59:48'),
(205,11,2,'2020-01-07 10:02:12','2020-01-07 17:59:11'),
(206,6,2,'2020-01-07 10:02:38','2020-01-07 17:58:00'),
(207,7,2,'2020-01-07 10:00:27','2020-01-07 17:57:59'),
(208,10,2,'2020-01-07 10:00:34','2020-01-07 17:58:45'),
(209,3,2,'2020-01-07 10:01:56','2020-01-07 17:58:47'),
(210,11,2,'2020-01-07 10:00:48','2020-01-07 17:57:25'),
(211,1,2,'2020-01-07 10:00:50','2020-01-07 17:59:49'),
(212,4,2,'2020-01-07 10:00:33','2020-01-07 17:57:51'),
(213,1,2,'2020-01-07 10:02:28','2020-01-07 17:57:13'),
(214,10,2,'2020-01-07 10:01:40','2020-01-07 17:59:40'),
(215,8,2,'2020-01-07 10:01:35','2020-01-07 17:58:43'),
(216,10,2,'2020-01-07 10:01:20','2020-01-07 17:59:20'),
(217,6,2,'2020-01-07 10:02:17','2020-01-07 17:57:29'),
(218,7,2,'2020-01-07 10:02:25','2020-01-07 17:57:57'),
(219,11,2,'2020-01-07 10:00:44','2020-01-07 17:59:19'),
(220,3,2,'2020-01-07 10:00:25','2020-01-07 17:58:17'),
(221,11,2,'2020-01-07 10:00:53','2020-01-07 17:58:38'),
(222,5,2,'2020-01-07 10:02:33','2020-01-07 17:59:13'),
(223,1,2,'2020-01-07 10:02:44','2020-01-07 17:59:23'),
(224,2,2,'2020-01-07 10:01:26','2020-01-07 17:59:34'),
(225,11,2,'2020-01-07 10:00:08','2020-01-07 18:00:00'),
(226,11,2,'2020-01-07 10:02:50','2020-01-07 17:58:22'),
(227,1,2,'2020-01-07 10:02:05','2020-01-07 17:57:24'),
(228,7,2,'2020-01-07 10:00:46','2020-01-07 17:59:50'),
(229,3,2,'2020-01-07 10:02:47','2020-01-07 17:59:30'),
(230,1,2,'2020-01-07 10:02:20','2020-01-07 17:58:22'),
(231,10,2,'2020-01-07 10:00:17','2020-01-07 17:57:16'),
(232,7,2,'2020-01-07 10:01:55','2020-01-07 17:58:58'),
(233,1,3,'2020-01-08 07:03:41','2020-01-08 18:59:33'),
(234,2,3,'2020-01-08 07:03:40','2020-01-08 18:50:57'),
(235,3,3,'2020-01-08 07:00:05','2020-01-08 18:55:39'),
(236,4,3,'2020-01-08 07:04:58','2020-01-08 18:50:18'),
(237,5,3,'2020-01-08 07:07:35','2020-01-08 18:59:27'),
(238,6,3,'2020-01-08 07:03:12','2020-01-08 18:55:44'),
(239,7,3,'2020-01-08 07:09:25','2020-01-08 18:52:15'),
(240,8,3,'2020-01-08 07:01:34','2020-01-08 18:53:21'),
(241,9,3,'2020-01-08 07:06:36','2020-01-08 18:51:23'),
(242,10,3,'2020-01-08 07:05:23','2020-01-08 18:58:24'),
(243,11,3,'2020-01-08 07:00:03','2020-01-08 18:57:48'),
(202,5,1,'2020-01-08 07:02:02','2020-01-08 18:51:32'),
(244,10,4,'2020-01-08 09:24:10','2020-01-08 17:23:36'),
(245,5,4,'2020-01-08 08:33:54','2020-01-08 18:37:27'),
(246,9,4,'2020-01-08 11:48:04','2020-01-08 17:46:48'),
(247,2,4,'2020-01-08 10:28:09','2020-01-08 19:20:05'),
(248,4,4,'2020-01-08 08:03:33','2020-01-08 19:38:55'),
(203,10,2,'2020-01-08 10:00:33','2020-01-08 17:59:48'),
(204,5,2,'2020-01-08 10:02:03','2020-01-08 17:57:08'),
(205,1,2,'2020-01-08 10:02:13','2020-01-08 17:58:55'),
(206,2,2,'2020-01-08 10:01:44','2020-01-08 17:57:54'),
(207,9,2,'2020-01-08 10:01:57','2020-01-08 17:58:09'),
(208,2,2,'2020-01-08 10:00:15','2020-01-08 17:58:52'),
(209,9,2,'2020-01-08 10:01:26','2020-01-08 17:57:14'),
(210,10,2,'2020-01-08 10:02:47','2020-01-08 17:57:00'),
(211,6,2,'2020-01-08 10:01:38','2020-01-08 17:58:34'),
(212,7,2,'2020-01-08 10:00:40','2020-01-08 17:57:39'),
(213,5,2,'2020-01-08 10:00:57','2020-01-08 17:58:43'),
(214,4,2,'2020-01-08 10:00:23','2020-01-08 17:59:54'),
(215,11,2,'2020-01-08 10:03:00','2020-01-08 17:58:00'),
(216,4,2,'2020-01-08 10:00:13','2020-01-08 17:57:18'),
(217,4,2,'2020-01-08 10:02:46','2020-01-08 17:59:02'),
(218,4,2,'2020-01-08 10:01:38','2020-01-08 17:58:23'),
(219,1,2,'2020-01-08 10:00:29','2020-01-08 17:57:31'),
(220,8,2,'2020-01-08 10:01:33','2020-01-08 17:58:59'),
(221,2,2,'2020-01-08 10:02:01','2020-01-08 17:59:17'),
(222,8,2,'2020-01-08 10:01:23','2020-01-08 17:57:21'),
(223,10,2,'2020-01-08 10:00:14','2020-01-08 17:58:31'),
(224,1,2,'2020-01-08 10:02:25','2020-01-08 17:59:36'),
(225,2,2,'2020-01-08 10:02:57','2020-01-08 17:58:48'),
(226,7,2,'2020-01-08 10:02:38','2020-01-08 17:57:00'),
(227,8,2,'2020-01-08 10:02:07','2020-01-08 17:57:05'),
(228,2,2,'2020-01-08 10:02:17','2020-01-08 17:59:56'),
(229,11,2,'2020-01-08 10:00:29','2020-01-08 17:59:16'),
(230,11,2,'2020-01-08 10:00:46','2020-01-08 17:59:30'),
(231,6,2,'2020-01-08 10:00:25','2020-01-08 17:59:55'),
(232,1,2,'2020-01-08 10:02:24','2020-01-08 17:57:33'),
(233,1,3,'2020-01-09 07:08:00','2020-01-09 18:52:58'),
(234,2,3,'2020-01-09 07:02:39','2020-01-09 18:51:27'),
(235,3,3,'2020-01-09 07:03:36','2020-01-09 18:59:36'),
(236,4,3,'2020-01-09 07:06:28','2020-01-09 18:52:17'),
(237,5,3,'2020-01-09 07:02:12','2020-01-09 18:58:50'),
(238,6,3,'2020-01-09 07:00:05','2020-01-09 18:56:48'),
(239,7,3,'2020-01-09 07:07:22','2020-01-09 18:51:08'),
(240,8,3,'2020-01-09 07:08:35','2020-01-09 18:53:44'),
(241,9,3,'2020-01-09 07:08:16','2020-01-09 18:54:55'),
(242,10,3,'2020-01-09 07:05:26','2020-01-09 18:56:17'),
(243,11,3,'2020-01-09 07:08:46','2020-01-09 18:57:56'),
(202,6,1,'2020-01-09 07:09:55','2020-01-09 18:55:34'),
(244,4,4,'2020-01-09 10:54:38','2020-01-09 18:38:48'),
(245,2,4,'2020-01-09 11:51:03','2020-01-09 16:54:11'),
(246,5,4,'2020-01-09 09:55:11','2020-01-09 17:38:01'),
(247,4,4,'2020-01-09 11:12:10','2020-01-09 17:33:32'),
(248,10,4,'2020-01-09 08:34:58','2020-01-09 17:49:15'),
(203,6,2,'2020-01-09 10:00:03','2020-01-09 17:59:33'),
(204,6,2,'2020-01-09 10:01:41','2020-01-09 17:57:09'),
(205,9,2,'2020-01-09 10:00:09','2020-01-09 17:59:30'),
(206,10,2,'2020-01-09 10:01:00','2020-01-09 17:59:46'),
(207,6,2,'2020-01-09 10:00:28','2020-01-09 17:57:57'),
(208,9,2,'2020-01-09 10:02:56','2020-01-09 17:58:59'),
(209,8,2,'2020-01-09 10:01:53','2020-01-09 17:57:23'),
(210,9,2,'2020-01-09 10:00:24','2020-01-09 17:59:12'),
(211,7,2,'2020-01-09 10:00:16','2020-01-09 17:59:13'),
(212,9,2,'2020-01-09 10:00:31','2020-01-09 17:58:00'),
(213,8,2,'2020-01-09 10:00:28','2020-01-09 17:57:33'),
(214,2,2,'2020-01-09 10:02:56','2020-01-09 17:59:06'),
(215,3,2,'2020-01-09 10:02:42','2020-01-09 17:57:02'),
(216,3,2,'2020-01-09 10:00:07','2020-01-09 17:57:55'),
(217,11,2,'2020-01-09 10:01:17','2020-01-09 17:57:45'),
(218,10,2,'2020-01-09 10:00:19','2020-01-09 17:59:55'),
(219,3,2,'2020-01-09 10:00:13','2020-01-09 17:59:07'),
(220,3,2,'2020-01-09 10:01:44','2020-01-09 17:57:10'),
(221,7,2,'2020-01-09 10:01:55','2020-01-09 17:59:12'),
(222,5,2,'2020-01-09 10:00:58','2020-01-09 17:59:58'),
(223,9,2,'2020-01-09 10:00:02','2020-01-09 17:57:57'),
(224,11,2,'2020-01-09 10:00:36','2020-01-09 17:58:09'),
(225,1,2,'2020-01-09 10:00:18','2020-01-09 17:59:32'),
(226,5,2,'2020-01-09 10:01:48','2020-01-09 17:59:50'),
(227,6,2,'2020-01-09 10:01:37','2020-01-09 17:58:21'),
(228,9,2,'2020-01-09 10:00:41','2020-01-09 17:57:00'),
(229,2,2,'2020-01-09 10:01:55','2020-01-09 17:59:38'),
(230,6,2,'2020-01-09 10:00:57','2020-01-09 17:59:17'),
(231,8,2,'2020-01-09 10:02:26','2020-01-09 17:59:14'),
(232,3,2,'2020-01-09 10:01:14','2020-01-09 17:58:58'),
(233,1,3,'2020-01-10 07:05:56','2020-01-10 18:53:52'),
(234,2,3,'2020-01-10 07:07:36','2020-01-10 18:53:59'),
(235,3,3,'2020-01-10 07:00:17','2020-01-10 18:56:50'),
(236,4,3,'2020-01-10 07:02:26','2020-01-10 18:53:22'),
(237,5,3,'2020-01-10 07:04:07','2020-01-10 18:58:23'),
(238,6,3,'2020-01-10 07:08:28','2020-01-10 18:59:42'),
(239,7,3,'2020-01-10 07:04:18','2020-01-10 18:56:29'),
(240,8,3,'2020-01-10 07:08:05','2020-01-10 18:50:13'),
(241,9,3,'2020-01-10 07:04:17','2020-01-10 18:50:56'),
(242,10,3,'2020-01-10 07:01:27','2020-01-10 18:59:49'),
(243,11,3,'2020-01-10 07:09:57','2020-01-10 18:58:20'),
(202,6,1,'2020-01-10 07:08:32','2020-01-10 18:51:25'),
(244,3,4,'2020-01-10 09:33:47','2020-01-10 19:56:04'),
(245,5,4,'2020-01-10 11:27:44','2020-01-10 18:20:14'),
(246,4,4,'2020-01-10 09:14:43','2020-01-10 17:22:59'),
(247,1,4,'2020-01-10 08:05:28','2020-01-10 19:58:00'),
(248,8,4,'2020-01-10 11:33:54','2020-01-10 16:32:34'),
(203,1,2,'2020-01-10 10:02:53','2020-01-10 17:58:55'),
(204,10,2,'2020-01-10 10:01:38','2020-01-10 17:58:08'),
(205,7,2,'2020-01-10 10:01:17','2020-01-10 17:57:22'),
(206,7,2,'2020-01-10 10:00:17','2020-01-10 17:59:06'),
(207,11,2,'2020-01-10 10:00:50','2020-01-10 17:58:50'),
(208,4,2,'2020-01-10 10:01:13','2020-01-10 17:57:03'),
(209,9,2,'2020-01-10 10:03:00','2020-01-10 17:59:40'),
(210,2,2,'2020-01-10 10:01:01','2020-01-10 17:59:35'),
(211,9,2,'2020-01-10 10:00:31','2020-01-10 17:57:20'),
(212,8,2,'2020-01-10 10:01:44','2020-01-10 17:58:12'),
(213,2,2,'2020-01-10 10:01:06','2020-01-10 17:59:12'),
(214,7,2,'2020-01-10 10:02:48','2020-01-10 17:59:16'),
(215,4,2,'2020-01-10 10:00:26','2020-01-10 17:57:46'),
(216,8,2,'2020-01-10 10:02:15','2020-01-10 17:57:44'),
(217,6,2,'2020-01-10 10:00:00','2020-01-10 17:58:54'),
(218,6,2,'2020-01-10 10:02:00','2020-01-10 17:58:40'),
(219,1,2,'2020-01-10 10:01:28','2020-01-10 17:57:48'),
(220,6,2,'2020-01-10 10:01:52','2020-01-10 17:58:29'),
(221,2,2,'2020-01-10 10:00:40','2020-01-10 17:58:08'),
(222,11,2,'2020-01-10 10:00:29','2020-01-10 17:59:47'),
(223,10,2,'2020-01-10 10:03:00','2020-01-10 17:59:53'),
(224,7,2,'2020-01-10 10:01:56','2020-01-10 17:59:56'),
(225,11,2,'2020-01-10 10:02:19','2020-01-10 17:59:45'),
(226,8,2,'2020-01-10 10:01:50','2020-01-10 17:59:52'),
(227,8,2,'2020-01-10 10:00:09','2020-01-10 17:57:53'),
(228,6,2,'2020-01-10 10:00:06','2020-01-10 17:58:49'),
(229,5,2,'2020-01-10 10:00:38','2020-01-10 17:57:07'),
(230,1,2,'2020-01-10 10:02:46','2020-01-10 17:58:41'),
(231,9,2,'2020-01-10 10:00:44','2020-01-10 17:57:48'),
(232,4,2,'2020-01-10 10:00:44','2020-01-10 17:59:22'),
(233,1,3,'2020-01-11 07:00:35','2020-01-11 18:59:41'),
(234,2,3,'2020-01-11 07:04:55','2020-01-11 18:55:05'),
(235,3,3,'2020-01-11 07:03:53','2020-01-11 18:51:54'),
(236,4,3,'2020-01-11 07:01:11','2020-01-11 18:58:40'),
(237,5,3,'2020-01-11 07:03:21','2020-01-11 18:58:39'),
(238,6,3,'2020-01-11 07:05:12','2020-01-11 18:57:15'),
(239,7,3,'2020-01-11 07:07:46','2020-01-11 18:50:18'),
(240,8,3,'2020-01-11 07:04:35','2020-01-11 18:54:45'),
(241,9,3,'2020-01-11 07:00:58','2020-01-11 18:58:36'),
(242,10,3,'2020-01-11 07:09:11','2020-01-11 18:51:16'),
(243,11,3,'2020-01-11 07:03:08','2020-01-11 18:59:37'),
(202,3,1,'2020-01-11 07:01:12','2020-01-11 18:53:13'),
(244,4,4,'2020-01-11 10:10:46','2020-01-11 17:34:16'),
(245,1,4,'2020-01-11 09:15:19','2020-01-11 19:51:34'),
(246,2,4,'2020-01-11 11:06:53','2020-01-11 19:04:41'),
(247,11,4,'2020-01-11 09:41:28','2020-01-11 18:33:14'),
(248,6,4,'2020-01-11 10:36:39','2020-01-11 18:51:56'),
(203,10,2,'2020-01-11 10:02:51','2020-01-11 17:58:28'),
(204,5,2,'2020-01-11 10:01:30','2020-01-11 17:59:59'),
(205,2,2,'2020-01-11 10:01:10','2020-01-11 17:57:27'),
(206,1,2,'2020-01-11 10:02:04','2020-01-11 17:57:38'),
(207,6,2,'2020-01-11 10:02:48','2020-01-11 17:57:23'),
(208,10,2,'2020-01-11 10:02:13','2020-01-11 17:58:52'),
(209,6,2,'2020-01-11 10:01:22','2020-01-11 17:59:15'),
(210,9,2,'2020-01-11 10:01:05','2020-01-11 17:58:32'),
(211,8,2,'2020-01-11 10:02:58','2020-01-11 17:57:26'),
(212,9,2,'2020-01-11 10:02:40','2020-01-11 17:59:16'),
(213,9,2,'2020-01-11 10:02:32','2020-01-11 17:57:30'),
(214,3,2,'2020-01-11 10:01:25','2020-01-11 17:58:54'),
(215,2,2,'2020-01-11 10:01:12','2020-01-11 17:57:35'),
(216,5,2,'2020-01-11 10:00:29','2020-01-11 17:59:27'),
(217,9,2,'2020-01-11 10:02:30','2020-01-11 17:58:57'),
(218,3,2,'2020-01-11 10:02:55','2020-01-11 17:57:26'),
(219,2,2,'2020-01-11 10:01:18','2020-01-11 17:57:20'),
(220,5,2,'2020-01-11 10:02:57','2020-01-11 17:58:25'),
(221,11,2,'2020-01-11 10:02:38','2020-01-11 17:57:30'),
(222,10,2,'2020-01-11 10:02:36','2020-01-11 17:58:24'),
(223,8,2,'2020-01-11 10:00:49','2020-01-11 17:57:56'),
(224,9,2,'2020-01-11 10:02:53','2020-01-11 17:57:21'),
(225,5,2,'2020-01-11 10:02:24','2020-01-11 17:57:15'),
(226,4,2,'2020-01-11 10:02:19','2020-01-11 17:59:52'),
(227,1,2,'2020-01-11 10:00:03','2020-01-11 17:59:14'),
(228,7,2,'2020-01-11 10:02:24','2020-01-11 17:59:13'),
(229,11,2,'2020-01-11 10:01:45','2020-01-11 17:57:39'),
(230,5,2,'2020-01-11 10:02:35','2020-01-11 17:59:22'),
(231,11,2,'2020-01-11 10:00:58','2020-01-11 17:58:49'),
(232,8,2,'2020-01-11 10:02:46','2020-01-11 17:59:23'),
(233,1,3,'2020-01-12 07:05:39','2020-01-12 18:52:08'),
(234,2,3,'2020-01-12 07:05:49','2020-01-12 18:54:59'),
(235,3,3,'2020-01-12 07:07:52','2020-01-12 18:59:50'),
(236,4,3,'2020-01-12 07:06:01','2020-01-12 18:56:15'),
(237,5,3,'2020-01-12 07:00:40','2020-01-12 18:53:00'),
(238,6,3,'2020-01-12 07:09:59','2020-01-12 18:58:47'),
(239,7,3,'2020-01-12 07:07:23','2020-01-12 18:59:56'),
(240,8,3,'2020-01-12 07:08:33','2020-01-12 18:55:47'),
(241,9,3,'2020-01-12 07:09:33','2020-01-12 18:58:05'),
(242,10,3,'2020-01-12 07:06:09','2020-01-12 18:53:27'),
(243,11,3,'2020-01-12 07:05:30','2020-01-12 18:56:26'),
(202,8,1,'2020-01-12 07:02:16','2020-01-12 18:59:54'),
(244,2,4,'2020-01-12 09:06:55','2020-01-12 17:27:12'),
(245,4,4,'2020-01-12 10:48:25','2020-01-12 18:23:49'),
(246,6,4,'2020-01-12 11:07:56','2020-01-12 19:51:34'),
(247,6,4,'2020-01-12 11:40:17','2020-01-12 19:28:18'),
(248,3,4,'2020-01-12 11:08:53','2020-01-12 16:35:36'),
(203,7,2,'2020-01-12 10:01:59','2020-01-12 17:59:52'),
(204,8,2,'2020-01-12 10:02:32','2020-01-12 17:57:04'),
(205,3,2,'2020-01-12 10:02:23','2020-01-12 17:59:44'),
(206,3,2,'2020-01-12 10:02:23','2020-01-12 17:58:43'),
(207,7,2,'2020-01-12 10:01:35','2020-01-12 17:58:47'),
(208,2,2,'2020-01-12 10:00:07','2020-01-12 17:57:12'),
(209,4,2,'2020-01-12 10:01:41','2020-01-12 17:57:20'),
(210,6,2,'2020-01-12 10:01:21','2020-01-12 17:59:57'),
(211,5,2,'2020-01-12 10:02:57','2020-01-12 17:59:11'),
(212,5,2,'2020-01-12 10:02:28','2020-01-12 17:59:22'),
(213,6,2,'2020-01-12 10:00:16','2020-01-12 17:58:59'),
(214,1,2,'2020-01-12 10:02:39','2020-01-12 17:57:03'),
(215,11,2,'2020-01-12 10:01:50','2020-01-12 17:59:13'),
(216,10,2,'2020-01-12 10:01:14','2020-01-12 17:58:03'),
(217,11,2,'2020-01-12 10:00:52','2020-01-12 17:59:30'),
(218,2,2,'2020-01-12 10:02:58','2020-01-12 17:57:29'),
(219,11,2,'2020-01-12 10:02:06','2020-01-12 17:59:49'),
(220,1,2,'2020-01-12 10:02:40','2020-01-12 17:58:52'),
(221,2,2,'2020-01-12 10:00:40','2020-01-12 17:59:38'),
(222,9,2,'2020-01-12 10:01:34','2020-01-12 17:59:57'),
(223,3,2,'2020-01-12 10:02:12','2020-01-12 17:59:52'),
(224,3,2,'2020-01-12 10:01:05','2020-01-12 17:58:55'),
(225,8,2,'2020-01-12 10:00:30','2020-01-12 17:57:38'),
(226,2,2,'2020-01-12 10:01:52','2020-01-12 17:57:57'),
(227,8,2,'2020-01-12 10:01:30','2020-01-12 17:57:51'),
(228,9,2,'2020-01-12 10:02:30','2020-01-12 17:59:37'),
(229,1,2,'2020-01-12 10:02:41','2020-01-12 17:57:52'),
(230,1,2,'2020-01-12 10:02:20','2020-01-12 17:58:44'),
(231,9,2,'2020-01-12 10:01:20','2020-01-12 17:58:15'),
(232,7,2,'2020-01-12 10:00:21','2020-01-12 17:58:13'),
(233,1,3,'2020-01-13 07:09:14','2020-01-13 18:59:06'),
(234,2,3,'2020-01-13 07:07:35','2020-01-13 18:54:37'),
(235,3,3,'2020-01-13 07:05:56','2020-01-13 18:58:26'),
(236,4,3,'2020-01-13 07:05:52','2020-01-13 18:55:56'),
(237,5,3,'2020-01-13 07:09:36','2020-01-13 18:59:47'),
(238,6,3,'2020-01-13 07:02:42','2020-01-13 18:56:24'),
(239,7,3,'2020-01-13 07:08:14','2020-01-13 18:52:25'),
(240,8,3,'2020-01-13 07:02:58','2020-01-13 18:56:23'),
(241,9,3,'2020-01-13 07:01:06','2020-01-13 18:50:19'),
(242,10,3,'2020-01-13 07:09:11','2020-01-13 18:55:47'),
(243,11,3,'2020-01-13 07:09:08','2020-01-13 18:52:25'),
(202,7,1,'2020-01-13 07:00:33','2020-01-13 18:52:17'),
(244,4,4,'2020-01-13 10:35:02','2020-01-13 17:41:52'),
(245,10,4,'2020-01-13 10:43:55','2020-01-13 19:15:24'),
(246,8,4,'2020-01-13 11:05:49','2020-01-13 18:49:18'),
(247,9,4,'2020-01-13 08:09:30','2020-01-13 19:55:15'),
(248,5,4,'2020-01-13 08:09:38','2020-01-13 16:31:17'),
(203,5,2,'2020-01-13 10:01:10','2020-01-13 17:57:09'),
(204,3,2,'2020-01-13 10:00:32','2020-01-13 17:58:55'),
(205,6,2,'2020-01-13 10:01:20','2020-01-13 17:59:41'),
(206,2,2,'2020-01-13 10:00:32','2020-01-13 17:58:36'),
(207,3,2,'2020-01-13 10:00:26','2020-01-13 17:57:27'),
(208,3,2,'2020-01-13 10:00:40','2020-01-13 17:57:46'),
(209,10,2,'2020-01-13 10:01:03','2020-01-13 17:57:39'),
(210,5,2,'2020-01-13 10:01:33','2020-01-13 17:59:34'),
(211,11,2,'2020-01-13 10:01:42','2020-01-13 17:59:50'),
(212,4,2,'2020-01-13 10:01:28','2020-01-13 17:57:10'),
(213,7,2,'2020-01-13 10:01:57','2020-01-13 17:57:06'),
(214,10,2,'2020-01-13 10:02:23','2020-01-13 17:58:08'),
(215,10,2,'2020-01-13 10:02:18','2020-01-13 17:59:58'),
(216,3,2,'2020-01-13 10:01:57','2020-01-13 17:58:59'),
(217,9,2,'2020-01-13 10:01:55','2020-01-13 17:58:19'),
(218,11,2,'2020-01-13 10:01:03','2020-01-13 17:58:32'),
(219,6,2,'2020-01-13 10:01:57','2020-01-13 17:58:38'),
(220,6,2,'2020-01-13 10:02:45','2020-01-13 17:57:17'),
(221,1,2,'2020-01-13 10:00:07','2020-01-13 17:59:17'),
(222,11,2,'2020-01-13 10:01:09','2020-01-13 17:58:01'),
(223,10,2,'2020-01-13 10:02:28','2020-01-13 17:58:52'),
(224,11,2,'2020-01-13 10:00:29','2020-01-13 17:58:22'),
(225,5,2,'2020-01-13 10:02:48','2020-01-13 17:58:54'),
(226,7,2,'2020-01-13 10:00:34','2020-01-13 17:58:52'),
(227,1,2,'2020-01-13 10:00:34','2020-01-13 17:59:34'),
(228,5,2,'2020-01-13 10:02:11','2020-01-13 17:59:37'),
(229,3,2,'2020-01-13 10:00:09','2020-01-13 17:58:32'),
(230,2,2,'2020-01-13 10:01:42','2020-01-13 17:57:22'),
(231,3,2,'2020-01-13 10:00:21','2020-01-13 17:57:14'),
(232,3,2,'2020-01-13 10:01:49','2020-01-13 17:58:08'),
(233,1,3,'2020-01-14 07:09:13','2020-01-14 18:53:28'),
(234,2,3,'2020-01-14 07:04:37','2020-01-14 18:58:18'),
(235,3,3,'2020-01-14 07:09:52','2020-01-14 18:54:05'),
(236,4,3,'2020-01-14 07:05:27','2020-01-14 18:51:23'),
(237,5,3,'2020-01-14 07:08:51','2020-01-14 18:59:53'),
(238,6,3,'2020-01-14 07:01:03','2020-01-14 18:58:34'),
(239,7,3,'2020-01-14 07:04:46','2020-01-14 18:51:18'),
(240,8,3,'2020-01-14 07:04:53','2020-01-14 18:59:20'),
(241,9,3,'2020-01-14 07:06:26','2020-01-14 18:52:50'),
(242,10,3,'2020-01-14 07:09:44','2020-01-14 18:52:18'),
(243,11,3,'2020-01-14 07:09:13','2020-01-14 18:53:43'),
(202,2,1,'2020-01-14 07:07:57','2020-01-14 18:52:43'),
(244,8,4,'2020-01-14 08:51:03','2020-01-14 18:20:38'),
(245,1,4,'2020-01-14 09:24:21','2020-01-14 19:24:27'),
(246,6,4,'2020-01-14 11:50:12','2020-01-14 17:32:08'),
(247,10,4,'2020-01-14 11:28:29','2020-01-14 17:36:35'),
(248,8,4,'2020-01-14 10:10:36','2020-01-14 17:49:08'),
(203,8,2,'2020-01-14 10:02:01','2020-01-14 17:58:02'),
(204,2,2,'2020-01-14 10:02:06','2020-01-14 17:58:40'),
(205,7,2,'2020-01-14 10:02:41','2020-01-14 17:57:10'),
(206,9,2,'2020-01-14 10:00:12','2020-01-14 17:58:53'),
(207,1,2,'2020-01-14 10:01:49','2020-01-14 17:59:18'),
(208,4,2,'2020-01-14 10:01:52','2020-01-14 17:59:49'),
(209,11,2,'2020-01-14 10:02:34','2020-01-14 17:57:07'),
(210,2,2,'2020-01-14 10:00:42','2020-01-14 17:57:10'),
(211,6,2,'2020-01-14 10:00:18','2020-01-14 17:59:48'),
(212,10,2,'2020-01-14 10:01:16','2020-01-14 17:57:43'),
(213,5,2,'2020-01-14 10:02:14','2020-01-14 17:57:48'),
(214,2,2,'2020-01-14 10:02:43','2020-01-14 17:59:36'),
(215,1,2,'2020-01-14 10:00:08','2020-01-14 17:58:46'),
(216,6,2,'2020-01-14 10:01:12','2020-01-14 17:57:31'),
(217,3,2,'2020-01-14 10:00:17','2020-01-14 17:57:52'),
(218,5,2,'2020-01-14 10:01:55','2020-01-14 17:57:07'),
(219,8,2,'2020-01-14 10:01:28','2020-01-14 17:57:28'),
(220,3,2,'2020-01-14 10:02:23','2020-01-14 17:58:18'),
(221,4,2,'2020-01-14 10:02:58','2020-01-14 17:58:33'),
(222,6,2,'2020-01-14 10:01:13','2020-01-14 17:59:48'),
(223,2,2,'2020-01-14 10:02:23','2020-01-14 17:57:07'),
(224,1,2,'2020-01-14 10:00:02','2020-01-14 17:59:05'),
(225,8,2,'2020-01-14 10:02:04','2020-01-14 17:59:57'),
(226,6,2,'2020-01-14 10:01:43','2020-01-14 17:57:10'),
(227,6,2,'2020-01-14 10:02:43','2020-01-14 17:58:01'),
(228,3,2,'2020-01-14 10:01:42','2020-01-14 17:57:57'),
(229,2,2,'2020-01-14 10:00:28','2020-01-14 17:59:51'),
(230,7,2,'2020-01-14 10:01:14','2020-01-14 17:57:45'),
(231,5,2,'2020-01-14 10:01:12','2020-01-14 17:57:32'),
(232,5,2,'2020-01-14 10:01:39','2020-01-14 17:57:03'),
(233,1,3,'2020-01-15 07:03:10','2020-01-15 18:58:27'),
(234,2,3,'2020-01-15 07:05:06','2020-01-15 18:58:32'),
(235,3,3,'2020-01-15 07:09:12','2020-01-15 18:51:10'),
(236,4,3,'2020-01-15 07:09:52','2020-01-15 18:52:03'),
(237,5,3,'2020-01-15 07:03:33','2020-01-15 18:54:57'),
(238,6,3,'2020-01-15 07:03:18','2020-01-15 18:57:00'),
(239,7,3,'2020-01-15 07:01:50','2020-01-15 18:58:23'),
(240,8,3,'2020-01-15 07:08:10','2020-01-15 18:58:00'),
(241,9,3,'2020-01-15 07:01:25','2020-01-15 18:58:07'),
(242,10,3,'2020-01-15 07:00:20','2020-01-15 18:55:54'),
(243,11,3,'2020-01-15 07:09:15','2020-01-15 18:53:14'),
(202,6,1,'2020-01-15 07:05:33','2020-01-15 18:56:29'),
(244,1,4,'2020-01-15 08:22:26','2020-01-15 16:26:55'),
(245,1,4,'2020-01-15 11:42:45','2020-01-15 18:45:47'),
(246,4,4,'2020-01-15 11:40:44','2020-01-15 17:16:42'),
(247,3,4,'2020-01-15 10:30:21','2020-01-15 19:00:44'),
(248,7,4,'2020-01-15 09:49:38','2020-01-15 18:01:53'),
(203,5,2,'2020-01-15 10:00:54','2020-01-15 17:58:17'),
(204,8,2,'2020-01-15 10:02:58','2020-01-15 17:58:11'),
(205,9,2,'2020-01-15 10:02:54','2020-01-15 17:57:42'),
(206,11,2,'2020-01-15 10:01:42','2020-01-15 17:58:52'),
(207,7,2,'2020-01-15 10:02:42','2020-01-15 17:58:07'),
(208,9,2,'2020-01-15 10:00:24','2020-01-15 17:59:11'),
(209,9,2,'2020-01-15 10:00:29','2020-01-15 17:58:28'),
(210,10,2,'2020-01-15 10:02:02','2020-01-15 17:58:47'),
(211,2,2,'2020-01-15 10:02:48','2020-01-15 17:58:40'),
(212,2,2,'2020-01-15 10:01:49','2020-01-15 17:59:21'),
(213,9,2,'2020-01-15 10:02:34','2020-01-15 17:58:01'),
(214,10,2,'2020-01-15 10:01:31','2020-01-15 17:58:41'),
(215,10,2,'2020-01-15 10:02:37','2020-01-15 17:59:19'),
(216,7,2,'2020-01-15 10:02:26','2020-01-15 17:59:45'),
(217,1,2,'2020-01-15 10:01:10','2020-01-15 17:57:23'),
(218,9,2,'2020-01-15 10:02:05','2020-01-15 17:58:36'),
(219,1,2,'2020-01-15 10:01:50','2020-01-15 17:59:15'),
(220,11,2,'2020-01-15 10:00:28','2020-01-15 17:57:37'),
(221,9,2,'2020-01-15 10:00:09','2020-01-15 17:58:33'),
(222,3,2,'2020-01-15 10:02:46','2020-01-15 17:57:44'),
(223,7,2,'2020-01-15 10:01:55','2020-01-15 17:57:29'),
(224,3,2,'2020-01-15 10:01:21','2020-01-15 17:58:26'),
(225,5,2,'2020-01-15 10:02:15','2020-01-15 17:59:52'),
(226,2,2,'2020-01-15 10:00:56','2020-01-15 17:59:54'),
(227,8,2,'2020-01-15 10:00:30','2020-01-15 17:58:37'),
(228,11,2,'2020-01-15 10:00:59','2020-01-15 17:57:51'),
(229,1,2,'2020-01-15 10:00:33','2020-01-15 17:58:27'),
(230,5,2,'2020-01-15 10:02:29','2020-01-15 17:59:25'),
(231,10,2,'2020-01-15 10:02:07','2020-01-15 17:58:26'),
(232,10,2,'2020-01-15 10:00:11','2020-01-15 17:59:45'),
(233,1,3,'2020-01-16 07:00:59','2020-01-16 18:59:06'),
(234,2,3,'2020-01-16 07:06:27','2020-01-16 18:59:00'),
(235,3,3,'2020-01-16 07:03:19','2020-01-16 18:52:53'),
(236,4,3,'2020-01-16 07:00:42','2020-01-16 18:52:31'),
(237,5,3,'2020-01-16 07:04:41','2020-01-16 18:50:52'),
(238,6,3,'2020-01-16 07:03:58','2020-01-16 18:50:09'),
(239,7,3,'2020-01-16 07:02:12','2020-01-16 18:55:51'),
(240,8,3,'2020-01-16 07:02:06','2020-01-16 18:54:00'),
(241,9,3,'2020-01-16 07:03:37','2020-01-16 18:50:28'),
(242,10,3,'2020-01-16 07:03:17','2020-01-16 18:52:31'),
(243,11,3,'2020-01-16 07:03:57','2020-01-16 18:54:49'),
(202,8,1,'2020-01-16 07:01:48','2020-01-16 18:53:10'),
(244,6,4,'2020-01-16 09:30:45','2020-01-16 17:29:57'),
(245,8,4,'2020-01-16 11:21:46','2020-01-16 19:44:57'),
(246,9,4,'2020-01-16 10:42:54','2020-01-16 19:05:32'),
(247,10,4,'2020-01-16 09:07:19','2020-01-16 19:44:32'),
(248,10,4,'2020-01-16 08:18:04','2020-01-16 18:16:36'),
(203,10,2,'2020-01-16 10:01:35','2020-01-16 17:58:52'),
(204,3,2,'2020-01-16 10:02:52','2020-01-16 17:58:53'),
(205,11,2,'2020-01-16 10:02:01','2020-01-16 17:58:24'),
(206,8,2,'2020-01-16 10:00:15','2020-01-16 17:59:41'),
(207,5,2,'2020-01-16 10:01:23','2020-01-16 17:58:33'),
(208,2,2,'2020-01-16 10:00:38','2020-01-16 17:57:11'),
(209,2,2,'2020-01-16 10:02:25','2020-01-16 17:59:08'),
(210,9,2,'2020-01-16 10:02:09','2020-01-16 17:59:58'),
(211,3,2,'2020-01-16 10:02:29','2020-01-16 17:57:08'),
(212,9,2,'2020-01-16 10:02:56','2020-01-16 17:57:59'),
(213,4,2,'2020-01-16 10:00:46','2020-01-16 17:57:22'),
(214,6,2,'2020-01-16 10:01:50','2020-01-16 17:58:34'),
(215,1,2,'2020-01-16 10:00:29','2020-01-16 17:57:07'),
(216,10,2,'2020-01-16 10:02:07','2020-01-16 17:59:17'),
(217,4,2,'2020-01-16 10:01:46','2020-01-16 17:58:07'),
(218,3,2,'2020-01-16 10:02:54','2020-01-16 17:58:43'),
(219,3,2,'2020-01-16 10:01:28','2020-01-16 17:58:32'),
(220,6,2,'2020-01-16 10:00:38','2020-01-16 17:57:05'),
(221,11,2,'2020-01-16 10:02:29','2020-01-16 17:59:36'),
(222,4,2,'2020-01-16 10:00:00','2020-01-16 17:57:45'),
(223,5,2,'2020-01-16 10:00:08','2020-01-16 17:57:04'),
(224,6,2,'2020-01-16 10:01:16','2020-01-16 17:58:52'),
(225,8,2,'2020-01-16 10:02:29','2020-01-16 17:59:53'),
(226,3,2,'2020-01-16 10:02:39','2020-01-16 17:57:57'),
(227,3,2,'2020-01-16 10:00:51','2020-01-16 17:57:05'),
(228,8,2,'2020-01-16 10:02:04','2020-01-16 17:57:51'),
(229,2,2,'2020-01-16 10:00:05','2020-01-16 17:59:42'),
(230,1,2,'2020-01-16 10:01:34','2020-01-16 17:57:20'),
(231,11,2,'2020-01-16 10:01:48','2020-01-16 17:57:36'),
(232,4,2,'2020-01-16 10:02:08','2020-01-16 17:58:48'),
(233,1,3,'2020-01-17 07:03:06','2020-01-17 18:56:18'),
(234,2,3,'2020-01-17 07:04:24','2020-01-17 18:53:59'),
(235,3,3,'2020-01-17 07:06:40','2020-01-17 18:52:38'),
(236,4,3,'2020-01-17 07:08:17','2020-01-17 18:53:38'),
(237,5,3,'2020-01-17 07:09:55','2020-01-17 18:50:44'),
(238,6,3,'2020-01-17 07:04:47','2020-01-17 18:56:33'),
(239,7,3,'2020-01-17 07:00:44','2020-01-17 18:53:28'),
(240,8,3,'2020-01-17 07:01:07','2020-01-17 18:54:36'),
(241,9,3,'2020-01-17 07:09:49','2020-01-17 18:54:23'),
(242,10,3,'2020-01-17 07:03:09','2020-01-17 18:58:41'),
(243,11,3,'2020-01-17 07:05:37','2020-01-17 18:57:35'),
(202,1,1,'2020-01-17 07:05:58','2020-01-17 18:50:11'),
(244,3,4,'2020-01-17 10:18:49','2020-01-17 16:16:05'),
(245,2,4,'2020-01-17 08:07:07','2020-01-17 19:01:32'),
(246,4,4,'2020-01-17 08:52:31','2020-01-17 17:43:09'),
(247,2,4,'2020-01-17 10:48:20','2020-01-17 18:00:07'),
(248,11,4,'2020-01-17 08:33:26','2020-01-17 19:08:46'),
(203,1,2,'2020-01-17 10:02:58','2020-01-17 17:59:27'),
(204,6,2,'2020-01-17 10:02:24','2020-01-17 17:59:08'),
(205,4,2,'2020-01-17 10:00:58','2020-01-17 17:59:09'),
(206,1,2,'2020-01-17 10:00:47','2020-01-17 17:59:23'),
(207,11,2,'2020-01-17 10:01:37','2020-01-17 17:58:31'),
(208,3,2,'2020-01-17 10:02:43','2020-01-17 17:59:58'),
(209,5,2,'2020-01-17 10:01:23','2020-01-17 17:58:20'),
(210,10,2,'2020-01-17 10:02:25','2020-01-17 17:57:39'),
(211,10,2,'2020-01-17 10:00:06','2020-01-17 17:58:48'),
(212,10,2,'2020-01-17 10:01:02','2020-01-17 17:59:52'),
(213,10,2,'2020-01-17 10:01:30','2020-01-17 17:58:29'),
(214,8,2,'2020-01-17 10:02:23','2020-01-17 17:58:57'),
(215,11,2,'2020-01-17 10:00:16','2020-01-17 17:57:08'),
(216,11,2,'2020-01-17 10:02:01','2020-01-17 17:59:22'),
(217,1,2,'2020-01-17 10:01:16','2020-01-17 17:59:04'),
(218,8,2,'2020-01-17 10:01:10','2020-01-17 17:57:59'),
(219,11,2,'2020-01-17 10:02:49','2020-01-17 17:58:41'),
(220,3,2,'2020-01-17 10:01:06','2020-01-17 17:59:12'),
(221,9,2,'2020-01-17 10:00:11','2020-01-17 17:59:15'),
(222,8,2,'2020-01-17 10:01:34','2020-01-17 17:59:23'),
(223,10,2,'2020-01-17 10:00:34','2020-01-17 17:59:50'),
(224,11,2,'2020-01-17 10:01:38','2020-01-17 17:57:14'),
(225,6,2,'2020-01-17 10:00:40','2020-01-17 17:59:12'),
(226,10,2,'2020-01-17 10:00:01','2020-01-17 17:58:20'),
(227,2,2,'2020-01-17 10:02:09','2020-01-17 17:59:40'),
(228,1,2,'2020-01-17 10:00:20','2020-01-17 17:58:28'),
(229,5,2,'2020-01-17 10:00:43','2020-01-17 17:59:36'),
(230,8,2,'2020-01-17 10:01:11','2020-01-17 17:59:03'),
(231,3,2,'2020-01-17 10:00:23','2020-01-17 17:57:47'),
(232,2,2,'2020-01-17 10:01:35','2020-01-17 17:57:56'),
(233,1,3,'2020-01-18 07:00:40','2020-01-18 18:54:41'),
(234,2,3,'2020-01-18 07:09:09','2020-01-18 18:51:36'),
(235,3,3,'2020-01-18 07:08:39','2020-01-18 18:57:44'),
(236,4,3,'2020-01-18 07:00:13','2020-01-18 18:50:53'),
(237,5,3,'2020-01-18 07:01:52','2020-01-18 18:59:13'),
(238,6,3,'2020-01-18 07:04:32','2020-01-18 18:50:37'),
(239,7,3,'2020-01-18 07:06:49','2020-01-18 18:54:03'),
(240,8,3,'2020-01-18 07:00:15','2020-01-18 18:58:21'),
(241,9,3,'2020-01-18 07:00:59','2020-01-18 18:54:32'),
(242,10,3,'2020-01-18 07:01:03','2020-01-18 18:53:01'),
(243,11,3,'2020-01-18 07:05:17','2020-01-18 18:50:58'),
(202,8,1,'2020-01-18 07:00:36','2020-01-18 18:59:18'),
(244,2,4,'2020-01-18 11:57:15','2020-01-18 16:15:01'),
(245,4,4,'2020-01-18 10:40:42','2020-01-18 18:08:16'),
(246,7,4,'2020-01-18 09:23:41','2020-01-18 18:24:57'),
(247,8,4,'2020-01-18 09:17:26','2020-01-18 16:35:18'),
(248,5,4,'2020-01-18 10:43:27','2020-01-18 16:04:40'),
(203,7,2,'2020-01-18 10:00:42','2020-01-18 17:59:23'),
(204,11,2,'2020-01-18 10:02:23','2020-01-18 17:58:09'),
(205,11,2,'2020-01-18 10:00:48','2020-01-18 17:58:10'),
(206,10,2,'2020-01-18 10:02:33','2020-01-18 17:59:27'),
(207,5,2,'2020-01-18 10:01:08','2020-01-18 17:57:51'),
(208,7,2,'2020-01-18 10:00:31','2020-01-18 17:59:07'),
(209,7,2,'2020-01-18 10:02:18','2020-01-18 17:58:54'),
(210,8,2,'2020-01-18 10:02:35','2020-01-18 17:59:55'),
(211,1,2,'2020-01-18 10:01:13','2020-01-18 17:58:38'),
(212,5,2,'2020-01-18 10:02:19','2020-01-18 17:59:51'),
(213,7,2,'2020-01-18 10:02:10','2020-01-18 17:57:19'),
(214,2,2,'2020-01-18 10:02:20','2020-01-18 17:58:31'),
(215,5,2,'2020-01-18 10:00:09','2020-01-18 17:58:05'),
(216,7,2,'2020-01-18 10:00:06','2020-01-18 17:57:26'),
(217,6,2,'2020-01-18 10:00:29','2020-01-18 17:59:40'),
(218,1,2,'2020-01-18 10:01:56','2020-01-18 17:58:08'),
(219,8,2,'2020-01-18 10:00:10','2020-01-18 17:57:00'),
(220,7,2,'2020-01-18 10:01:57','2020-01-18 17:57:47'),
(221,3,2,'2020-01-18 10:01:41','2020-01-18 17:58:30'),
(222,1,2,'2020-01-18 10:01:10','2020-01-18 17:59:18'),
(223,2,2,'2020-01-18 10:00:01','2020-01-18 17:58:21'),
(224,5,2,'2020-01-18 10:03:00','2020-01-18 17:57:22'),
(225,10,2,'2020-01-18 10:00:39','2020-01-18 17:58:26'),
(226,2,2,'2020-01-18 10:00:17','2020-01-18 17:59:42'),
(227,10,2,'2020-01-18 10:00:28','2020-01-18 17:58:00'),
(228,6,2,'2020-01-18 10:00:06','2020-01-18 17:59:14'),
(229,10,2,'2020-01-18 10:02:08','2020-01-18 17:59:25'),
(230,4,2,'2020-01-18 10:02:05','2020-01-18 17:57:01'),
(231,6,2,'2020-01-18 10:00:59','2020-01-18 17:59:34'),
(232,6,2,'2020-01-18 10:00:38','2020-01-18 17:57:04'),
(233,1,3,'2020-01-19 07:09:33','2020-01-19 18:51:51'),
(234,2,3,'2020-01-19 07:06:00','2020-01-19 18:59:36'),
(235,3,3,'2020-01-19 07:08:34','2020-01-19 18:56:14'),
(236,4,3,'2020-01-19 07:04:57','2020-01-19 18:57:43'),
(237,5,3,'2020-01-19 07:04:29','2020-01-19 18:50:19'),
(238,6,3,'2020-01-19 07:00:16','2020-01-19 18:56:35'),
(239,7,3,'2020-01-19 07:04:52','2020-01-19 18:55:32'),
(240,8,3,'2020-01-19 07:04:03','2020-01-19 18:52:09'),
(241,9,3,'2020-01-19 07:08:22','2020-01-19 18:56:28'),
(242,10,3,'2020-01-19 07:01:58','2020-01-19 18:59:23'),
(243,11,3,'2020-01-19 07:04:59','2020-01-19 18:59:23'),
(202,10,1,'2020-01-19 07:07:27','2020-01-19 18:54:14'),
(244,1,4,'2020-01-19 09:26:27','2020-01-19 19:09:16'),
(245,8,4,'2020-01-19 08:16:00','2020-01-19 19:38:05'),
(246,4,4,'2020-01-19 11:21:24','2020-01-19 17:57:28'),
(247,7,4,'2020-01-19 09:38:56','2020-01-19 18:25:26'),
(248,10,4,'2020-01-19 09:38:29','2020-01-19 18:02:38'),
(203,2,2,'2020-01-19 10:01:16','2020-01-19 17:58:47'),
(204,3,2,'2020-01-19 10:00:18','2020-01-19 17:57:06'),
(205,8,2,'2020-01-19 10:02:03','2020-01-19 17:59:50'),
(206,11,2,'2020-01-19 10:01:33','2020-01-19 17:58:26'),
(207,9,2,'2020-01-19 10:00:15','2020-01-19 17:58:11'),
(208,10,2,'2020-01-19 10:00:01','2020-01-19 17:58:30'),
(209,2,2,'2020-01-19 10:00:26','2020-01-19 17:59:50'),
(210,2,2,'2020-01-19 10:01:14','2020-01-19 17:58:01'),
(211,6,2,'2020-01-19 10:02:20','2020-01-19 17:59:33'),
(212,8,2,'2020-01-19 10:02:39','2020-01-19 17:57:08'),
(213,9,2,'2020-01-19 10:01:19','2020-01-19 17:57:42'),
(214,10,2,'2020-01-19 10:02:55','2020-01-19 17:57:35'),
(215,6,2,'2020-01-19 10:01:14','2020-01-19 17:59:00'),
(216,3,2,'2020-01-19 10:02:14','2020-01-19 17:59:36'),
(217,2,2,'2020-01-19 10:02:50','2020-01-19 17:57:09'),
(218,8,2,'2020-01-19 10:00:50','2020-01-19 17:57:16'),
(219,5,2,'2020-01-19 10:02:15','2020-01-19 17:59:14'),
(220,3,2,'2020-01-19 10:01:34','2020-01-19 17:57:03'),
(221,1,2,'2020-01-19 10:00:12','2020-01-19 17:57:31'),
(222,4,2,'2020-01-19 10:00:24','2020-01-19 17:57:15'),
(223,7,2,'2020-01-19 10:01:50','2020-01-19 17:58:44'),
(224,2,2,'2020-01-19 10:00:16','2020-01-19 17:57:08'),
(225,8,2,'2020-01-19 10:02:47','2020-01-19 17:58:04'),
(226,4,2,'2020-01-19 10:00:02','2020-01-19 17:58:45'),
(227,11,2,'2020-01-19 10:02:20','2020-01-19 17:58:37'),
(228,9,2,'2020-01-19 10:02:21','2020-01-19 17:58:32'),
(229,1,2,'2020-01-19 10:00:48','2020-01-19 17:59:39'),
(230,1,2,'2020-01-19 10:00:37','2020-01-19 17:59:32'),
(231,5,2,'2020-01-19 10:02:28','2020-01-19 17:59:35'),
(232,3,2,'2020-01-19 10:02:38','2020-01-19 17:58:55'),
(233,1,3,'2020-01-20 07:08:40','2020-01-20 18:52:02'),
(234,2,3,'2020-01-20 07:09:41','2020-01-20 18:50:29'),
(235,3,3,'2020-01-20 07:07:32','2020-01-20 18:50:26'),
(236,4,3,'2020-01-20 07:05:00','2020-01-20 18:57:11'),
(237,5,3,'2020-01-20 07:01:02','2020-01-20 18:59:10'),
(238,6,3,'2020-01-20 07:06:15','2020-01-20 18:58:07'),
(239,7,3,'2020-01-20 07:00:18','2020-01-20 18:59:33'),
(240,8,3,'2020-01-20 07:04:27','2020-01-20 18:54:23'),
(241,9,3,'2020-01-20 07:07:31','2020-01-20 18:56:37'),
(242,10,3,'2020-01-20 07:05:40','2020-01-20 18:56:25'),
(243,11,3,'2020-01-20 07:07:05','2020-01-20 18:56:42'),
(202,3,1,'2020-01-20 07:01:12','2020-01-20 18:58:15'),
(244,6,4,'2020-01-20 09:03:57','2020-01-20 18:28:10'),
(245,3,4,'2020-01-20 09:55:27','2020-01-20 16:06:17'),
(246,11,4,'2020-01-20 08:30:21','2020-01-20 17:13:02'),
(247,1,4,'2020-01-20 10:38:34','2020-01-20 19:16:08'),
(248,9,4,'2020-01-20 10:50:44','2020-01-20 17:26:42'),
(203,3,2,'2020-01-20 10:00:37','2020-01-20 17:59:16'),
(204,4,2,'2020-01-20 10:00:13','2020-01-20 17:59:43'),
(205,1,2,'2020-01-20 10:02:06','2020-01-20 17:59:00'),
(206,8,2,'2020-01-20 10:02:01','2020-01-20 17:57:32'),
(207,2,2,'2020-01-20 10:00:07','2020-01-20 17:58:20'),
(208,6,2,'2020-01-20 10:01:44','2020-01-20 17:59:25'),
(209,4,2,'2020-01-20 10:01:40','2020-01-20 17:59:55'),
(210,6,2,'2020-01-20 10:00:47','2020-01-20 17:58:32'),
(211,10,2,'2020-01-20 10:02:50','2020-01-20 17:57:33'),
(212,1,2,'2020-01-20 10:01:55','2020-01-20 17:58:44'),
(213,6,2,'2020-01-20 10:00:29','2020-01-20 17:57:36'),
(214,2,2,'2020-01-20 10:02:34','2020-01-20 17:59:49'),
(215,5,2,'2020-01-20 10:00:55','2020-01-20 17:58:13'),
(216,7,2,'2020-01-20 10:00:29','2020-01-20 17:58:46'),
(217,10,2,'2020-01-20 10:01:18','2020-01-20 17:58:33'),
(218,10,2,'2020-01-20 10:02:18','2020-01-20 17:59:47'),
(219,7,2,'2020-01-20 10:01:17','2020-01-20 17:57:53'),
(220,2,2,'2020-01-20 10:01:04','2020-01-20 17:57:44'),
(221,2,2,'2020-01-20 10:02:12','2020-01-20 17:57:23'),
(222,9,2,'2020-01-20 10:00:38','2020-01-20 17:58:01'),
(223,6,2,'2020-01-20 10:02:04','2020-01-20 17:59:46'),
(224,6,2,'2020-01-20 10:00:13','2020-01-20 17:59:57'),
(225,6,2,'2020-01-20 10:00:49','2020-01-20 17:59:02'),
(226,1,2,'2020-01-20 10:00:22','2020-01-20 17:57:52'),
(227,2,2,'2020-01-20 10:00:08','2020-01-20 17:57:52'),
(228,11,2,'2020-01-20 10:00:37','2020-01-20 17:59:18'),
(229,8,2,'2020-01-20 10:02:17','2020-01-20 17:58:16'),
(230,11,2,'2020-01-20 10:01:38','2020-01-20 17:58:48'),
(231,4,2,'2020-01-20 10:02:06','2020-01-20 17:58:14'),
(232,7,2,'2020-01-20 10:00:42','2020-01-20 17:59:45'),
(233,1,3,'2020-01-21 07:05:06','2020-01-21 18:58:42'),
(234,2,3,'2020-01-21 07:06:58','2020-01-21 18:55:48'),
(235,3,3,'2020-01-21 07:06:56','2020-01-21 18:52:13'),
(236,4,3,'2020-01-21 07:06:50','2020-01-21 18:59:10'),
(237,5,3,'2020-01-21 07:06:11','2020-01-21 18:55:42'),
(238,6,3,'2020-01-21 07:04:19','2020-01-21 18:53:48'),
(239,7,3,'2020-01-21 07:06:13','2020-01-21 18:57:05'),
(240,8,3,'2020-01-21 07:05:43','2020-01-21 18:50:40'),
(241,9,3,'2020-01-21 07:06:11','2020-01-21 18:58:35'),
(242,10,3,'2020-01-21 07:07:35','2020-01-21 18:59:39'),
(243,11,3,'2020-01-21 07:05:29','2020-01-21 18:58:11'),
(202,6,1,'2020-01-21 07:04:08','2020-01-21 18:54:50'),
(244,9,4,'2020-01-21 08:33:26','2020-01-21 16:50:18'),
(245,1,4,'2020-01-21 08:19:05','2020-01-21 17:42:19'),
(246,10,4,'2020-01-21 09:36:55','2020-01-21 17:35:59'),
(247,5,4,'2020-01-21 10:55:18','2020-01-21 16:00:26'),
(248,7,4,'2020-01-21 11:17:20','2020-01-21 19:00:30'),
(203,5,2,'2020-01-21 10:00:23','2020-01-21 17:57:41'),
(204,1,2,'2020-01-21 10:00:50','2020-01-21 17:58:01'),
(205,3,2,'2020-01-21 10:01:54','2020-01-21 17:58:53'),
(206,5,2,'2020-01-21 10:02:32','2020-01-21 17:57:41'),
(207,7,2,'2020-01-21 10:02:30','2020-01-21 17:57:18'),
(208,1,2,'2020-01-21 10:01:01','2020-01-21 17:57:10'),
(209,2,2,'2020-01-21 10:00:03','2020-01-21 17:58:39'),
(210,10,2,'2020-01-21 10:02:49','2020-01-21 17:58:24'),
(211,7,2,'2020-01-21 10:01:01','2020-01-21 17:57:17'),
(212,7,2,'2020-01-21 10:02:36','2020-01-21 17:58:52'),
(213,3,2,'2020-01-21 10:00:50','2020-01-21 17:57:10'),
(214,3,2,'2020-01-21 10:01:41','2020-01-21 17:58:13'),
(215,10,2,'2020-01-21 10:02:23','2020-01-21 17:58:40'),
(216,3,2,'2020-01-21 10:02:36','2020-01-21 17:57:54'),
(217,11,2,'2020-01-21 10:00:36','2020-01-21 17:57:16'),
(218,4,2,'2020-01-21 10:01:44','2020-01-21 17:58:02'),
(219,11,2,'2020-01-21 10:01:41','2020-01-21 17:59:09'),
(220,5,2,'2020-01-21 10:02:20','2020-01-21 17:57:40'),
(221,4,2,'2020-01-21 10:00:45','2020-01-21 17:58:42'),
(222,1,2,'2020-01-21 10:01:53','2020-01-21 17:59:35'),
(223,1,2,'2020-01-21 10:02:39','2020-01-21 17:59:30'),
(224,2,2,'2020-01-21 10:01:54','2020-01-21 17:58:25'),
(225,7,2,'2020-01-21 10:01:32','2020-01-21 17:58:28'),
(226,5,2,'2020-01-21 10:00:30','2020-01-21 17:58:04'),
(227,10,2,'2020-01-21 10:02:17','2020-01-21 17:58:09'),
(228,10,2,'2020-01-21 10:01:14','2020-01-21 17:58:20'),
(229,3,2,'2020-01-21 10:00:54','2020-01-21 17:58:53'),
(230,9,2,'2020-01-21 10:01:29','2020-01-21 17:58:21'),
(231,5,2,'2020-01-21 10:00:36','2020-01-21 17:58:12'),
(232,11,2,'2020-01-21 10:02:20','2020-01-21 17:57:39'),
(233,1,3,'2020-01-22 07:07:23','2020-01-22 18:51:03'),
(234,2,3,'2020-01-22 07:08:08','2020-01-22 18:51:34'),
(235,3,3,'2020-01-22 07:08:30','2020-01-22 18:56:30'),
(236,4,3,'2020-01-22 07:07:11','2020-01-22 18:56:36'),
(237,5,3,'2020-01-22 07:01:34','2020-01-22 18:51:31'),
(238,6,3,'2020-01-22 07:05:50','2020-01-22 18:58:19'),
(239,7,3,'2020-01-22 07:08:04','2020-01-22 18:57:17'),
(240,8,3,'2020-01-22 07:01:43','2020-01-22 18:53:12'),
(241,9,3,'2020-01-22 07:07:31','2020-01-22 18:54:39'),
(242,10,3,'2020-01-22 07:05:48','2020-01-22 18:56:14'),
(243,11,3,'2020-01-22 07:01:32','2020-01-22 18:56:43'),
(202,11,1,'2020-01-22 07:05:47','2020-01-22 18:58:55'),
(244,8,4,'2020-01-22 08:26:33','2020-01-22 16:01:57'),
(245,4,4,'2020-01-22 09:47:40','2020-01-22 16:55:53'),
(246,10,4,'2020-01-22 10:01:13','2020-01-22 17:07:08'),
(247,2,4,'2020-01-22 10:30:48','2020-01-22 17:53:20'),
(248,11,4,'2020-01-22 08:24:58','2020-01-22 18:07:54'),
(203,1,2,'2020-01-22 10:00:44','2020-01-22 17:57:44'),
(204,5,2,'2020-01-22 10:01:20','2020-01-22 17:58:34'),
(205,9,2,'2020-01-22 10:01:08','2020-01-22 17:58:26'),
(206,4,2,'2020-01-22 10:01:53','2020-01-22 17:57:49'),
(207,10,2,'2020-01-22 10:01:03','2020-01-22 17:58:28'),
(208,3,2,'2020-01-22 10:00:41','2020-01-22 17:58:49'),
(209,1,2,'2020-01-22 10:02:03','2020-01-22 17:59:12'),
(210,1,2,'2020-01-22 10:01:21','2020-01-22 17:57:57'),
(211,2,2,'2020-01-22 10:00:48','2020-01-22 17:57:24'),
(212,5,2,'2020-01-22 10:01:23','2020-01-22 17:57:18'),
(213,8,2,'2020-01-22 10:01:52','2020-01-22 17:57:10'),
(214,1,2,'2020-01-22 10:01:05','2020-01-22 17:58:50'),
(215,11,2,'2020-01-22 10:01:39','2020-01-22 17:57:08'),
(216,10,2,'2020-01-22 10:00:58','2020-01-22 17:59:24'),
(217,8,2,'2020-01-22 10:02:17','2020-01-22 17:57:41'),
(218,6,2,'2020-01-22 10:01:27','2020-01-22 17:57:00'),
(219,4,2,'2020-01-22 10:00:36','2020-01-22 17:57:59'),
(220,8,2,'2020-01-22 10:01:15','2020-01-22 17:58:57'),
(221,6,2,'2020-01-22 10:01:04','2020-01-22 17:58:17'),
(222,6,2,'2020-01-22 10:01:21','2020-01-22 17:58:47'),
(223,8,2,'2020-01-22 10:01:59','2020-01-22 17:59:06'),
(224,5,2,'2020-01-22 10:01:02','2020-01-22 17:59:55'),
(225,2,2,'2020-01-22 10:00:48','2020-01-22 17:57:57'),
(226,9,2,'2020-01-22 10:02:55','2020-01-22 17:59:17'),
(227,1,2,'2020-01-22 10:02:08','2020-01-22 17:59:47'),
(228,9,2,'2020-01-22 10:01:16','2020-01-22 17:58:18'),
(229,11,2,'2020-01-22 10:01:43','2020-01-22 17:59:16'),
(230,1,2,'2020-01-22 10:01:25','2020-01-22 17:57:44'),
(231,1,2,'2020-01-22 10:01:26','2020-01-22 17:58:03'),
(232,1,2,'2020-01-22 10:03:00','2020-01-22 17:57:39'),
(233,1,3,'2020-01-23 07:09:24','2020-01-23 18:56:50'),
(234,2,3,'2020-01-23 07:08:26','2020-01-23 18:52:22'),
(235,3,3,'2020-01-23 07:02:34','2020-01-23 18:58:46'),
(236,4,3,'2020-01-23 07:02:56','2020-01-23 18:53:09'),
(237,5,3,'2020-01-23 07:02:50','2020-01-23 18:59:46'),
(238,6,3,'2020-01-23 07:02:26','2020-01-23 18:58:25'),
(239,7,3,'2020-01-23 07:08:30','2020-01-23 18:53:19'),
(240,8,3,'2020-01-23 07:02:04','2020-01-23 18:58:03'),
(241,9,3,'2020-01-23 07:05:27','2020-01-23 18:59:23'),
(242,10,3,'2020-01-23 07:04:05','2020-01-23 18:53:51'),
(243,11,3,'2020-01-23 07:02:05','2020-01-23 18:56:17'),
(202,1,1,'2020-01-23 07:02:38','2020-01-23 18:56:16'),
(244,7,4,'2020-01-23 08:14:46','2020-01-23 16:26:05'),
(245,10,4,'2020-01-23 10:50:06','2020-01-23 17:22:07'),
(246,10,4,'2020-01-23 09:43:08','2020-01-23 17:54:36'),
(247,11,4,'2020-01-23 08:58:40','2020-01-23 16:18:51'),
(248,6,4,'2020-01-23 09:43:19','2020-01-23 17:58:46'),
(203,11,2,'2020-01-23 10:01:47','2020-01-23 17:58:02'),
(204,1,2,'2020-01-23 10:01:59','2020-01-23 17:59:17'),
(205,6,2,'2020-01-23 10:02:30','2020-01-23 17:58:33'),
(206,2,2,'2020-01-23 10:01:33','2020-01-23 17:58:42'),
(207,5,2,'2020-01-23 10:00:08','2020-01-23 17:59:45'),
(208,2,2,'2020-01-23 10:02:35','2020-01-23 17:58:38'),
(209,11,2,'2020-01-23 10:01:07','2020-01-23 17:58:09'),
(210,11,2,'2020-01-23 10:00:40','2020-01-23 17:59:11'),
(211,7,2,'2020-01-23 10:00:16','2020-01-23 17:59:07'),
(212,4,2,'2020-01-23 10:01:36','2020-01-23 17:58:41'),
(213,11,2,'2020-01-23 10:01:37','2020-01-23 17:57:34'),
(214,6,2,'2020-01-23 10:00:44','2020-01-23 17:57:05'),
(215,5,2,'2020-01-23 10:02:33','2020-01-23 17:57:35'),
(216,5,2,'2020-01-23 10:02:25','2020-01-23 17:58:53'),
(217,3,2,'2020-01-23 10:00:32','2020-01-23 17:57:48'),
(218,5,2,'2020-01-23 10:01:20','2020-01-23 17:58:52'),
(219,11,2,'2020-01-23 10:00:34','2020-01-23 17:59:01'),
(220,4,2,'2020-01-23 10:02:09','2020-01-23 17:59:38'),
(221,3,2,'2020-01-23 10:00:29','2020-01-23 17:58:08'),
(222,11,2,'2020-01-23 10:01:54','2020-01-23 17:58:27'),
(223,4,2,'2020-01-23 10:01:17','2020-01-23 17:57:25'),
(224,1,2,'2020-01-23 10:00:46','2020-01-23 17:59:10'),
(225,1,2,'2020-01-23 10:02:14','2020-01-23 17:59:14'),
(226,11,2,'2020-01-23 10:01:23','2020-01-23 17:58:47'),
(227,7,2,'2020-01-23 10:01:08','2020-01-23 17:59:20'),
(228,11,2,'2020-01-23 10:01:46','2020-01-23 17:57:58'),
(229,9,2,'2020-01-23 10:01:51','2020-01-23 17:57:35'),
(230,6,2,'2020-01-23 10:01:44','2020-01-23 17:59:39'),
(231,7,2,'2020-01-23 10:00:29','2020-01-23 17:58:25'),
(232,10,2,'2020-01-23 10:00:48','2020-01-23 17:57:47'),
(233,1,3,'2020-01-24 07:07:19','2020-01-24 18:54:01'),
(234,2,3,'2020-01-24 07:09:25','2020-01-24 18:53:59'),
(235,3,3,'2020-01-24 07:04:39','2020-01-24 18:53:59'),
(236,4,3,'2020-01-24 07:05:16','2020-01-24 18:57:13'),
(237,5,3,'2020-01-24 07:09:47','2020-01-24 18:56:40'),
(238,6,3,'2020-01-24 07:06:46','2020-01-24 18:59:31'),
(239,7,3,'2020-01-24 07:02:59','2020-01-24 18:59:55'),
(240,8,3,'2020-01-24 07:02:03','2020-01-24 18:52:35'),
(241,9,3,'2020-01-24 07:03:55','2020-01-24 18:55:44'),
(242,10,3,'2020-01-24 07:06:54','2020-01-24 18:50:16'),
(243,11,3,'2020-01-24 07:07:37','2020-01-24 18:52:07'),
(202,1,1,'2020-01-24 07:03:02','2020-01-24 18:56:49'),
(244,2,4,'2020-01-24 08:29:41','2020-01-24 17:32:44'),
(245,5,4,'2020-01-24 10:21:57','2020-01-24 16:54:06'),
(246,11,4,'2020-01-24 11:50:03','2020-01-24 18:19:41'),
(247,8,4,'2020-01-24 08:12:18','2020-01-24 16:46:23'),
(248,6,4,'2020-01-24 08:05:56','2020-01-24 18:20:46'),
(203,9,2,'2020-01-24 10:01:08','2020-01-24 17:57:53'),
(204,8,2,'2020-01-24 10:00:40','2020-01-24 17:58:20'),
(205,11,2,'2020-01-24 10:02:16','2020-01-24 17:58:46'),
(206,5,2,'2020-01-24 10:00:31','2020-01-24 17:57:27'),
(207,3,2,'2020-01-24 10:01:22','2020-01-24 17:58:58'),
(208,5,2,'2020-01-24 10:01:23','2020-01-24 17:58:51'),
(209,10,2,'2020-01-24 10:01:10','2020-01-24 17:58:49'),
(210,2,2,'2020-01-24 10:02:39','2020-01-24 17:57:22'),
(211,9,2,'2020-01-24 10:01:05','2020-01-24 17:59:41'),
(212,2,2,'2020-01-24 10:02:45','2020-01-24 17:57:06'),
(213,9,2,'2020-01-24 10:01:23','2020-01-24 17:57:25'),
(214,4,2,'2020-01-24 10:01:23','2020-01-24 17:58:33'),
(215,2,2,'2020-01-24 10:00:37','2020-01-24 17:59:17'),
(216,4,2,'2020-01-24 10:00:51','2020-01-24 17:58:56'),
(217,9,2,'2020-01-24 10:02:15','2020-01-24 17:57:59'),
(218,4,2,'2020-01-24 10:02:38','2020-01-24 17:58:32'),
(219,10,2,'2020-01-24 10:02:55','2020-01-24 17:57:49'),
(220,3,2,'2020-01-24 10:02:38','2020-01-24 17:59:37'),
(221,4,2,'2020-01-24 10:02:55','2020-01-24 17:57:27'),
(222,5,2,'2020-01-24 10:00:50','2020-01-24 17:58:00'),
(223,9,2,'2020-01-24 10:02:58','2020-01-24 17:59:30'),
(224,6,2,'2020-01-24 10:00:32','2020-01-24 17:57:23'),
(225,4,2,'2020-01-24 10:01:22','2020-01-24 17:58:01'),
(226,7,2,'2020-01-24 10:02:34','2020-01-24 17:57:17'),
(227,10,2,'2020-01-24 10:02:17','2020-01-24 17:59:29'),
(228,8,2,'2020-01-24 10:02:37','2020-01-24 17:59:29'),
(229,6,2,'2020-01-24 10:00:42','2020-01-24 17:57:56'),
(230,11,2,'2020-01-24 10:00:23','2020-01-24 17:57:33'),
(231,6,2,'2020-01-24 10:01:28','2020-01-24 17:57:28'),
(232,3,2,'2020-01-24 10:02:21','2020-01-24 17:58:41'),
(233,1,3,'2020-01-25 07:02:24','2020-01-25 18:56:03'),
(234,2,3,'2020-01-25 07:04:49','2020-01-25 18:58:50'),
(235,3,3,'2020-01-25 07:04:01','2020-01-25 18:50:41'),
(236,4,3,'2020-01-25 07:05:21','2020-01-25 18:58:38'),
(237,5,3,'2020-01-25 07:09:03','2020-01-25 18:53:25'),
(238,6,3,'2020-01-25 07:00:18','2020-01-25 18:51:31'),
(239,7,3,'2020-01-25 07:04:37','2020-01-25 18:57:49'),
(240,8,3,'2020-01-25 07:07:30','2020-01-25 18:57:10'),
(241,9,3,'2020-01-25 07:05:15','2020-01-25 18:50:20'),
(242,10,3,'2020-01-25 07:02:49','2020-01-25 18:56:30'),
(243,11,3,'2020-01-25 07:04:06','2020-01-25 18:56:02'),
(202,6,1,'2020-01-25 07:05:30','2020-01-25 18:54:59'),
(244,8,4,'2020-01-25 11:53:36','2020-01-25 18:05:44'),
(245,7,4,'2020-01-25 09:18:37','2020-01-25 17:26:30'),
(246,8,4,'2020-01-25 11:08:48','2020-01-25 17:45:31'),
(247,1,4,'2020-01-25 11:12:23','2020-01-25 18:28:38'),
(248,11,4,'2020-01-25 09:01:42','2020-01-25 18:09:20'),
(203,10,2,'2020-01-25 10:02:05','2020-01-25 17:57:00'),
(204,4,2,'2020-01-25 10:00:44','2020-01-25 17:59:19'),
(205,10,2,'2020-01-25 10:02:12','2020-01-25 17:57:14'),
(206,11,2,'2020-01-25 10:02:46','2020-01-25 17:58:42'),
(207,11,2,'2020-01-25 10:01:26','2020-01-25 17:59:32'),
(208,3,2,'2020-01-25 10:01:48','2020-01-25 17:58:55'),
(209,3,2,'2020-01-25 10:01:01','2020-01-25 17:59:01'),
(210,1,2,'2020-01-25 10:02:13','2020-01-25 17:58:35'),
(211,4,2,'2020-01-25 10:02:47','2020-01-25 17:59:04'),
(212,3,2,'2020-01-25 10:02:03','2020-01-25 17:58:52'),
(213,7,2,'2020-01-25 10:01:24','2020-01-25 17:59:00'),
(214,10,2,'2020-01-25 10:01:02','2020-01-25 17:58:25'),
(215,4,2,'2020-01-25 10:02:09','2020-01-25 17:58:22'),
(216,6,2,'2020-01-25 10:00:18','2020-01-25 17:57:25'),
(217,11,2,'2020-01-25 10:00:51','2020-01-25 17:59:18'),
(218,6,2,'2020-01-25 10:01:53','2020-01-25 17:57:18'),
(219,11,2,'2020-01-25 10:01:47','2020-01-25 17:58:37'),
(220,7,2,'2020-01-25 10:00:20','2020-01-25 17:58:26'),
(221,5,2,'2020-01-25 10:01:40','2020-01-25 17:57:54'),
(222,8,2,'2020-01-25 10:00:46','2020-01-25 17:58:04'),
(223,3,2,'2020-01-25 10:02:33','2020-01-25 17:57:23'),
(224,7,2,'2020-01-25 10:01:47','2020-01-25 17:59:21'),
(225,2,2,'2020-01-25 10:02:47','2020-01-25 17:58:45'),
(226,11,2,'2020-01-25 10:01:47','2020-01-25 17:59:24'),
(227,6,2,'2020-01-25 10:01:48','2020-01-25 17:59:09'),
(228,2,2,'2020-01-25 10:01:06','2020-01-25 17:58:32'),
(229,8,2,'2020-01-25 10:00:31','2020-01-25 17:59:01'),
(230,4,2,'2020-01-25 10:02:08','2020-01-25 17:58:55'),
(231,4,2,'2020-01-25 10:01:34','2020-01-25 17:59:10'),
(232,5,2,'2020-01-25 10:00:12','2020-01-25 17:57:03'),
(233,1,3,'2020-01-26 07:06:15','2020-01-26 18:54:59'),
(234,2,3,'2020-01-26 07:06:09','2020-01-26 18:56:12'),
(235,3,3,'2020-01-26 07:07:12','2020-01-26 18:58:28'),
(236,4,3,'2020-01-26 07:01:02','2020-01-26 18:54:03'),
(237,5,3,'2020-01-26 07:01:08','2020-01-26 18:59:47'),
(238,6,3,'2020-01-26 07:05:49','2020-01-26 18:54:21'),
(239,7,3,'2020-01-26 07:07:04','2020-01-26 18:51:54'),
(240,8,3,'2020-01-26 07:09:48','2020-01-26 18:53:16'),
(241,9,3,'2020-01-26 07:08:13','2020-01-26 18:56:54'),
(242,10,3,'2020-01-26 07:00:15','2020-01-26 18:59:04'),
(243,11,3,'2020-01-26 07:02:03','2020-01-26 18:53:42'),
(202,9,1,'2020-01-26 07:08:01','2020-01-26 18:58:33'),
(244,5,4,'2020-01-26 09:26:33','2020-01-26 18:41:45'),
(245,11,4,'2020-01-26 11:50:20','2020-01-26 17:12:32'),
(246,1,4,'2020-01-26 10:23:08','2020-01-26 18:35:49'),
(247,10,4,'2020-01-26 10:35:10','2020-01-26 19:04:46'),
(248,4,4,'2020-01-26 10:28:54','2020-01-26 16:27:07'),
(203,8,2,'2020-01-26 10:01:39','2020-01-26 17:59:12'),
(204,1,2,'2020-01-26 10:02:20','2020-01-26 17:57:17'),
(205,11,2,'2020-01-26 10:02:30','2020-01-26 17:57:55'),
(206,3,2,'2020-01-26 10:01:05','2020-01-26 17:59:37'),
(207,4,2,'2020-01-26 10:01:26','2020-01-26 17:57:09'),
(208,10,2,'2020-01-26 10:00:57','2020-01-26 17:58:32'),
(209,5,2,'2020-01-26 10:02:43','2020-01-26 17:59:41'),
(210,11,2,'2020-01-26 10:01:01','2020-01-26 17:59:58'),
(211,11,2,'2020-01-26 10:00:19','2020-01-26 17:57:28'),
(212,8,2,'2020-01-26 10:00:03','2020-01-26 17:59:43'),
(213,10,2,'2020-01-26 10:01:42','2020-01-26 17:59:37'),
(214,4,2,'2020-01-26 10:01:12','2020-01-26 17:57:52'),
(215,5,2,'2020-01-26 10:00:17','2020-01-26 17:59:35'),
(216,11,2,'2020-01-26 10:00:30','2020-01-26 17:59:52'),
(217,4,2,'2020-01-26 10:00:23','2020-01-26 17:58:19'),
(218,8,2,'2020-01-26 10:00:35','2020-01-26 17:57:32'),
(219,8,2,'2020-01-26 10:00:53','2020-01-26 17:57:38'),
(220,4,2,'2020-01-26 10:00:24','2020-01-26 17:59:00'),
(221,7,2,'2020-01-26 10:01:54','2020-01-26 17:58:31'),
(222,11,2,'2020-01-26 10:01:47','2020-01-26 17:57:02'),
(223,5,2,'2020-01-26 10:02:07','2020-01-26 17:57:59'),
(224,4,2,'2020-01-26 10:01:56','2020-01-26 17:59:35'),
(225,11,2,'2020-01-26 10:01:17','2020-01-26 17:58:15'),
(226,9,2,'2020-01-26 10:00:54','2020-01-26 17:57:42'),
(227,9,2,'2020-01-26 10:02:53','2020-01-26 17:58:16'),
(228,8,2,'2020-01-26 10:02:28','2020-01-26 17:59:09'),
(229,11,2,'2020-01-26 10:00:16','2020-01-26 17:57:42'),
(230,10,2,'2020-01-26 10:00:27','2020-01-26 17:57:43'),
(231,2,2,'2020-01-26 10:02:59','2020-01-26 17:59:13'),
(232,10,2,'2020-01-26 10:01:12','2020-01-26 17:57:03'),
(233,1,3,'2020-01-27 07:05:38','2020-01-27 18:57:46'),
(234,2,3,'2020-01-27 07:05:41','2020-01-27 18:56:12'),
(235,3,3,'2020-01-27 07:03:16','2020-01-27 18:56:48'),
(236,4,3,'2020-01-27 07:00:01','2020-01-27 18:52:23'),
(237,5,3,'2020-01-27 07:06:28','2020-01-27 18:52:51'),
(238,6,3,'2020-01-27 07:07:17','2020-01-27 18:59:11'),
(239,7,3,'2020-01-27 07:09:08','2020-01-27 18:56:37'),
(240,8,3,'2020-01-27 07:01:08','2020-01-27 18:54:16'),
(241,9,3,'2020-01-27 07:08:49','2020-01-27 18:58:45'),
(242,10,3,'2020-01-27 07:05:30','2020-01-27 18:59:05'),
(243,11,3,'2020-01-27 07:04:15','2020-01-27 18:53:43'),
(202,1,1,'2020-01-27 07:02:04','2020-01-27 18:57:30'),
(244,11,4,'2020-01-27 09:59:09','2020-01-27 19:15:53'),
(245,6,4,'2020-01-27 09:55:54','2020-01-27 17:49:57'),
(246,5,4,'2020-01-27 09:16:14','2020-01-27 16:21:24'),
(247,5,4,'2020-01-27 10:18:29','2020-01-27 17:12:51'),
(248,5,4,'2020-01-27 10:37:19','2020-01-27 18:19:14'),
(203,10,2,'2020-01-27 10:00:14','2020-01-27 17:59:18'),
(204,3,2,'2020-01-27 10:02:36','2020-01-27 17:58:04'),
(205,9,2,'2020-01-27 10:02:22','2020-01-27 17:59:23'),
(206,5,2,'2020-01-27 10:00:52','2020-01-27 17:59:39'),
(207,9,2,'2020-01-27 10:02:21','2020-01-27 17:59:51'),
(208,7,2,'2020-01-27 10:01:55','2020-01-27 17:59:48'),
(209,3,2,'2020-01-27 10:00:09','2020-01-27 17:58:24'),
(210,5,2,'2020-01-27 10:00:03','2020-01-27 17:58:26'),
(211,7,2,'2020-01-27 10:02:24','2020-01-27 17:57:22'),
(212,7,2,'2020-01-27 10:01:09','2020-01-27 17:58:09'),
(213,9,2,'2020-01-27 10:00:21','2020-01-27 17:58:10'),
(214,7,2,'2020-01-27 10:01:56','2020-01-27 17:57:39'),
(215,4,2,'2020-01-27 10:01:03','2020-01-27 17:59:31'),
(216,8,2,'2020-01-27 10:02:56','2020-01-27 17:57:04'),
(217,11,2,'2020-01-27 10:01:05','2020-01-27 17:58:47'),
(218,5,2,'2020-01-27 10:00:39','2020-01-27 17:58:19'),
(219,6,2,'2020-01-27 10:02:14','2020-01-27 17:57:41'),
(220,11,2,'2020-01-27 10:00:43','2020-01-27 17:58:01'),
(221,5,2,'2020-01-27 10:00:55','2020-01-27 17:59:58'),
(222,5,2,'2020-01-27 10:00:49','2020-01-27 17:58:03'),
(223,4,2,'2020-01-27 10:00:12','2020-01-27 17:59:32'),
(224,11,2,'2020-01-27 10:02:16','2020-01-27 17:59:37'),
(225,10,2,'2020-01-27 10:01:14','2020-01-27 17:58:08'),
(226,1,2,'2020-01-27 10:02:44','2020-01-27 17:59:06'),
(227,5,2,'2020-01-27 10:02:48','2020-01-27 17:59:22'),
(228,7,2,'2020-01-27 10:02:06','2020-01-27 17:57:06'),
(229,4,2,'2020-01-27 10:01:25','2020-01-27 17:59:34'),
(230,8,2,'2020-01-27 10:00:34','2020-01-27 17:58:50'),
(231,8,2,'2020-01-27 10:01:54','2020-01-27 17:58:32'),
(232,8,2,'2020-01-27 10:01:08','2020-01-27 17:58:47'),
(233,1,3,'2020-01-28 07:06:03','2020-01-28 18:56:06'),
(234,2,3,'2020-01-28 07:08:52','2020-01-28 18:57:55'),
(235,3,3,'2020-01-28 07:02:43','2020-01-28 18:58:58'),
(236,4,3,'2020-01-28 07:00:57','2020-01-28 19:00:00'),
(237,5,3,'2020-01-28 07:06:50','2020-01-28 18:56:02'),
(238,6,3,'2020-01-28 07:05:57','2020-01-28 18:59:46'),
(239,7,3,'2020-01-28 07:04:54','2020-01-28 18:57:28'),
(240,8,3,'2020-01-28 07:00:31','2020-01-28 18:52:21'),
(241,9,3,'2020-01-28 07:08:51','2020-01-28 18:52:10'),
(242,10,3,'2020-01-28 07:08:50','2020-01-28 18:52:33'),
(243,11,3,'2020-01-28 07:00:08','2020-01-28 18:58:10'),
(202,8,1,'2020-01-28 07:05:34','2020-01-28 18:58:01'),
(244,5,4,'2020-01-28 11:43:42','2020-01-28 16:37:07'),
(245,7,4,'2020-01-28 11:59:02','2020-01-28 16:56:53'),
(246,8,4,'2020-01-28 09:38:20','2020-01-28 19:13:45'),
(247,9,4,'2020-01-28 09:36:29','2020-01-28 19:50:16'),
(248,10,4,'2020-01-28 09:18:46','2020-01-28 17:57:07'),
(203,4,2,'2020-01-28 10:02:48','2020-01-28 17:59:42'),
(204,9,2,'2020-01-28 10:02:10','2020-01-28 18:00:00'),
(205,2,2,'2020-01-28 10:02:00','2020-01-28 17:58:13'),
(206,1,2,'2020-01-28 10:01:44','2020-01-28 17:59:26'),
(207,1,2,'2020-01-28 10:00:54','2020-01-28 17:57:23'),
(208,3,2,'2020-01-28 10:02:37','2020-01-28 17:58:43'),
(209,7,2,'2020-01-28 10:00:58','2020-01-28 17:57:23'),
(210,7,2,'2020-01-28 10:01:27','2020-01-28 17:57:56'),
(211,9,2,'2020-01-28 10:01:46','2020-01-28 17:59:13'),
(212,11,2,'2020-01-28 10:01:47','2020-01-28 17:59:01'),
(213,3,2,'2020-01-28 10:00:55','2020-01-28 17:57:10'),
(214,8,2,'2020-01-28 10:01:08','2020-01-28 17:59:56'),
(215,11,2,'2020-01-28 10:01:59','2020-01-28 17:57:11'),
(216,5,2,'2020-01-28 10:02:43','2020-01-28 17:59:17'),
(217,2,2,'2020-01-28 10:01:10','2020-01-28 17:57:55'),
(218,8,2,'2020-01-28 10:02:06','2020-01-28 17:59:03'),
(219,11,2,'2020-01-28 10:00:49','2020-01-28 17:59:18'),
(220,4,2,'2020-01-28 10:02:20','2020-01-28 17:59:48'),
(221,2,2,'2020-01-28 10:01:10','2020-01-28 17:58:38'),
(222,6,2,'2020-01-28 10:00:44','2020-01-28 17:57:28'),
(223,9,2,'2020-01-28 10:00:04','2020-01-28 17:57:27'),
(224,7,2,'2020-01-28 10:00:46','2020-01-28 17:58:26'),
(225,4,2,'2020-01-28 10:00:07','2020-01-28 17:58:27'),
(226,2,2,'2020-01-28 10:01:59','2020-01-28 17:59:06'),
(227,6,2,'2020-01-28 10:02:22','2020-01-28 17:57:51'),
(228,1,2,'2020-01-28 10:00:28','2020-01-28 17:57:49'),
(229,10,2,'2020-01-28 10:00:38','2020-01-28 17:59:14'),
(230,6,2,'2020-01-28 10:01:36','2020-01-28 17:58:19'),
(231,3,2,'2020-01-28 10:02:29','2020-01-28 17:59:02'),
(232,10,2,'2020-01-28 10:00:05','2020-01-28 17:57:27'),
(233,1,3,'2020-01-29 07:02:59','2020-01-29 18:50:01'),
(234,2,3,'2020-01-29 07:07:49','2020-01-29 18:56:06'),
(235,3,3,'2020-01-29 07:00:59','2020-01-29 18:57:38'),
(236,4,3,'2020-01-29 07:02:42','2020-01-29 18:59:13'),
(237,5,3,'2020-01-29 07:00:42','2020-01-29 18:58:49'),
(238,6,3,'2020-01-29 07:09:24','2020-01-29 18:58:08'),
(239,7,3,'2020-01-29 07:08:34','2020-01-29 18:55:47'),
(240,8,3,'2020-01-29 07:04:17','2020-01-29 18:54:16'),
(241,9,3,'2020-01-29 07:07:05','2020-01-29 18:59:56'),
(242,10,3,'2020-01-29 07:03:38','2020-01-29 18:55:37'),
(243,11,3,'2020-01-29 07:09:06','2020-01-29 18:53:32'),
(202,7,1,'2020-01-29 07:01:48','2020-01-29 18:53:04'),
(244,1,4,'2020-01-29 11:09:07','2020-01-29 19:00:53'),
(245,9,4,'2020-01-29 10:10:04','2020-01-29 18:42:10'),
(246,10,4,'2020-01-29 10:59:07','2020-01-29 17:41:21'),
(247,3,4,'2020-01-29 11:45:52','2020-01-29 19:40:23'),
(248,7,4,'2020-01-29 09:50:38','2020-01-29 17:51:39'),
(203,7,2,'2020-01-29 10:00:05','2020-01-29 17:57:48'),
(204,8,2,'2020-01-29 10:00:28','2020-01-29 17:57:09'),
(205,1,2,'2020-01-29 10:01:29','2020-01-29 17:57:46'),
(206,4,2,'2020-01-29 10:01:31','2020-01-29 17:59:19'),
(207,7,2,'2020-01-29 10:00:53','2020-01-29 17:59:17'),
(208,7,2,'2020-01-29 10:00:50','2020-01-29 17:57:37'),
(209,9,2,'2020-01-29 10:02:44','2020-01-29 17:58:54'),
(210,6,2,'2020-01-29 10:00:25','2020-01-29 17:57:11'),
(211,11,2,'2020-01-29 10:00:17','2020-01-29 17:57:31'),
(212,1,2,'2020-01-29 10:01:23','2020-01-29 17:58:38'),
(213,5,2,'2020-01-29 10:00:45','2020-01-29 17:58:54'),
(214,10,2,'2020-01-29 10:01:26','2020-01-29 17:57:19'),
(215,7,2,'2020-01-29 10:02:19','2020-01-29 17:57:03'),
(216,7,2,'2020-01-29 10:00:53','2020-01-29 17:59:23'),
(217,6,2,'2020-01-29 10:02:33','2020-01-29 17:57:39'),
(218,6,2,'2020-01-29 10:02:00','2020-01-29 17:59:51'),
(219,4,2,'2020-01-29 10:01:20','2020-01-29 17:58:30'),
(220,2,2,'2020-01-29 10:00:31','2020-01-29 17:59:01'),
(221,6,2,'2020-01-29 10:00:04','2020-01-29 17:59:42'),
(222,5,2,'2020-01-29 10:01:58','2020-01-29 17:59:01'),
(223,7,2,'2020-01-29 10:02:38','2020-01-29 17:57:26'),
(224,5,2,'2020-01-29 10:02:08','2020-01-29 17:57:40'),
(225,3,2,'2020-01-29 10:02:01','2020-01-29 17:58:49'),
(226,1,2,'2020-01-29 10:02:14','2020-01-29 17:59:01'),
(227,9,2,'2020-01-29 10:02:24','2020-01-29 17:57:21'),
(228,6,2,'2020-01-29 10:01:23','2020-01-29 17:57:24'),
(229,7,2,'2020-01-29 10:00:59','2020-01-29 17:58:24'),
(230,4,2,'2020-01-29 10:02:09','2020-01-29 17:57:01'),
(231,4,2,'2020-01-29 10:00:57','2020-01-29 17:57:23'),
(232,3,2,'2020-01-29 10:01:29','2020-01-29 17:59:05'),
(233,1,3,'2020-01-30 07:04:50','2020-01-30 18:56:42'),
(234,2,3,'2020-01-30 07:07:59','2020-01-30 18:50:23'),
(235,3,3,'2020-01-30 07:04:09','2020-01-30 18:58:44'),
(236,4,3,'2020-01-30 07:07:51','2020-01-30 18:54:24'),
(237,5,3,'2020-01-30 07:00:59','2020-01-30 18:58:27'),
(238,6,3,'2020-01-30 07:03:43','2020-01-30 18:56:46'),
(239,7,3,'2020-01-30 07:00:50','2020-01-30 19:00:00'),
(240,8,3,'2020-01-30 07:07:58','2020-01-30 18:55:31'),
(241,9,3,'2020-01-30 07:02:12','2020-01-30 18:55:04'),
(242,10,3,'2020-01-30 07:01:10','2020-01-30 18:52:30'),
(243,11,3,'2020-01-30 07:03:33','2020-01-30 18:57:52'),
(202,1,1,'2020-01-30 07:00:58','2020-01-30 18:50:12'),
(244,6,4,'2020-01-30 09:14:54','2020-01-30 19:16:52'),
(245,3,4,'2020-01-30 08:00:38','2020-01-30 17:46:16'),
(246,11,4,'2020-01-30 09:35:58','2020-01-30 19:08:17'),
(247,5,4,'2020-01-30 08:40:29','2020-01-30 17:13:35'),
(248,11,4,'2020-01-30 09:40:37','2020-01-30 17:01:38'),
(203,10,2,'2020-01-30 10:01:21','2020-01-30 17:57:50'),
(204,11,2,'2020-01-30 10:02:16','2020-01-30 17:57:32'),
(205,5,2,'2020-01-30 10:01:38','2020-01-30 17:58:08'),
(206,7,2,'2020-01-30 10:01:36','2020-01-30 17:58:04'),
(207,4,2,'2020-01-30 10:01:56','2020-01-30 17:59:04'),
(208,5,2,'2020-01-30 10:00:41','2020-01-30 17:57:59'),
(209,4,2,'2020-01-30 10:00:26','2020-01-30 17:59:03'),
(210,3,2,'2020-01-30 10:02:32','2020-01-30 17:57:48'),
(211,1,2,'2020-01-30 10:00:59','2020-01-30 17:59:23'),
(212,9,2,'2020-01-30 10:02:39','2020-01-30 17:59:03'),
(213,2,2,'2020-01-30 10:02:50','2020-01-30 17:58:19'),
(214,1,2,'2020-01-30 10:00:58','2020-01-30 17:59:07'),
(215,1,2,'2020-01-30 10:00:28','2020-01-30 17:58:58'),
(216,2,2,'2020-01-30 10:02:20','2020-01-30 17:58:55'),
(217,4,2,'2020-01-30 10:01:42','2020-01-30 17:58:55'),
(218,3,2,'2020-01-30 10:00:57','2020-01-30 17:57:45'),
(219,10,2,'2020-01-30 10:00:06','2020-01-30 17:59:27'),
(220,6,2,'2020-01-30 10:00:06','2020-01-30 17:59:53'),
(221,5,2,'2020-01-30 10:00:40','2020-01-30 17:58:53'),
(222,4,2,'2020-01-30 10:01:18','2020-01-30 17:57:37'),
(223,3,2,'2020-01-30 10:00:48','2020-01-30 17:59:46'),
(224,10,2,'2020-01-30 10:00:24','2020-01-30 17:58:49'),
(225,11,2,'2020-01-30 10:01:48','2020-01-30 17:58:31'),
(226,7,2,'2020-01-30 10:02:50','2020-01-30 17:57:21'),
(227,5,2,'2020-01-30 10:01:35','2020-01-30 17:58:30'),
(228,2,2,'2020-01-30 10:00:28','2020-01-30 17:57:15'),
(229,2,2,'2020-01-30 10:02:01','2020-01-30 17:57:02'),
(230,7,2,'2020-01-30 10:02:02','2020-01-30 17:57:50'),
(231,10,2,'2020-01-30 10:00:24','2020-01-30 17:57:40'),
(232,5,2,'2020-01-30 10:00:39','2020-01-30 17:57:36'),
(233,1,3,'2020-01-31 07:07:48','2020-01-31 18:55:48'),
(234,2,3,'2020-01-31 07:05:11','2020-01-31 18:59:12'),
(235,3,3,'2020-01-31 07:01:46','2020-01-31 18:50:36'),
(236,4,3,'2020-01-31 07:08:56','2020-01-31 18:54:40'),
(237,5,3,'2020-01-31 07:03:43','2020-01-31 18:52:27'),
(238,6,3,'2020-01-31 07:01:16','2020-01-31 18:54:52'),
(239,7,3,'2020-01-31 07:03:02','2020-01-31 18:50:24'),
(240,8,3,'2020-01-31 07:07:22','2020-01-31 18:53:22'),
(241,9,3,'2020-01-31 07:04:37','2020-01-31 18:57:39'),
(242,10,3,'2020-01-31 07:03:41','2020-01-31 18:58:01'),
(243,11,3,'2020-01-31 07:07:49','2020-01-31 18:56:29'),
(202,8,1,'2020-01-31 07:05:47','2020-01-31 18:52:13'),
(244,10,4,'2020-01-31 11:36:39','2020-01-31 19:08:59'),
(245,5,4,'2020-01-31 10:52:01','2020-01-31 17:41:50'),
(246,9,4,'2020-01-31 10:14:00','2020-01-31 18:28:15'),
(247,10,4,'2020-01-31 11:30:46','2020-01-31 16:15:43'),
(248,6,4,'2020-01-31 11:29:29','2020-01-31 18:49:38'),
(203,4,2,'2020-01-31 10:00:39','2020-01-31 17:59:18'),
(204,4,2,'2020-01-31 10:01:37','2020-01-31 17:58:19'),
(205,4,2,'2020-01-31 10:01:07','2020-01-31 17:57:20'),
(206,9,2,'2020-01-31 10:00:52','2020-01-31 17:59:56'),
(207,8,2,'2020-01-31 10:00:26','2020-01-31 17:57:48'),
(208,11,2,'2020-01-31 10:00:02','2020-01-31 17:59:26'),
(209,2,2,'2020-01-31 10:01:44','2020-01-31 17:58:07'),
(210,4,2,'2020-01-31 10:01:54','2020-01-31 17:57:52'),
(211,3,2,'2020-01-31 10:00:37','2020-01-31 17:58:01'),
(212,7,2,'2020-01-31 10:02:09','2020-01-31 17:58:51'),
(213,6,2,'2020-01-31 10:01:51','2020-01-31 17:58:23'),
(214,5,2,'2020-01-31 10:01:22','2020-01-31 17:58:19'),
(215,11,2,'2020-01-31 10:01:35','2020-01-31 17:59:32'),
(216,10,2,'2020-01-31 10:02:42','2020-01-31 17:57:07'),
(217,9,2,'2020-01-31 10:02:20','2020-01-31 17:58:43'),
(218,2,2,'2020-01-31 10:02:38','2020-01-31 17:59:31'),
(219,2,2,'2020-01-31 10:02:52','2020-01-31 17:57:19'),
(220,2,2,'2020-01-31 10:01:40','2020-01-31 17:58:27'),
(221,11,2,'2020-01-31 10:02:43','2020-01-31 17:59:27'),
(222,1,2,'2020-01-31 10:00:05','2020-01-31 17:58:11'),
(223,10,2,'2020-01-31 10:01:37','2020-01-31 17:59:13'),
(224,7,2,'2020-01-31 10:01:55','2020-01-31 17:59:19'),
(225,6,2,'2020-01-31 10:00:42','2020-01-31 17:58:10'),
(226,3,2,'2020-01-31 10:02:41','2020-01-31 17:59:55'),
(227,1,2,'2020-01-31 10:02:23','2020-01-31 17:57:22'),
(228,4,2,'2020-01-31 10:00:57','2020-01-31 17:59:33'),
(229,11,2,'2020-01-31 10:00:52','2020-01-31 17:59:44'),
(230,3,2,'2020-01-31 10:01:21','2020-01-31 17:57:01'),
(231,2,2,'2020-01-31 10:02:13','2020-01-31 17:58:35'),
(232,3,2,'2020-01-31 10:02:28','2020-01-31 17:59:35');

INSERT INTO nadania VALUES
(1,197,'2020-01-02 08:00:03'),
(2,131,'2020-01-02 08:04:01'),
(3,302,'2020-01-02 08:08:01'),
(4,382,'2020-01-02 08:12:00'),
(5,83,'2020-01-02 08:16:00'),
(6,134,'2020-01-02 08:20:01'),
(7,372,'2020-01-02 08:24:03'),
(8,1,'2020-01-02 08:28:01'),
(9,290,'2020-01-02 08:32:03'),
(10,442,'2020-01-02 08:36:03'),
(11,444,'2020-01-02 08:40:03'),
(12,441,'2020-01-02 08:44:02'),
(13,123,'2020-01-02 08:48:01'),
(14,472,'2020-01-02 08:52:00'),
(15,161,'2020-01-02 08:56:02'),
(16,164,'2020-01-03 08:00:00'),
(17,91,'2020-01-03 08:04:03'),
(18,39,'2020-01-03 08:08:02'),
(19,413,'2020-01-03 08:12:02'),
(20,32,'2020-01-03 08:16:00'),
(21,133,'2020-01-03 08:20:01'),
(22,91,'2020-01-03 08:24:02'),
(23,443,'2020-01-03 08:28:03'),
(24,201,'2020-01-03 08:32:00'),
(25,196,'2020-01-03 08:36:01'),
(26,475,'2020-01-03 08:40:02'),
(27,255,'2020-01-03 08:44:03'),
(28,214,'2020-01-03 08:48:00'),
(29,174,'2020-01-03 08:52:02'),
(30,214,'2020-01-03 08:56:01'),
(31,135,'2020-01-04 08:00:02'),
(32,119,'2020-01-04 08:04:01'),
(33,119,'2020-01-04 08:08:03'),
(34,69,'2020-01-04 08:12:02'),
(35,117,'2020-01-04 08:16:00'),
(36,67,'2020-01-04 08:20:01'),
(37,484,'2020-01-04 08:28:01'),
(38,176,'2020-01-04 08:32:00'),
(39,381,'2020-01-04 08:36:00'),
(40,189,'2020-01-04 08:40:01'),
(41,262,'2020-01-04 08:44:00'),
(42,67,'2020-01-04 08:48:02'),
(43,222,'2020-01-04 08:52:00'),
(44,45,'2020-01-04 08:56:02'),
(45,77,'2020-01-05 08:00:01'),
(46,272,'2020-01-05 08:04:02'),
(47,118,'2020-01-05 08:08:01'),
(48,307,'2020-01-05 08:12:01'),
(49,46,'2020-01-05 08:16:02'),
(50,350,'2020-01-05 08:20:03'),
(51,278,'2020-01-05 08:28:00'),
(52,93,'2020-01-05 08:32:03'),
(53,3,'2020-01-05 08:48:02'),
(54,485,'2020-01-05 08:52:01'),
(55,128,'2020-01-06 08:04:01'),
(56,128,'2020-01-06 08:08:00'),
(57,351,'2020-01-06 08:12:02'),
(58,94,'2020-01-06 08:20:01'),
(59,383,'2020-01-06 08:24:02'),
(60,330,'2020-01-06 08:28:00'),
(61,94,'2020-01-06 08:32:01'),
(62,48,'2020-01-06 08:40:00'),
(63,200,'2020-01-06 08:48:03'),
(64,128,'2020-01-06 08:52:03'),
(65,448,'2020-01-06 08:56:00'),
(66,453,'2020-01-07 08:00:00'),
(67,373,'2020-01-07 08:04:00'),
(68,75,'2020-01-07 08:08:01'),
(69,303,'2020-01-07 08:12:03'),
(70,233,'2020-01-07 08:24:01'),
(71,51,'2020-01-07 08:28:02'),
(72,274,'2020-01-07 08:32:00'),
(73,229,'2020-01-07 08:40:00'),
(74,295,'2020-01-07 08:44:01'),
(75,188,'2020-01-07 08:48:00'),
(76,121,'2020-01-07 08:52:03'),
(77,191,'2020-01-08 08:04:02'),
(78,496,'2020-01-08 08:08:03'),
(79,388,'2020-01-08 08:16:00'),
(80,199,'2020-01-08 08:20:03'),
(81,84,'2020-01-08 08:24:01'),
(82,52,'2020-01-08 08:28:01'),
(83,308,'2020-01-08 08:32:00'),
(84,209,'2020-01-08 08:40:01'),
(85,218,'2020-01-08 08:44:00'),
(86,204,'2020-01-08 08:48:03'),
(87,92,'2020-01-08 08:52:00'),
(88,387,'2020-01-09 08:00:01'),
(89,53,'2020-01-09 08:04:00'),
(90,254,'2020-01-09 08:12:03'),
(91,419,'2020-01-09 08:16:02'),
(92,124,'2020-01-09 08:20:00'),
(93,81,'2020-01-09 08:24:01'),
(94,253,'2020-01-09 08:28:02'),
(95,220,'2020-01-09 08:36:02'),
(96,477,'2020-01-09 08:52:00'),
(97,336,'2020-01-10 08:00:01'),
(98,348,'2020-01-10 08:04:01'),
(99,190,'2020-01-10 08:08:03'),
(100,283,'2020-01-10 08:12:01'),
(101,371,'2020-01-10 08:16:02'),
(102,139,'2020-01-10 08:20:02'),
(103,125,'2020-01-10 08:40:00'),
(104,42,'2020-01-10 08:44:01'),
(105,309,'2020-01-10 08:56:02'),
(106,328,'2020-01-11 08:00:03'),
(107,95,'2020-01-11 08:04:02'),
(108,31,'2020-01-11 08:12:02'),
(109,466,'2020-01-11 08:16:01'),
(110,8,'2020-01-11 08:20:02'),
(111,59,'2020-01-11 08:28:02'),
(112,480,'2020-01-11 08:32:02'),
(113,178,'2020-01-11 08:40:02'),
(114,54,'2020-01-11 08:44:00'),
(115,263,'2020-01-11 08:48:02'),
(116,130,'2020-01-11 08:52:01'),
(117,263,'2020-01-11 08:56:01'),
(118,329,'2020-01-12 08:04:00'),
(119,140,'2020-01-12 08:08:02'),
(120,456,'2020-01-12 08:12:01'),
(121,456,'2020-01-12 08:16:01'),
(122,180,'2020-01-12 08:28:01'),
(123,205,'2020-01-12 08:36:03'),
(124,341,'2020-01-12 08:56:01'),
(125,352,'2020-01-13 08:12:03'),
(126,264,'2020-01-13 08:20:01'),
(127,49,'2020-01-13 08:24:00'),
(128,298,'2020-01-13 08:28:03'),
(129,79,'2020-01-13 08:32:03'),
(130,478,'2020-01-13 08:36:03'),
(131,421,'2020-01-13 08:40:03'),
(132,126,'2020-01-13 08:44:00'),
(133,85,'2020-01-13 08:56:00'),
(134,459,'2020-01-14 08:08:03'),
(135,306,'2020-01-14 08:40:01'),
(136,40,'2020-01-14 08:48:01'),
(137,182,'2020-01-14 08:52:00'),
(138,457,'2020-01-14 08:56:03'),
(139,461,'2020-01-15 08:04:01'),
(140,468,'2020-01-15 08:28:03'),
(141,294,'2020-01-15 08:32:02'),
(142,87,'2020-01-15 08:36:03'),
(143,165,'2020-01-15 08:56:02'),
(144,127,'2020-01-16 08:00:03'),
(145,261,'2020-01-16 08:12:02'),
(146,149,'2020-01-16 08:16:02'),
(147,206,'2020-01-16 08:20:01'),
(148,138,'2020-01-16 08:24:03'),
(149,217,'2020-01-16 08:32:01'),
(150,294,'2020-01-16 08:40:03'),
(151,76,'2020-01-16 08:44:00'),
(152,397,'2020-01-16 08:52:03'),
(153,166,'2020-01-16 08:56:00'),
(154,276,'2020-01-17 08:04:03'),
(155,460,'2020-01-17 08:16:01'),
(156,155,'2020-01-17 08:20:01'),
(157,167,'2020-01-17 08:24:01'),
(158,7,'2020-01-17 08:40:00'),
(159,296,'2020-01-17 08:44:00'),
(160,265,'2020-01-17 08:52:03'),
(161,96,'2020-01-17 08:56:01'),
(162,392,'2020-01-18 08:08:02'),
(163,88,'2020-01-18 08:28:00'),
(164,463,'2020-01-18 08:40:00'),
(165,297,'2020-01-19 08:12:01'),
(166,207,'2020-01-19 08:40:02'),
(167,11,'2020-01-19 08:48:02'),
(168,235,'2020-01-20 08:12:00'),
(169,104,'2020-01-20 08:36:01'),
(170,374,'2020-01-20 08:48:03'),
(171,487,'2020-01-20 08:56:03'),
(172,168,'2020-01-21 08:08:02'),
(173,50,'2020-01-21 08:28:02'),
(174,280,'2020-01-22 08:04:01'),
(175,184,'2020-01-22 08:08:00'),
(176,107,'2020-01-22 08:16:03'),
(177,280,'2020-01-22 08:20:00'),
(178,389,'2020-01-23 08:04:03'),
(179,36,'2020-01-23 08:20:00'),
(180,467,'2020-01-23 08:56:00'),
(181,37,'2020-01-24 08:04:03'),
(182,105,'2020-01-24 08:20:02'),
(183,242,'2020-01-25 08:04:01'),
(184,358,'2020-01-26 08:08:02'),
(185,185,'2020-01-26 08:24:00'),
(186,268,'2020-01-26 08:36:01'),
(187,227,'2020-01-26 08:52:00'),
(188,317,'2020-01-27 08:08:03'),
(189,169,'2020-01-28 08:04:02'),
(190,490,'2020-01-28 08:44:01'),
(191,90,'2020-01-28 08:48:03'),
(192,112,'2020-01-28 08:52:00'),
(193,428,'2020-01-29 08:12:00'),
(194,377,'2020-01-29 08:16:01'),
(195,495,'2020-01-30 08:08:03'),
(196,147,'2020-01-31 08:08:01'),
(197,323,'2020-01-31 08:24:03'),
(198,393,'2020-01-31 08:36:03'),
(199,10,'2020-01-31 08:44:01'),
(200,248,'2020-01-31 08:52:02'),
(201,16,'2020-01-31 08:56:02');

INSERT INTO deklaracja_wypakowan VALUES
(46,'2020-01-02 10:59:39'),
(47,'2020-01-02 10:57:06'),
(48,'2020-01-02 10:58:51'),
(49,'2020-01-02 10:58:16'),
(50,'2020-01-02 10:57:01'),
(51,'2020-01-02 10:55:04'),
(52,'2020-01-02 10:55:46'),
(53,'2020-01-02 10:54:57'),
(54,'2020-01-02 10:58:49'),
(55,'2020-01-02 10:56:40'),
(56,'2020-01-02 10:58:54'),
(57,'2020-01-02 15:52:14'),
(58,'2020-01-02 15:45:26'),
(59,'2020-01-02 15:50:00'),
(60,'2020-01-02 16:02:30'),
(61,'2020-01-02 15:52:42'),
(62,'2020-01-02 15:50:00'),
(63,'2020-01-02 15:43:36'),
(64,'2020-01-02 15:44:40'),
(65,'2020-01-02 15:45:24'),
(66,'2020-01-02 15:55:09'),
(67,'2020-01-02 15:57:33'),
(68,'2020-01-02 16:07:09'),
(69,'2020-01-02 15:56:14'),
(70,'2020-01-02 16:08:42'),
(71,'2020-01-02 16:06:19'),
(72,'2020-01-02 15:44:33'),
(73,'2020-01-02 15:53:58'),
(74,'2020-01-02 15:46:04'),
(75,'2020-01-02 16:08:00'),
(76,'2020-01-02 15:36:29'),
(77,'2020-01-02 15:46:13'),
(78,'2020-01-02 16:00:32'),
(79,'2020-01-02 15:54:03'),
(80,'2020-01-02 16:05:24'),
(81,'2020-01-02 16:10:21'),
(82,'2020-01-02 16:02:18'),
(83,'2020-01-02 15:55:56'),
(84,'2020-01-02 15:51:57'),
(85,'2020-01-02 15:37:37'),
(86,'2020-01-02 15:47:21'),
(87,'2020-01-02 17:52:01'),
(88,'2020-01-02 17:55:46'),
(89,'2020-01-02 17:53:19'),
(90,'2020-01-02 17:48:52'),
(91,'2020-01-02 17:52:19'),
(92,'2020-01-02 17:50:35'),
(93,'2020-01-02 17:44:39'),
(94,'2020-01-02 17:47:15'),
(95,'2020-01-02 17:49:49'),
(96,'2020-01-02 17:47:06'),
(97,'2020-01-02 17:54:13'),
(98,'2020-01-03 10:56:57'),
(99,'2020-01-03 10:58:17'),
(100,'2020-01-03 10:57:59'),
(101,'2020-01-03 10:56:49'),
(102,'2020-01-03 10:57:38'),
(103,'2020-01-03 11:00:07'),
(104,'2020-01-03 10:58:13'),
(105,'2020-01-03 10:57:04'),
(106,'2020-01-03 10:58:16'),
(107,'2020-01-03 10:59:38'),
(108,'2020-01-03 10:53:04'),
(109,'2020-01-03 15:54:27'),
(110,'2020-01-03 16:07:03'),
(111,'2020-01-03 15:44:19'),
(112,'2020-01-03 15:47:15'),
(113,'2020-01-03 15:44:41'),
(114,'2020-01-03 16:06:04'),
(115,'2020-01-03 15:43:33'),
(116,'2020-01-03 15:43:11'),
(117,'2020-01-03 15:45:08'),
(118,'2020-01-03 16:00:33'),
(119,'2020-01-03 15:32:18'),
(120,'2020-01-03 15:59:43'),
(121,'2020-01-03 15:59:29'),
(122,'2020-01-03 15:52:37'),
(123,'2020-01-03 15:42:08'),
(124,'2020-01-03 15:38:30'),
(125,'2020-01-03 15:54:48'),
(126,'2020-01-03 15:51:28'),
(127,'2020-01-03 16:03:38'),
(128,'2020-01-03 16:02:16'),
(129,'2020-01-03 16:07:12'),
(130,'2020-01-03 16:02:01'),
(131,'2020-01-03 15:51:52'),
(132,'2020-01-03 15:36:35'),
(133,'2020-01-03 15:54:03'),
(134,'2020-01-03 15:41:01'),
(135,'2020-01-03 15:39:06'),
(136,'2020-01-03 15:42:25'),
(137,'2020-01-03 16:08:38'),
(138,'2020-01-03 15:58:18'),
(139,'2020-01-03 17:47:20'),
(140,'2020-01-03 17:55:18'),
(141,'2020-01-03 17:44:33'),
(142,'2020-01-03 17:50:35'),
(143,'2020-01-03 17:53:22'),
(144,'2020-01-03 17:53:12'),
(145,'2020-01-03 17:47:37'),
(146,'2020-01-03 17:48:50'),
(147,'2020-01-03 17:55:52'),
(148,'2020-01-03 17:46:03'),
(149,'2020-01-04 10:54:07'),
(150,'2020-01-04 10:56:55'),
(151,'2020-01-04 11:01:01'),
(152,'2020-01-04 10:58:06'),
(153,'2020-01-04 10:58:22'),
(154,'2020-01-04 10:56:10'),
(155,'2020-01-04 10:56:11'),
(156,'2020-01-04 10:58:11'),
(157,'2020-01-04 10:57:25'),
(158,'2020-01-04 10:54:23'),
(159,'2020-01-04 15:58:52'),
(160,'2020-01-04 15:48:23'),
(161,'2020-01-04 15:41:54'),
(162,'2020-01-04 16:08:01'),
(163,'2020-01-04 15:53:02'),
(164,'2020-01-04 15:48:38'),
(165,'2020-01-04 15:57:10'),
(166,'2020-01-04 15:44:37'),
(167,'2020-01-04 16:00:57'),
(168,'2020-01-04 15:51:28'),
(169,'2020-01-04 15:55:24'),
(170,'2020-01-04 15:59:10'),
(171,'2020-01-04 15:52:29'),
(172,'2020-01-04 16:00:55'),
(173,'2020-01-04 15:36:00'),
(174,'2020-01-04 15:45:49'),
(175,'2020-01-04 15:48:13'),
(176,'2020-01-04 16:01:41'),
(177,'2020-01-04 15:57:07'),
(178,'2020-01-04 16:05:44'),
(179,'2020-01-04 15:53:33'),
(180,'2020-01-04 16:01:27'),
(181,'2020-01-04 15:46:56'),
(182,'2020-01-04 15:46:14'),
(183,'2020-01-04 15:42:25'),
(184,'2020-01-04 15:40:41'),
(185,'2020-01-04 15:46:21'),
(186,'2020-01-04 16:04:17'),
(187,'2020-01-04 16:14:03'),
(188,'2020-01-04 15:55:37'),
(189,'2020-01-04 17:52:30'),
(190,'2020-01-04 17:47:24'),
(191,'2020-01-04 17:53:15'),
(192,'2020-01-04 17:54:23'),
(193,'2020-01-04 17:46:41'),
(194,'2020-01-04 17:52:19'),
(195,'2020-01-04 17:56:54'),
(196,'2020-01-04 17:49:09'),
(197,'2020-01-04 17:50:18'),
(198,'2020-01-04 17:47:35'),
(199,'2020-01-05 10:55:12'),
(200,'2020-01-05 10:57:53'),
(201,'2020-01-05 10:52:06'),
(202,'2020-01-05 10:57:28'),
(203,'2020-01-05 10:52:52'),
(204,'2020-01-05 10:56:01'),
(205,'2020-01-05 10:59:40'),
(206,'2020-01-05 10:59:42'),
(207,'2020-01-05 10:52:36'),
(208,'2020-01-05 11:02:21'),
(209,'2020-01-05 15:44:01'),
(210,'2020-01-05 16:02:23'),
(211,'2020-01-05 15:45:50'),
(212,'2020-01-05 16:06:47'),
(213,'2020-01-05 16:04:07'),
(214,'2020-01-05 16:06:13'),
(215,'2020-01-05 15:51:28'),
(216,'2020-01-05 16:06:33'),
(217,'2020-01-05 15:52:34'),
(218,'2020-01-05 16:00:40'),
(219,'2020-01-05 15:41:43'),
(220,'2020-01-05 15:58:04'),
(221,'2020-01-05 15:51:16'),
(222,'2020-01-05 15:40:13'),
(223,'2020-01-05 15:50:17'),
(224,'2020-01-05 16:12:50'),
(225,'2020-01-05 16:01:11'),
(226,'2020-01-05 16:05:28'),
(227,'2020-01-05 15:45:11'),
(228,'2020-01-05 16:08:30'),
(229,'2020-01-05 16:03:05'),
(230,'2020-01-05 15:50:02'),
(231,'2020-01-05 15:47:20'),
(232,'2020-01-05 16:04:49'),
(233,'2020-01-05 15:49:41'),
(234,'2020-01-05 15:43:48'),
(235,'2020-01-05 15:53:27'),
(236,'2020-01-05 15:41:56'),
(237,'2020-01-05 15:45:04'),
(238,'2020-01-05 15:49:30'),
(239,'2020-01-05 17:48:58'),
(240,'2020-01-05 17:52:40'),
(241,'2020-01-05 17:47:18'),
(242,'2020-01-05 17:44:49'),
(243,'2020-01-05 17:53:29'),
(244,'2020-01-05 17:46:36'),
(245,'2020-01-05 17:52:13'),
(246,'2020-01-05 17:51:09'),
(247,'2020-01-05 17:47:01'),
(248,'2020-01-05 17:44:10'),
(249,'2020-01-06 10:57:42'),
(250,'2020-01-06 10:57:28'),
(251,'2020-01-06 10:57:46'),
(252,'2020-01-06 10:58:32'),
(253,'2020-01-06 10:54:25'),
(254,'2020-01-06 10:56:15'),
(255,'2020-01-06 10:52:36'),
(256,'2020-01-06 10:57:34'),
(257,'2020-01-06 10:52:56'),
(258,'2020-01-06 10:54:58'),
(259,'2020-01-06 15:50:01'),
(260,'2020-01-06 15:51:39'),
(261,'2020-01-06 15:59:34'),
(262,'2020-01-06 15:45:11'),
(263,'2020-01-06 16:07:18'),
(264,'2020-01-06 15:41:38'),
(265,'2020-01-06 15:49:19'),
(266,'2020-01-06 15:57:38'),
(267,'2020-01-06 15:33:57'),
(268,'2020-01-06 15:37:53'),
(269,'2020-01-06 15:56:39'),
(270,'2020-01-06 16:10:57'),
(271,'2020-01-06 15:53:17'),
(272,'2020-01-06 15:54:44'),
(273,'2020-01-06 15:59:33'),
(274,'2020-01-06 16:05:08'),
(275,'2020-01-06 15:47:14'),
(276,'2020-01-06 15:49:00'),
(277,'2020-01-06 15:40:23'),
(278,'2020-01-06 15:58:10'),
(279,'2020-01-06 16:05:03'),
(280,'2020-01-06 15:53:42'),
(281,'2020-01-06 15:57:23'),
(282,'2020-01-06 15:30:46'),
(283,'2020-01-06 16:05:11'),
(284,'2020-01-06 15:38:27'),
(285,'2020-01-06 16:04:41'),
(286,'2020-01-06 15:45:09'),
(287,'2020-01-06 15:48:25'),
(288,'2020-01-06 16:01:26'),
(289,'2020-01-06 17:55:33'),
(290,'2020-01-06 17:57:24'),
(291,'2020-01-06 17:50:53'),
(292,'2020-01-06 17:52:19'),
(293,'2020-01-06 17:49:41'),
(294,'2020-01-06 17:52:19'),
(295,'2020-01-06 17:52:11'),
(296,'2020-01-06 17:45:58'),
(297,'2020-01-06 17:49:20'),
(298,'2020-01-06 17:45:08'),
(299,'2020-01-07 10:58:36'),
(300,'2020-01-07 10:57:21'),
(301,'2020-01-07 10:56:01'),
(302,'2020-01-07 10:55:06'),
(303,'2020-01-07 10:54:52'),
(304,'2020-01-07 10:59:10'),
(305,'2020-01-07 10:57:12'),
(306,'2020-01-07 10:57:13'),
(307,'2020-01-07 10:54:51'),
(308,'2020-01-07 10:55:28'),
(309,'2020-01-07 15:43:39'),
(310,'2020-01-07 15:55:43'),
(311,'2020-01-07 15:41:36'),
(312,'2020-01-07 15:54:54'),
(313,'2020-01-07 15:54:16'),
(314,'2020-01-07 16:04:37'),
(315,'2020-01-07 15:34:09'),
(316,'2020-01-07 15:40:42'),
(317,'2020-01-07 15:50:23'),
(318,'2020-01-07 15:46:18'),
(319,'2020-01-07 15:52:05'),
(320,'2020-01-07 15:57:04'),
(321,'2020-01-07 16:06:20'),
(322,'2020-01-07 16:03:57'),
(323,'2020-01-07 16:02:36'),
(324,'2020-01-07 15:42:32'),
(325,'2020-01-07 15:41:30'),
(326,'2020-01-07 15:38:01'),
(327,'2020-01-07 15:54:37'),
(328,'2020-01-07 16:01:33'),
(329,'2020-01-07 15:57:13'),
(330,'2020-01-07 15:55:25'),
(331,'2020-01-07 15:45:12'),
(332,'2020-01-07 15:52:22'),
(333,'2020-01-07 15:39:00'),
(334,'2020-01-07 15:58:25'),
(335,'2020-01-07 15:49:28'),
(336,'2020-01-07 16:04:52'),
(337,'2020-01-07 15:34:57'),
(338,'2020-01-07 15:38:43'),
(339,'2020-01-07 17:53:01'),
(340,'2020-01-07 17:48:23'),
(341,'2020-01-07 17:49:51'),
(342,'2020-01-07 17:43:36'),
(343,'2020-01-07 17:46:36'),
(344,'2020-01-07 17:47:29'),
(345,'2020-01-07 17:55:20'),
(346,'2020-01-07 17:45:59'),
(347,'2020-01-07 17:52:32'),
(348,'2020-01-07 17:47:47'),
(349,'2020-01-08 10:59:27'),
(350,'2020-01-08 10:57:28'),
(351,'2020-01-08 10:53:43'),
(352,'2020-01-08 11:00:19'),
(353,'2020-01-08 10:58:52'),
(354,'2020-01-08 10:52:06'),
(355,'2020-01-08 10:55:16'),
(356,'2020-01-08 10:58:01'),
(357,'2020-01-08 10:56:24'),
(358,'2020-01-08 10:58:05'),
(359,'2020-01-08 16:06:28'),
(360,'2020-01-08 15:55:59'),
(361,'2020-01-08 15:52:51'),
(362,'2020-01-08 15:57:35'),
(363,'2020-01-08 15:44:53'),
(364,'2020-01-08 16:02:01'),
(365,'2020-01-08 15:40:30'),
(366,'2020-01-08 15:43:47'),
(367,'2020-01-08 16:00:06'),
(368,'2020-01-08 16:01:00'),
(369,'2020-01-08 15:34:13'),
(370,'2020-01-08 15:58:18'),
(371,'2020-01-08 15:40:34'),
(372,'2020-01-08 16:07:54'),
(373,'2020-01-08 16:04:12'),
(374,'2020-01-08 15:59:57'),
(375,'2020-01-08 15:56:22'),
(376,'2020-01-08 15:51:51'),
(377,'2020-01-08 16:08:46'),
(378,'2020-01-08 15:35:27'),
(379,'2020-01-08 15:44:12'),
(380,'2020-01-08 15:48:40'),
(381,'2020-01-08 16:08:23'),
(382,'2020-01-08 16:06:20'),
(383,'2020-01-08 16:03:38'),
(384,'2020-01-08 16:00:49'),
(385,'2020-01-08 16:04:45'),
(386,'2020-01-08 15:40:45'),
(387,'2020-01-08 15:54:44'),
(388,'2020-01-08 15:56:21'),
(389,'2020-01-08 17:47:35'),
(390,'2020-01-08 17:54:29'),
(391,'2020-01-08 17:49:56'),
(392,'2020-01-08 17:46:53'),
(393,'2020-01-08 17:49:06'),
(394,'2020-01-08 17:49:49'),
(395,'2020-01-08 17:52:10'),
(396,'2020-01-08 17:50:25'),
(397,'2020-01-08 17:50:01'),
(398,'2020-01-08 17:50:38'),
(399,'2020-01-09 10:55:40'),
(400,'2020-01-09 10:57:33'),
(401,'2020-01-09 10:56:44'),
(402,'2020-01-09 10:52:46'),
(403,'2020-01-09 10:53:54'),
(404,'2020-01-09 10:58:09'),
(405,'2020-01-09 10:57:09'),
(406,'2020-01-09 10:58:57'),
(407,'2020-01-09 10:57:21'),
(408,'2020-01-09 10:57:23'),
(409,'2020-01-09 15:59:21'),
(410,'2020-01-09 15:41:42'),
(411,'2020-01-09 15:57:32'),
(412,'2020-01-09 15:55:54'),
(413,'2020-01-09 15:42:14'),
(414,'2020-01-09 16:07:53'),
(415,'2020-01-09 15:50:41'),
(416,'2020-01-09 16:02:04'),
(417,'2020-01-09 16:12:43'),
(418,'2020-01-09 16:03:02'),
(419,'2020-01-09 15:48:24'),
(420,'2020-01-09 16:02:50'),
(421,'2020-01-09 15:46:23'),
(422,'2020-01-09 15:48:36'),
(423,'2020-01-09 15:57:40'),
(424,'2020-01-09 16:04:06'),
(425,'2020-01-09 16:06:27'),
(426,'2020-01-09 15:47:39'),
(427,'2020-01-09 15:50:37'),
(428,'2020-01-09 16:01:53'),
(429,'2020-01-09 15:36:36'),
(430,'2020-01-09 16:01:51'),
(431,'2020-01-09 16:03:40'),
(432,'2020-01-09 16:00:38'),
(433,'2020-01-09 15:49:50'),
(434,'2020-01-09 15:38:25'),
(435,'2020-01-09 16:06:48'),
(436,'2020-01-09 15:47:12'),
(437,'2020-01-09 16:03:13'),
(438,'2020-01-09 16:09:05'),
(439,'2020-01-09 17:49:16'),
(440,'2020-01-09 17:44:54'),
(441,'2020-01-09 17:42:45'),
(442,'2020-01-09 17:53:55'),
(443,'2020-01-09 17:48:55'),
(444,'2020-01-09 17:42:17'),
(445,'2020-01-09 17:44:52'),
(446,'2020-01-09 17:51:28'),
(447,'2020-01-09 17:50:22'),
(448,'2020-01-09 17:53:41'),
(449,'2020-01-10 10:54:17'),
(450,'2020-01-10 11:00:53'),
(451,'2020-01-10 10:57:51'),
(452,'2020-01-10 10:55:57'),
(453,'2020-01-10 10:58:39'),
(454,'2020-01-10 10:52:36'),
(455,'2020-01-10 10:58:24'),
(456,'2020-01-10 10:57:23'),
(457,'2020-01-10 10:59:34'),
(458,'2020-01-10 10:56:45'),
(459,'2020-01-10 15:51:52'),
(460,'2020-01-10 15:54:05'),
(461,'2020-01-10 15:53:46'),
(462,'2020-01-10 15:55:31'),
(463,'2020-01-10 16:01:45'),
(464,'2020-01-10 15:59:40'),
(465,'2020-01-10 15:41:37'),
(466,'2020-01-10 15:55:45'),
(467,'2020-01-10 16:05:13'),
(468,'2020-01-10 16:08:00'),
(469,'2020-01-10 16:05:44'),
(470,'2020-01-10 16:07:01'),
(471,'2020-01-10 15:47:26'),
(472,'2020-01-10 15:38:32'),
(473,'2020-01-10 15:58:28'),
(474,'2020-01-10 15:46:25'),
(475,'2020-01-10 15:52:10'),
(476,'2020-01-10 15:44:13'),
(477,'2020-01-10 15:46:08'),
(478,'2020-01-10 16:01:42'),
(479,'2020-01-10 16:06:27'),
(480,'2020-01-10 15:41:48'),
(481,'2020-01-10 16:04:23'),
(482,'2020-01-10 16:00:06'),
(483,'2020-01-10 15:48:31'),
(484,'2020-01-10 15:43:43'),
(485,'2020-01-10 15:51:15'),
(486,'2020-01-10 15:48:50'),
(487,'2020-01-10 16:07:39'),
(488,'2020-01-10 15:37:12'),
(489,'2020-01-10 17:51:48'),
(490,'2020-01-10 17:47:24'),
(491,'2020-01-10 17:48:12'),
(492,'2020-01-10 17:49:55'),
(493,'2020-01-10 17:52:42'),
(494,'2020-01-10 17:48:52'),
(495,'2020-01-10 17:49:30'),
(496,'2020-01-10 17:53:39'),
(497,'2020-01-10 17:44:25'),
(498,'2020-01-10 17:46:36'),
(499,'2020-01-10 17:50:58'),
(500,'2020-01-11 10:56:42'),
(501,'2020-01-11 10:57:53'),
(502,'2020-01-11 10:56:42'),
(503,'2020-01-11 10:58:47'),
(504,'2020-01-11 10:58:58'),
(505,'2020-01-11 10:56:04'),
(506,'2020-01-11 10:58:14'),
(507,'2020-01-11 10:54:23'),
(508,'2020-01-11 10:57:24'),
(509,'2020-01-11 11:01:03'),
(510,'2020-01-11 10:53:28'),
(511,'2020-01-11 15:53:23'),
(512,'2020-01-11 15:44:04'),
(513,'2020-01-11 15:43:08'),
(514,'2020-01-11 15:51:50'),
(515,'2020-01-11 16:02:54'),
(516,'2020-01-11 15:43:42'),
(517,'2020-01-11 15:43:43'),
(518,'2020-01-11 15:47:56'),
(519,'2020-01-11 15:47:58'),
(520,'2020-01-11 15:44:50'),
(521,'2020-01-11 15:57:16'),
(522,'2020-01-11 16:07:49'),
(523,'2020-01-11 15:52:58'),
(524,'2020-01-11 15:42:26'),
(525,'2020-01-11 15:42:38'),
(526,'2020-01-11 16:04:09'),
(527,'2020-01-11 15:35:22'),
(528,'2020-01-11 15:50:17'),
(529,'2020-01-11 15:48:58'),
(530,'2020-01-11 15:43:41'),
(531,'2020-01-11 16:02:14'),
(532,'2020-01-11 15:44:04'),
(533,'2020-01-11 15:45:23'),
(534,'2020-01-11 16:09:17'),
(535,'2020-01-11 15:48:28'),
(536,'2020-01-11 15:54:32'),
(537,'2020-01-11 16:02:39'),
(538,'2020-01-11 15:55:51'),
(539,'2020-01-11 16:04:28'),
(540,'2020-01-11 15:46:13'),
(541,'2020-01-11 17:55:14'),
(542,'2020-01-11 17:48:52'),
(543,'2020-01-11 17:52:54'),
(544,'2020-01-11 17:45:18'),
(545,'2020-01-11 17:54:06'),
(546,'2020-01-11 17:51:10'),
(547,'2020-01-11 17:49:22'),
(548,'2020-01-11 17:50:22'),
(549,'2020-01-11 17:50:48'),
(550,'2020-01-11 17:46:17'),
(551,'2020-01-11 17:47:04'),
(552,'2020-01-12 10:54:46'),
(553,'2020-01-12 11:00:04'),
(554,'2020-01-12 10:53:26'),
(555,'2020-01-12 10:59:10'),
(556,'2020-01-12 10:53:00'),
(557,'2020-01-12 10:55:48'),
(558,'2020-01-12 11:00:06'),
(559,'2020-01-12 10:57:22'),
(560,'2020-01-12 11:01:04'),
(561,'2020-01-12 10:55:48'),
(562,'2020-01-12 10:57:08'),
(563,'2020-01-12 15:58:41'),
(564,'2020-01-12 15:46:37'),
(565,'2020-01-12 15:32:52'),
(566,'2020-01-12 15:56:25'),
(567,'2020-01-12 15:38:52'),
(568,'2020-01-12 15:46:48'),
(569,'2020-01-12 15:58:10'),
(570,'2020-01-12 15:57:27'),
(571,'2020-01-12 16:07:00'),
(572,'2020-01-12 15:39:56'),
(573,'2020-01-12 15:51:24'),
(574,'2020-01-12 16:04:48'),
(575,'2020-01-12 15:59:39'),
(576,'2020-01-12 15:52:16'),
(577,'2020-01-12 15:42:01'),
(578,'2020-01-12 15:50:12'),
(579,'2020-01-12 16:06:03'),
(580,'2020-01-12 15:46:13'),
(581,'2020-01-12 16:01:33'),
(582,'2020-01-12 15:41:09'),
(583,'2020-01-12 15:41:44'),
(584,'2020-01-12 16:13:18'),
(585,'2020-01-12 15:48:48'),
(586,'2020-01-12 15:40:14'),
(587,'2020-01-12 15:59:52'),
(588,'2020-01-12 15:39:22'),
(589,'2020-01-12 15:59:22'),
(590,'2020-01-12 15:52:45'),
(591,'2020-01-12 16:04:23'),
(592,'2020-01-12 15:51:01'),
(593,'2020-01-12 17:46:54'),
(594,'2020-01-12 17:44:34'),
(595,'2020-01-12 17:49:37'),
(596,'2020-01-12 17:52:35'),
(597,'2020-01-12 17:48:10'),
(598,'2020-01-12 17:52:50'),
(599,'2020-01-12 17:44:15'),
(600,'2020-01-12 17:52:46'),
(601,'2020-01-12 17:45:48'),
(602,'2020-01-12 17:50:30'),
(603,'2020-01-13 10:57:14'),
(604,'2020-01-13 10:56:44'),
(605,'2020-01-13 10:55:40'),
(606,'2020-01-13 10:54:52'),
(607,'2020-01-13 10:58:26'),
(608,'2020-01-13 10:56:01'),
(609,'2020-01-13 10:59:03'),
(610,'2020-01-13 10:58:47'),
(611,'2020-01-13 10:53:00'),
(612,'2020-01-13 10:55:46'),
(613,'2020-01-13 16:04:11'),
(614,'2020-01-13 15:36:12'),
(615,'2020-01-13 15:44:28'),
(616,'2020-01-13 15:59:08'),
(617,'2020-01-13 15:47:28'),
(618,'2020-01-13 16:09:53'),
(619,'2020-01-13 15:57:09'),
(620,'2020-01-13 15:51:28'),
(621,'2020-01-13 15:47:54'),
(622,'2020-01-13 15:49:29'),
(623,'2020-01-13 15:39:40'),
(624,'2020-01-13 15:50:02'),
(625,'2020-01-13 15:47:01'),
(626,'2020-01-13 16:01:57'),
(627,'2020-01-13 15:35:16'),
(628,'2020-01-13 15:50:39'),
(629,'2020-01-13 16:03:36'),
(630,'2020-01-13 16:02:24'),
(631,'2020-01-13 15:49:32'),
(632,'2020-01-13 16:01:46'),
(633,'2020-01-13 16:01:50'),
(634,'2020-01-13 15:36:33'),
(635,'2020-01-13 15:53:35'),
(636,'2020-01-13 16:07:44'),
(637,'2020-01-13 15:38:23'),
(638,'2020-01-13 15:57:33'),
(639,'2020-01-13 15:42:00'),
(640,'2020-01-13 15:38:25'),
(641,'2020-01-13 15:40:45'),
(642,'2020-01-13 15:52:44'),
(643,'2020-01-13 17:51:10'),
(644,'2020-01-13 17:53:49'),
(645,'2020-01-13 17:51:08'),
(646,'2020-01-13 17:51:06'),
(647,'2020-01-13 17:42:59'),
(648,'2020-01-13 17:49:50'),
(649,'2020-01-13 17:46:17'),
(650,'2020-01-13 17:52:04'),
(651,'2020-01-13 17:49:51'),
(652,'2020-01-13 17:55:04'),
(653,'2020-01-13 17:56:28'),
(654,'2020-01-14 10:58:16'),
(655,'2020-01-14 10:56:19'),
(656,'2020-01-14 10:56:44'),
(657,'2020-01-14 10:57:26'),
(658,'2020-01-14 10:58:21'),
(659,'2020-01-14 10:57:59'),
(660,'2020-01-14 10:56:24'),
(661,'2020-01-14 10:58:45'),
(662,'2020-01-14 11:01:11'),
(663,'2020-01-14 10:55:26'),
(664,'2020-01-14 10:54:57'),
(665,'2020-01-14 15:47:09'),
(666,'2020-01-14 15:54:47'),
(667,'2020-01-14 16:06:54'),
(668,'2020-01-14 15:59:52'),
(669,'2020-01-14 15:40:39'),
(670,'2020-01-14 15:44:38'),
(671,'2020-01-14 15:42:01'),
(672,'2020-01-14 15:45:27'),
(673,'2020-01-14 15:56:49'),
(674,'2020-01-14 16:09:41'),
(675,'2020-01-14 15:58:50'),
(676,'2020-01-14 15:46:12'),
(677,'2020-01-14 15:54:10'),
(678,'2020-01-14 15:44:36'),
(679,'2020-01-14 15:48:06'),
(680,'2020-01-14 15:40:21'),
(681,'2020-01-14 15:57:01'),
(682,'2020-01-14 16:00:28'),
(683,'2020-01-14 15:56:02'),
(684,'2020-01-14 15:59:25'),
(685,'2020-01-14 15:59:40'),
(686,'2020-01-14 15:43:42'),
(687,'2020-01-14 15:59:00'),
(688,'2020-01-14 15:59:08'),
(689,'2020-01-14 16:04:01'),
(690,'2020-01-14 15:55:24'),
(691,'2020-01-14 15:52:01'),
(692,'2020-01-14 15:58:00'),
(693,'2020-01-14 16:03:49'),
(694,'2020-01-14 15:46:45'),
(695,'2020-01-14 17:44:34'),
(696,'2020-01-14 17:47:08'),
(697,'2020-01-14 17:49:35'),
(698,'2020-01-14 17:53:25'),
(699,'2020-01-14 17:49:06'),
(700,'2020-01-14 17:46:28'),
(701,'2020-01-14 17:47:45'),
(702,'2020-01-14 17:47:34'),
(703,'2020-01-14 17:44:17'),
(704,'2020-01-15 10:59:49'),
(705,'2020-01-15 10:53:07'),
(706,'2020-01-15 10:58:17'),
(707,'2020-01-15 10:55:31'),
(708,'2020-01-15 10:54:13'),
(709,'2020-01-15 10:53:00'),
(710,'2020-01-15 11:00:21'),
(711,'2020-01-15 10:56:02'),
(712,'2020-01-15 10:55:18'),
(713,'2020-01-15 15:35:08'),
(714,'2020-01-15 15:49:56'),
(715,'2020-01-15 15:49:32'),
(716,'2020-01-15 15:48:52'),
(717,'2020-01-15 15:50:32'),
(718,'2020-01-15 16:03:31'),
(719,'2020-01-15 15:41:32'),
(720,'2020-01-15 15:37:47'),
(721,'2020-01-15 15:46:47'),
(722,'2020-01-15 15:41:52'),
(723,'2020-01-15 16:04:26'),
(724,'2020-01-15 15:40:20'),
(725,'2020-01-15 15:51:52'),
(726,'2020-01-15 15:42:02'),
(727,'2020-01-15 15:41:14'),
(728,'2020-01-15 15:59:55'),
(729,'2020-01-15 16:02:14'),
(730,'2020-01-15 15:46:01'),
(731,'2020-01-15 15:43:49'),
(732,'2020-01-15 15:53:50'),
(733,'2020-01-15 15:57:46'),
(734,'2020-01-15 15:40:03'),
(735,'2020-01-15 15:52:43'),
(736,'2020-01-15 16:00:43'),
(737,'2020-01-15 16:08:54'),
(738,'2020-01-15 16:08:40'),
(739,'2020-01-15 15:40:56'),
(740,'2020-01-15 15:49:41'),
(741,'2020-01-15 15:46:04'),
(742,'2020-01-15 15:53:12'),
(743,'2020-01-15 17:49:55'),
(744,'2020-01-15 17:54:35'),
(745,'2020-01-15 17:50:00'),
(746,'2020-01-15 17:50:12'),
(747,'2020-01-15 17:56:07'),
(748,'2020-01-15 17:55:13'),
(749,'2020-01-15 17:50:24'),
(750,'2020-01-15 17:47:43'),
(751,'2020-01-15 17:46:49'),
(752,'2020-01-15 17:52:30'),
(753,'2020-01-16 10:57:24'),
(754,'2020-01-16 11:01:17'),
(755,'2020-01-16 10:55:17'),
(756,'2020-01-16 10:57:38'),
(757,'2020-01-16 10:58:39'),
(758,'2020-01-16 10:56:28'),
(759,'2020-01-16 10:55:05'),
(760,'2020-01-16 11:02:05'),
(761,'2020-01-16 10:57:04'),
(762,'2020-01-16 10:58:11'),
(763,'2020-01-16 15:50:20'),
(764,'2020-01-16 15:55:33'),
(765,'2020-01-16 15:38:28'),
(766,'2020-01-16 15:59:18'),
(767,'2020-01-16 15:59:31'),
(768,'2020-01-16 15:45:01'),
(769,'2020-01-16 15:44:19'),
(770,'2020-01-16 16:04:14'),
(771,'2020-01-16 16:02:09'),
(772,'2020-01-16 15:57:31'),
(773,'2020-01-16 16:01:47'),
(774,'2020-01-16 15:46:47'),
(775,'2020-01-16 15:55:58'),
(776,'2020-01-16 15:53:49'),
(777,'2020-01-16 15:59:00'),
(778,'2020-01-16 16:10:43'),
(779,'2020-01-16 15:50:06'),
(780,'2020-01-16 15:58:49'),
(781,'2020-01-16 15:47:35'),
(782,'2020-01-16 15:57:30'),
(783,'2020-01-16 15:46:18'),
(784,'2020-01-16 15:49:17'),
(785,'2020-01-16 15:55:11'),
(786,'2020-01-16 15:43:34'),
(787,'2020-01-16 15:54:50'),
(788,'2020-01-16 15:45:57'),
(789,'2020-01-16 15:50:16'),
(790,'2020-01-16 15:49:02'),
(791,'2020-01-16 15:50:50'),
(792,'2020-01-16 16:03:36'),
(793,'2020-01-16 17:46:13'),
(794,'2020-01-16 17:48:47'),
(795,'2020-01-16 17:50:16'),
(796,'2020-01-16 17:44:56'),
(797,'2020-01-16 17:51:13'),
(798,'2020-01-16 17:51:43'),
(799,'2020-01-16 17:48:24'),
(800,'2020-01-16 17:44:32'),
(801,'2020-01-16 17:49:08'),
(802,'2020-01-16 17:51:53'),
(803,'2020-01-17 10:55:21'),
(804,'2020-01-17 10:59:35'),
(805,'2020-01-17 10:54:06'),
(806,'2020-01-17 10:58:06'),
(807,'2020-01-17 10:53:41'),
(808,'2020-01-17 10:56:25'),
(809,'2020-01-17 10:55:48'),
(810,'2020-01-17 10:57:11'),
(811,'2020-01-17 10:55:56'),
(812,'2020-01-17 10:58:57'),
(813,'2020-01-17 15:58:45'),
(814,'2020-01-17 15:45:46'),
(815,'2020-01-17 16:02:43'),
(816,'2020-01-17 16:05:19'),
(817,'2020-01-17 16:00:56'),
(818,'2020-01-17 15:42:41'),
(819,'2020-01-17 15:55:27'),
(820,'2020-01-17 16:02:49'),
(821,'2020-01-17 15:57:50'),
(822,'2020-01-17 16:10:50'),
(823,'2020-01-17 16:06:37'),
(824,'2020-01-17 15:52:46'),
(825,'2020-01-17 16:12:35'),
(826,'2020-01-17 15:49:45'),
(827,'2020-01-17 15:51:12'),
(828,'2020-01-17 16:12:14'),
(829,'2020-01-17 16:08:22'),
(830,'2020-01-17 15:49:02'),
(831,'2020-01-17 15:53:10'),
(832,'2020-01-17 15:44:26'),
(833,'2020-01-17 15:39:22'),
(834,'2020-01-17 15:53:08'),
(835,'2020-01-17 16:06:02'),
(836,'2020-01-17 16:11:21'),
(837,'2020-01-17 15:41:24'),
(838,'2020-01-17 16:10:33'),
(839,'2020-01-17 15:41:00'),
(840,'2020-01-17 16:09:21'),
(841,'2020-01-17 16:09:00'),
(842,'2020-01-17 15:49:44'),
(843,'2020-01-17 17:46:13'),
(844,'2020-01-17 17:55:01'),
(845,'2020-01-17 17:52:26'),
(846,'2020-01-17 17:47:31'),
(847,'2020-01-17 17:50:34'),
(848,'2020-01-17 17:46:54'),
(849,'2020-01-17 17:49:02'),
(850,'2020-01-17 17:46:59'),
(851,'2020-01-17 17:51:57'),
(852,'2020-01-17 17:49:45'),
(853,'2020-01-18 10:58:15'),
(854,'2020-01-18 10:53:57'),
(855,'2020-01-18 10:56:45'),
(856,'2020-01-18 10:56:58'),
(857,'2020-01-18 10:55:42'),
(858,'2020-01-18 10:57:20'),
(859,'2020-01-18 10:56:39'),
(860,'2020-01-18 10:53:33'),
(861,'2020-01-18 10:57:58'),
(862,'2020-01-18 10:56:57'),
(863,'2020-01-18 15:34:47'),
(864,'2020-01-18 16:00:31'),
(865,'2020-01-18 15:40:03'),
(866,'2020-01-18 15:42:24'),
(867,'2020-01-18 15:51:12'),
(868,'2020-01-18 15:44:57'),
(869,'2020-01-18 15:57:20'),
(870,'2020-01-18 16:00:30'),
(871,'2020-01-18 15:49:32'),
(872,'2020-01-18 16:10:53'),
(873,'2020-01-18 15:58:43'),
(874,'2020-01-18 15:57:51'),
(875,'2020-01-18 16:09:35'),
(876,'2020-01-18 15:52:20'),
(877,'2020-01-18 15:37:34'),
(878,'2020-01-18 15:45:45'),
(879,'2020-01-18 15:56:44'),
(880,'2020-01-18 15:47:33'),
(881,'2020-01-18 15:47:44'),
(882,'2020-01-18 15:39:31'),
(883,'2020-01-18 15:52:48'),
(884,'2020-01-18 15:46:26'),
(885,'2020-01-18 15:57:50'),
(886,'2020-01-18 15:40:13'),
(887,'2020-01-18 15:51:36'),
(888,'2020-01-18 16:03:56'),
(889,'2020-01-18 16:03:07'),
(890,'2020-01-18 15:45:58'),
(891,'2020-01-18 15:57:20'),
(892,'2020-01-18 16:00:39'),
(893,'2020-01-18 17:57:03'),
(894,'2020-01-18 17:48:38'),
(895,'2020-01-18 17:48:21'),
(896,'2020-01-18 17:49:41'),
(897,'2020-01-18 17:46:35'),
(898,'2020-01-18 17:47:51'),
(899,'2020-01-18 17:47:34'),
(900,'2020-01-18 17:53:22'),
(901,'2020-01-18 17:51:00'),
(902,'2020-01-18 17:50:21'),
(903,'2020-01-18 17:45:05'),
(904,'2020-01-19 10:55:24'),
(905,'2020-01-19 10:57:54'),
(906,'2020-01-19 10:59:49'),
(907,'2020-01-19 10:57:11'),
(908,'2020-01-19 10:59:46'),
(909,'2020-01-19 10:54:35'),
(910,'2020-01-19 10:56:30'),
(911,'2020-01-19 10:58:04'),
(912,'2020-01-19 10:56:32'),
(913,'2020-01-19 10:58:09'),
(914,'2020-01-19 10:59:22'),
(915,'2020-01-19 15:41:54'),
(916,'2020-01-19 16:02:56'),
(917,'2020-01-19 15:42:21'),
(918,'2020-01-19 16:00:58'),
(919,'2020-01-19 15:52:16'),
(920,'2020-01-19 15:58:46'),
(921,'2020-01-19 15:39:26'),
(922,'2020-01-19 15:57:55'),
(923,'2020-01-19 15:46:49'),
(924,'2020-01-19 15:52:20'),
(925,'2020-01-19 15:53:19'),
(926,'2020-01-19 16:06:15'),
(927,'2020-01-19 15:45:00'),
(928,'2020-01-19 15:57:57'),
(929,'2020-01-19 15:53:04'),
(930,'2020-01-19 16:04:54'),
(931,'2020-01-19 16:01:55'),
(932,'2020-01-19 16:10:26'),
(933,'2020-01-19 15:49:09'),
(934,'2020-01-19 16:07:43'),
(935,'2020-01-19 16:03:34'),
(936,'2020-01-19 15:58:58'),
(937,'2020-01-19 15:59:09'),
(938,'2020-01-19 16:14:37'),
(939,'2020-01-19 15:48:05'),
(940,'2020-01-19 15:45:38'),
(941,'2020-01-19 15:40:25'),
(942,'2020-01-19 16:08:53'),
(943,'2020-01-19 15:43:41'),
(944,'2020-01-19 15:38:34'),
(945,'2020-01-19 17:50:14'),
(946,'2020-01-19 17:47:19'),
(947,'2020-01-19 17:49:21'),
(948,'2020-01-19 17:46:27'),
(949,'2020-01-19 17:51:22'),
(950,'2020-01-19 17:53:04'),
(951,'2020-01-19 17:45:44'),
(952,'2020-01-19 17:49:44'),
(953,'2020-01-19 17:47:10'),
(954,'2020-01-19 17:45:33'),
(955,'2020-01-19 17:41:22'),
(956,'2020-01-20 10:54:48'),
(957,'2020-01-20 10:56:45'),
(958,'2020-01-20 10:56:36'),
(959,'2020-01-20 10:58:11'),
(960,'2020-01-20 11:00:19'),
(961,'2020-01-20 10:58:45'),
(962,'2020-01-20 10:58:37'),
(963,'2020-01-20 10:57:23'),
(964,'2020-01-20 10:55:16'),
(965,'2020-01-20 10:54:58'),
(966,'2020-01-20 10:57:32'),
(967,'2020-01-20 15:50:34'),
(968,'2020-01-20 16:09:32'),
(969,'2020-01-20 15:55:44'),
(970,'2020-01-20 15:54:48'),
(971,'2020-01-20 16:04:25'),
(972,'2020-01-20 15:40:02'),
(973,'2020-01-20 15:55:30'),
(974,'2020-01-20 16:07:52'),
(975,'2020-01-20 15:48:10'),
(976,'2020-01-20 15:44:07'),
(977,'2020-01-20 15:46:04'),
(978,'2020-01-20 15:45:40'),
(979,'2020-01-20 16:00:41'),
(980,'2020-01-20 15:40:52'),
(981,'2020-01-20 15:38:08'),
(982,'2020-01-20 15:53:52'),
(983,'2020-01-20 16:02:21'),
(984,'2020-01-20 16:05:49'),
(985,'2020-01-20 16:05:05'),
(986,'2020-01-20 15:52:19'),
(987,'2020-01-20 15:53:56'),
(988,'2020-01-20 16:00:58'),
(989,'2020-01-20 16:00:59'),
(990,'2020-01-20 16:02:14'),
(991,'2020-01-20 16:04:06'),
(992,'2020-01-20 16:10:10'),
(993,'2020-01-20 15:47:47'),
(994,'2020-01-20 16:03:51'),
(995,'2020-01-20 15:44:54'),
(996,'2020-01-20 15:55:48'),
(997,'2020-01-20 17:45:07'),
(998,'2020-01-20 17:42:47'),
(999,'2020-01-20 17:48:43'),
(1000,'2020-01-20 17:53:49'),
(1001,'2020-01-20 17:47:07'),
(1002,'2020-01-20 17:45:08'),
(1003,'2020-01-20 17:53:28'),
(1004,'2020-01-20 17:49:07'),
(1005,'2020-01-20 17:55:11'),
(1006,'2020-01-21 11:00:21'),
(1007,'2020-01-21 10:58:42'),
(1008,'2020-01-21 10:58:45'),
(1009,'2020-01-21 10:59:28'),
(1010,'2020-01-21 10:54:14'),
(1011,'2020-01-21 11:01:53'),
(1012,'2020-01-21 10:53:17'),
(1013,'2020-01-21 10:57:33'),
(1014,'2020-01-21 10:55:14'),
(1015,'2020-01-21 15:57:46'),
(1016,'2020-01-21 15:49:14'),
(1017,'2020-01-21 15:48:50'),
(1018,'2020-01-21 15:35:48'),
(1019,'2020-01-21 15:43:07'),
(1020,'2020-01-21 15:44:42'),
(1021,'2020-01-21 15:50:51'),
(1022,'2020-01-21 16:03:04'),
(1023,'2020-01-21 15:37:34'),
(1024,'2020-01-21 16:04:54'),
(1025,'2020-01-21 15:56:27'),
(1026,'2020-01-21 15:42:17'),
(1027,'2020-01-21 15:42:47'),
(1028,'2020-01-21 16:00:31'),
(1029,'2020-01-21 15:56:20'),
(1030,'2020-01-21 15:48:35'),
(1031,'2020-01-21 16:09:38'),
(1032,'2020-01-21 15:43:18'),
(1033,'2020-01-21 15:38:27'),
(1034,'2020-01-21 15:56:36'),
(1035,'2020-01-21 15:46:24'),
(1036,'2020-01-21 15:53:52'),
(1037,'2020-01-21 16:08:19'),
(1038,'2020-01-21 15:36:29'),
(1039,'2020-01-21 15:53:57'),
(1040,'2020-01-21 15:47:53'),
(1041,'2020-01-21 15:46:33'),
(1042,'2020-01-21 16:04:23'),
(1043,'2020-01-21 15:38:56'),
(1044,'2020-01-21 15:40:09'),
(1045,'2020-01-21 17:47:39'),
(1046,'2020-01-21 17:51:36'),
(1047,'2020-01-21 17:49:30'),
(1048,'2020-01-21 17:48:00'),
(1049,'2020-01-21 17:47:36'),
(1050,'2020-01-21 17:55:49'),
(1051,'2020-01-21 17:57:11'),
(1052,'2020-01-21 17:45:22'),
(1053,'2020-01-21 17:51:12'),
(1054,'2020-01-21 17:49:52'),
(1055,'2020-01-22 10:56:30'),
(1056,'2020-01-22 10:54:40'),
(1057,'2020-01-22 10:58:27'),
(1058,'2020-01-22 10:59:39'),
(1059,'2020-01-22 10:58:58'),
(1060,'2020-01-22 10:55:51'),
(1061,'2020-01-22 10:53:15'),
(1062,'2020-01-22 10:56:53'),
(1063,'2020-01-22 10:55:56'),
(1064,'2020-01-22 11:01:12'),
(1065,'2020-01-22 15:37:18'),
(1066,'2020-01-22 15:51:46'),
(1067,'2020-01-22 16:00:08'),
(1068,'2020-01-22 16:04:58'),
(1069,'2020-01-22 15:44:33'),
(1070,'2020-01-22 16:01:01'),
(1071,'2020-01-22 15:49:11'),
(1072,'2020-01-22 15:42:51'),
(1073,'2020-01-22 15:51:03'),
(1074,'2020-01-22 16:06:02'),
(1075,'2020-01-22 16:02:01'),
(1076,'2020-01-22 15:49:50'),
(1077,'2020-01-22 16:08:43'),
(1078,'2020-01-22 15:39:05'),
(1079,'2020-01-22 16:01:53'),
(1080,'2020-01-22 15:52:48'),
(1081,'2020-01-22 16:07:51'),
(1082,'2020-01-22 15:56:38'),
(1083,'2020-01-22 16:02:51'),
(1084,'2020-01-22 15:57:00'),
(1085,'2020-01-22 16:09:32'),
(1086,'2020-01-22 16:03:02'),
(1087,'2020-01-22 16:01:04'),
(1088,'2020-01-22 15:53:04'),
(1089,'2020-01-22 15:56:49'),
(1090,'2020-01-22 16:03:13'),
(1091,'2020-01-22 15:46:55'),
(1092,'2020-01-22 16:05:08'),
(1093,'2020-01-22 15:58:22'),
(1094,'2020-01-22 15:51:49'),
(1095,'2020-01-22 17:48:12'),
(1096,'2020-01-22 17:50:04'),
(1097,'2020-01-22 17:50:56'),
(1098,'2020-01-22 17:52:23'),
(1099,'2020-01-22 17:49:23'),
(1100,'2020-01-22 17:55:48'),
(1101,'2020-01-22 17:48:30'),
(1102,'2020-01-22 17:55:56'),
(1103,'2020-01-22 17:52:16'),
(1104,'2020-01-22 17:49:10'),
(1105,'2020-01-23 11:01:28'),
(1106,'2020-01-23 10:55:47'),
(1107,'2020-01-23 10:52:26'),
(1108,'2020-01-23 10:54:00'),
(1109,'2020-01-23 10:54:33'),
(1110,'2020-01-23 10:54:18'),
(1111,'2020-01-23 10:57:35'),
(1112,'2020-01-23 10:56:31'),
(1113,'2020-01-23 11:00:11'),
(1114,'2020-01-23 10:54:16'),
(1115,'2020-01-23 16:03:59'),
(1116,'2020-01-23 16:08:40'),
(1117,'2020-01-23 16:05:04'),
(1118,'2020-01-23 16:00:36'),
(1119,'2020-01-23 15:52:03'),
(1120,'2020-01-23 15:55:14'),
(1121,'2020-01-23 15:57:19'),
(1122,'2020-01-23 15:43:35'),
(1123,'2020-01-23 16:02:43'),
(1124,'2020-01-23 15:48:06'),
(1125,'2020-01-23 15:46:15'),
(1126,'2020-01-23 15:47:43'),
(1127,'2020-01-23 15:45:33'),
(1128,'2020-01-23 16:03:45'),
(1129,'2020-01-23 15:59:31'),
(1130,'2020-01-23 15:44:42'),
(1131,'2020-01-23 16:11:14'),
(1132,'2020-01-23 16:07:36'),
(1133,'2020-01-23 16:07:25'),
(1134,'2020-01-23 15:56:55'),
(1135,'2020-01-23 15:59:38'),
(1136,'2020-01-23 15:57:44'),
(1137,'2020-01-23 16:05:41'),
(1138,'2020-01-23 16:06:54'),
(1139,'2020-01-23 16:01:05'),
(1140,'2020-01-23 16:01:09'),
(1141,'2020-01-23 16:00:15'),
(1142,'2020-01-23 16:00:10'),
(1143,'2020-01-23 15:43:07'),
(1144,'2020-01-23 16:01:40'),
(1145,'2020-01-23 17:50:23'),
(1146,'2020-01-23 17:47:43'),
(1147,'2020-01-23 17:45:00'),
(1148,'2020-01-23 17:45:35'),
(1149,'2020-01-23 17:50:32'),
(1150,'2020-01-23 17:51:45'),
(1151,'2020-01-23 17:48:50'),
(1152,'2020-01-23 17:45:24'),
(1153,'2020-01-23 17:48:31'),
(1154,'2020-01-23 17:50:48'),
(1155,'2020-01-24 10:59:10'),
(1156,'2020-01-24 10:55:30'),
(1157,'2020-01-24 10:57:14'),
(1158,'2020-01-24 10:55:22'),
(1159,'2020-01-24 10:57:28'),
(1160,'2020-01-24 10:57:09'),
(1161,'2020-01-24 10:58:47'),
(1162,'2020-01-24 10:55:45'),
(1163,'2020-01-24 10:57:32'),
(1164,'2020-01-24 10:54:36'),
(1165,'2020-01-24 15:57:12'),
(1166,'2020-01-24 16:09:48'),
(1167,'2020-01-24 15:59:30'),
(1168,'2020-01-24 15:59:20'),
(1169,'2020-01-24 15:50:02'),
(1170,'2020-01-24 15:48:34'),
(1171,'2020-01-24 15:38:25'),
(1172,'2020-01-24 15:53:24'),
(1173,'2020-01-24 15:53:44'),
(1174,'2020-01-24 16:00:33'),
(1175,'2020-01-24 15:49:22'),
(1176,'2020-01-24 15:46:11'),
(1177,'2020-01-24 15:58:22'),
(1178,'2020-01-24 15:56:54'),
(1179,'2020-01-24 15:43:01'),
(1180,'2020-01-24 15:47:19'),
(1181,'2020-01-24 16:00:07'),
(1182,'2020-01-24 15:44:49'),
(1183,'2020-01-24 16:01:51'),
(1184,'2020-01-24 15:39:11'),
(1185,'2020-01-24 15:41:49'),
(1186,'2020-01-24 16:05:53'),
(1187,'2020-01-24 15:46:47'),
(1188,'2020-01-24 15:40:28'),
(1189,'2020-01-24 15:46:47'),
(1190,'2020-01-24 16:15:31'),
(1191,'2020-01-24 16:07:57'),
(1192,'2020-01-24 15:52:19'),
(1193,'2020-01-24 16:04:07'),
(1194,'2020-01-24 15:52:51'),
(1195,'2020-01-24 17:50:54'),
(1196,'2020-01-24 17:55:37'),
(1197,'2020-01-24 17:54:11'),
(1198,'2020-01-24 17:50:21'),
(1199,'2020-01-24 17:50:24'),
(1200,'2020-01-24 17:46:30'),
(1201,'2020-01-24 17:49:44'),
(1202,'2020-01-24 17:48:28'),
(1203,'2020-01-24 17:51:11'),
(1204,'2020-01-24 17:48:54'),
(1205,'2020-01-25 10:59:03'),
(1206,'2020-01-25 10:55:50'),
(1207,'2020-01-25 10:54:45'),
(1208,'2020-01-25 10:56:18'),
(1209,'2020-01-25 10:58:29'),
(1210,'2020-01-25 10:58:02'),
(1211,'2020-01-25 10:57:44'),
(1212,'2020-01-25 10:56:35'),
(1213,'2020-01-25 10:57:54'),
(1214,'2020-01-25 10:56:18'),
(1215,'2020-01-25 15:50:12'),
(1216,'2020-01-25 15:48:36'),
(1217,'2020-01-25 15:33:40'),
(1218,'2020-01-25 16:10:14'),
(1219,'2020-01-25 15:59:03'),
(1220,'2020-01-25 16:04:11'),
(1221,'2020-01-25 15:54:08'),
(1222,'2020-01-25 16:00:06'),
(1223,'2020-01-25 16:04:30'),
(1224,'2020-01-25 15:51:36'),
(1225,'2020-01-25 15:50:53'),
(1226,'2020-01-25 16:07:06'),
(1227,'2020-01-25 16:04:06'),
(1228,'2020-01-25 15:58:30'),
(1229,'2020-01-25 15:58:06'),
(1230,'2020-01-25 15:44:47'),
(1231,'2020-01-25 15:58:43'),
(1232,'2020-01-25 16:08:12'),
(1233,'2020-01-25 15:45:52'),
(1234,'2020-01-25 15:55:33'),
(1235,'2020-01-25 15:50:29'),
(1236,'2020-01-25 16:12:50'),
(1237,'2020-01-25 15:46:05'),
(1238,'2020-01-25 16:05:07'),
(1239,'2020-01-25 16:00:16'),
(1240,'2020-01-25 15:45:24'),
(1241,'2020-01-25 16:00:37'),
(1242,'2020-01-25 16:04:14'),
(1243,'2020-01-25 15:48:17'),
(1244,'2020-01-25 15:40:07'),
(1245,'2020-01-25 17:50:00'),
(1246,'2020-01-25 17:46:32'),
(1247,'2020-01-25 17:49:52'),
(1248,'2020-01-25 17:51:28'),
(1249,'2020-01-25 17:44:52'),
(1250,'2020-01-25 17:45:29'),
(1251,'2020-01-25 17:51:06'),
(1252,'2020-01-25 17:44:19'),
(1253,'2020-01-25 17:48:38'),
(1254,'2020-01-25 17:52:57'),
(1255,'2020-01-26 10:53:26'),
(1256,'2020-01-26 10:59:59'),
(1257,'2020-01-26 10:57:58'),
(1258,'2020-01-26 11:01:17'),
(1259,'2020-01-26 10:58:28'),
(1260,'2020-01-26 10:57:23'),
(1261,'2020-01-26 10:57:27'),
(1262,'2020-01-26 10:57:42'),
(1263,'2020-01-26 11:00:29'),
(1264,'2020-01-26 10:55:24'),
(1265,'2020-01-26 15:36:47'),
(1266,'2020-01-26 16:06:28'),
(1267,'2020-01-26 15:54:11'),
(1268,'2020-01-26 16:06:24'),
(1269,'2020-01-26 15:42:20'),
(1270,'2020-01-26 15:45:44'),
(1271,'2020-01-26 15:54:32'),
(1272,'2020-01-26 15:53:32'),
(1273,'2020-01-26 15:58:39'),
(1274,'2020-01-26 15:42:41'),
(1275,'2020-01-26 15:48:08'),
(1276,'2020-01-26 16:00:53'),
(1277,'2020-01-26 15:51:08'),
(1278,'2020-01-26 15:38:03'),
(1279,'2020-01-26 15:49:49'),
(1280,'2020-01-26 15:48:03'),
(1281,'2020-01-26 15:50:24'),
(1282,'2020-01-26 15:58:08'),
(1283,'2020-01-26 15:34:57'),
(1284,'2020-01-26 16:00:30'),
(1285,'2020-01-26 15:46:25'),
(1286,'2020-01-26 15:42:56'),
(1287,'2020-01-26 15:44:15'),
(1288,'2020-01-26 16:06:31'),
(1289,'2020-01-26 16:01:50'),
(1290,'2020-01-26 15:54:01'),
(1291,'2020-01-26 15:57:36'),
(1292,'2020-01-26 15:48:15'),
(1293,'2020-01-26 15:59:19'),
(1294,'2020-01-26 16:00:35'),
(1295,'2020-01-26 17:54:58'),
(1296,'2020-01-26 17:56:59'),
(1297,'2020-01-26 17:47:58'),
(1298,'2020-01-26 17:48:11'),
(1299,'2020-01-26 17:50:02'),
(1300,'2020-01-26 17:46:36'),
(1301,'2020-01-26 17:52:32'),
(1302,'2020-01-26 17:51:16'),
(1303,'2020-01-26 17:49:53'),
(1304,'2020-01-26 17:53:31'),
(1305,'2020-01-27 10:55:32'),
(1306,'2020-01-27 10:58:43'),
(1307,'2020-01-27 10:57:39'),
(1308,'2020-01-27 10:58:32'),
(1309,'2020-01-27 10:57:01'),
(1310,'2020-01-27 11:01:21'),
(1311,'2020-01-27 10:58:40'),
(1312,'2020-01-27 10:57:22'),
(1313,'2020-01-27 10:55:52'),
(1314,'2020-01-27 10:58:13'),
(1315,'2020-01-27 15:54:13'),
(1316,'2020-01-27 15:48:30'),
(1317,'2020-01-27 15:37:58'),
(1318,'2020-01-27 16:06:08'),
(1319,'2020-01-27 15:46:04'),
(1320,'2020-01-27 15:44:04'),
(1321,'2020-01-27 15:57:27'),
(1322,'2020-01-27 16:10:56'),
(1323,'2020-01-27 15:52:43'),
(1324,'2020-01-27 15:50:29'),
(1325,'2020-01-27 15:54:50'),
(1326,'2020-01-27 16:00:22'),
(1327,'2020-01-27 15:47:35'),
(1328,'2020-01-27 15:59:59'),
(1329,'2020-01-27 15:49:22'),
(1330,'2020-01-27 15:53:59'),
(1331,'2020-01-27 15:56:19'),
(1332,'2020-01-27 16:01:24'),
(1333,'2020-01-27 16:08:55'),
(1334,'2020-01-27 15:41:38'),
(1335,'2020-01-27 15:52:27'),
(1336,'2020-01-27 16:10:25'),
(1337,'2020-01-27 15:59:11'),
(1338,'2020-01-27 16:11:34'),
(1339,'2020-01-27 15:37:02'),
(1340,'2020-01-27 15:43:02'),
(1341,'2020-01-27 16:04:57'),
(1342,'2020-01-27 15:57:40'),
(1343,'2020-01-27 16:04:49'),
(1344,'2020-01-27 15:46:14'),
(1345,'2020-01-27 17:45:17'),
(1346,'2020-01-27 17:49:50'),
(1347,'2020-01-27 17:49:11'),
(1348,'2020-01-27 17:48:18'),
(1349,'2020-01-27 17:48:22'),
(1350,'2020-01-27 17:48:29'),
(1351,'2020-01-27 17:50:16'),
(1352,'2020-01-27 17:48:59'),
(1353,'2020-01-27 17:56:14'),
(1354,'2020-01-27 17:52:39'),
(1355,'2020-01-27 17:43:17'),
(1356,'2020-01-28 10:56:37'),
(1357,'2020-01-28 10:58:44'),
(1358,'2020-01-28 10:57:16'),
(1359,'2020-01-28 10:59:50'),
(1360,'2020-01-28 10:56:32'),
(1361,'2020-01-28 10:56:05'),
(1362,'2020-01-28 10:52:36'),
(1363,'2020-01-28 10:56:33'),
(1364,'2020-01-28 10:59:19'),
(1365,'2020-01-28 11:01:18'),
(1366,'2020-01-28 10:52:52'),
(1367,'2020-01-28 15:46:14'),
(1368,'2020-01-28 16:01:51'),
(1369,'2020-01-28 15:46:00'),
(1370,'2020-01-28 15:46:46'),
(1371,'2020-01-28 15:39:09'),
(1372,'2020-01-28 16:03:12'),
(1373,'2020-01-28 16:04:24'),
(1374,'2020-01-28 15:59:40'),
(1375,'2020-01-28 16:03:12'),
(1376,'2020-01-28 16:08:14'),
(1377,'2020-01-28 15:47:04'),
(1378,'2020-01-28 15:57:31'),
(1379,'2020-01-28 16:01:27'),
(1380,'2020-01-28 16:08:01'),
(1381,'2020-01-28 15:50:00'),
(1382,'2020-01-28 16:17:25'),
(1383,'2020-01-28 15:48:40'),
(1384,'2020-01-28 16:04:38'),
(1385,'2020-01-28 15:42:33'),
(1386,'2020-01-28 16:04:05'),
(1387,'2020-01-28 15:59:59'),
(1388,'2020-01-28 15:53:04'),
(1389,'2020-01-28 16:05:12'),
(1390,'2020-01-28 15:49:17'),
(1391,'2020-01-28 15:56:42'),
(1392,'2020-01-28 16:08:47'),
(1393,'2020-01-28 15:56:09'),
(1394,'2020-01-28 16:12:17'),
(1395,'2020-01-28 16:08:23'),
(1396,'2020-01-28 15:46:26'),
(1397,'2020-01-28 17:52:41'),
(1398,'2020-01-28 17:53:33'),
(1399,'2020-01-28 17:46:48'),
(1400,'2020-01-28 17:45:20'),
(1401,'2020-01-28 17:45:23'),
(1402,'2020-01-28 17:45:33'),
(1403,'2020-01-28 17:49:18'),
(1404,'2020-01-28 17:49:02'),
(1405,'2020-01-28 17:46:13'),
(1406,'2020-01-28 17:54:02'),
(1407,'2020-01-28 17:52:03'),
(1408,'2020-01-29 10:54:30'),
(1409,'2020-01-29 10:57:09'),
(1410,'2020-01-29 10:55:01'),
(1411,'2020-01-29 10:57:36'),
(1412,'2020-01-29 10:58:03'),
(1413,'2020-01-29 10:56:25'),
(1414,'2020-01-29 11:00:00'),
(1415,'2020-01-29 10:54:13'),
(1416,'2020-01-29 10:58:40'),
(1417,'2020-01-29 10:52:32'),
(1418,'2020-01-29 10:55:53'),
(1419,'2020-01-29 16:05:40'),
(1420,'2020-01-29 15:45:32'),
(1421,'2020-01-29 16:04:26'),
(1422,'2020-01-29 15:51:43'),
(1423,'2020-01-29 15:43:33'),
(1424,'2020-01-29 16:01:31'),
(1425,'2020-01-29 16:03:16'),
(1426,'2020-01-29 16:04:49'),
(1427,'2020-01-29 15:53:25'),
(1428,'2020-01-29 15:49:29'),
(1429,'2020-01-29 16:05:38'),
(1430,'2020-01-29 16:03:43'),
(1431,'2020-01-29 15:57:05'),
(1432,'2020-01-29 15:48:02'),
(1433,'2020-01-29 16:03:29'),
(1434,'2020-01-29 15:55:32'),
(1435,'2020-01-29 15:44:22'),
(1436,'2020-01-29 15:47:19'),
(1437,'2020-01-29 15:49:07'),
(1438,'2020-01-29 15:55:38'),
(1439,'2020-01-29 16:03:06'),
(1440,'2020-01-29 15:56:57'),
(1441,'2020-01-29 16:01:16'),
(1442,'2020-01-29 15:53:14'),
(1443,'2020-01-29 15:42:33'),
(1444,'2020-01-29 16:07:54'),
(1445,'2020-01-29 16:15:54'),
(1446,'2020-01-29 15:47:52'),
(1447,'2020-01-29 16:07:02'),
(1448,'2020-01-29 15:47:12'),
(1449,'2020-01-29 17:50:46'),
(1450,'2020-01-29 17:44:05'),
(1451,'2020-01-29 17:45:51'),
(1452,'2020-01-29 17:45:04'),
(1453,'2020-01-29 17:49:34'),
(1454,'2020-01-29 17:50:56'),
(1455,'2020-01-29 17:47:10'),
(1456,'2020-01-29 17:52:54'),
(1457,'2020-01-29 17:44:03'),
(1458,'2020-01-29 17:55:45'),
(1459,'2020-01-30 10:57:47'),
(1460,'2020-01-30 10:54:41'),
(1461,'2020-01-30 10:53:12'),
(1462,'2020-01-30 10:56:55'),
(1463,'2020-01-30 11:00:45'),
(1464,'2020-01-30 10:55:02'),
(1465,'2020-01-30 10:57:24'),
(1466,'2020-01-30 10:56:23'),
(1467,'2020-01-30 10:58:26'),
(1468,'2020-01-30 10:53:15'),
(1469,'2020-01-30 15:46:30'),
(1470,'2020-01-30 15:58:37'),
(1471,'2020-01-30 15:45:05'),
(1472,'2020-01-30 15:57:48'),
(1473,'2020-01-30 16:02:27'),
(1474,'2020-01-30 16:10:08'),
(1475,'2020-01-30 16:09:47'),
(1476,'2020-01-30 16:12:40'),
(1477,'2020-01-30 16:03:15'),
(1478,'2020-01-30 15:56:25'),
(1479,'2020-01-30 15:53:41'),
(1480,'2020-01-30 15:52:58'),
(1481,'2020-01-30 15:47:15'),
(1482,'2020-01-30 16:01:14'),
(1483,'2020-01-30 16:00:39'),
(1484,'2020-01-30 15:56:42'),
(1485,'2020-01-30 16:12:15'),
(1486,'2020-01-30 15:50:18'),
(1487,'2020-01-30 15:46:43'),
(1488,'2020-01-30 15:50:11'),
(1489,'2020-01-30 15:57:55'),
(1490,'2020-01-30 15:51:14'),
(1491,'2020-01-30 15:50:52'),
(1492,'2020-01-30 16:04:46'),
(1493,'2020-01-30 16:15:29'),
(1494,'2020-01-30 15:57:20'),
(1495,'2020-01-30 15:55:25'),
(1496,'2020-01-30 15:55:24'),
(1497,'2020-01-30 15:51:47'),
(1498,'2020-01-30 15:36:18'),
(1499,'2020-01-30 17:45:58'),
(1500,'2020-01-30 17:54:33'),
(1501,'2020-01-30 17:50:44'),
(1502,'2020-01-30 17:52:39'),
(1503,'2020-01-30 17:44:47'),
(1504,'2020-01-30 17:53:24'),
(1505,'2020-01-30 17:48:17'),
(1506,'2020-01-30 17:47:07'),
(1507,'2020-01-30 17:46:25'),
(1508,'2020-01-30 17:49:05'),
(1509,'2020-01-30 17:45:43'),
(1510,'2020-01-31 10:56:04'),
(1511,'2020-01-31 10:55:17'),
(1512,'2020-01-31 10:57:15'),
(1513,'2020-01-31 10:57:22'),
(1514,'2020-01-31 10:57:56'),
(1515,'2020-01-31 10:59:22'),
(1516,'2020-01-31 10:59:25'),
(1517,'2020-01-31 10:57:22'),
(1518,'2020-01-31 10:57:04'),
(1519,'2020-01-31 10:54:04'),
(1520,'2020-01-31 10:55:28'),
(1521,'2020-01-31 16:04:17'),
(1522,'2020-01-31 15:40:02'),
(1523,'2020-01-31 15:50:35'),
(1524,'2020-01-31 15:50:00'),
(1525,'2020-01-31 15:42:22'),
(1526,'2020-01-31 16:06:14'),
(1527,'2020-01-31 15:59:24'),
(1528,'2020-01-31 15:48:33'),
(1529,'2020-01-31 15:56:16'),
(1530,'2020-01-31 15:45:17'),
(1531,'2020-01-31 15:51:35'),
(1532,'2020-01-31 16:14:45'),
(1533,'2020-01-31 15:47:48'),
(1534,'2020-01-31 16:03:51'),
(1535,'2020-01-31 15:51:05'),
(1536,'2020-01-31 15:47:30'),
(1537,'2020-01-31 16:08:29'),
(1538,'2020-01-31 15:46:46'),
(1539,'2020-01-31 16:05:39'),
(1540,'2020-01-31 15:59:57'),
(1541,'2020-01-31 16:00:53'),
(1542,'2020-01-31 15:54:10'),
(1543,'2020-01-31 15:47:28'),
(1544,'2020-01-31 15:32:28'),
(1545,'2020-01-31 15:47:42'),
(1546,'2020-01-31 15:39:53'),
(1547,'2020-01-31 16:09:29'),
(1548,'2020-01-31 16:05:06'),
(1549,'2020-01-31 15:55:51'),
(1550,'2020-01-31 16:00:24'),
(1551,'2020-01-31 17:49:45'),
(1552,'2020-01-31 17:45:34'),
(1553,'2020-01-31 17:55:21'),
(1554,'2020-01-31 17:48:46'),
(1555,'2020-01-31 17:46:19'),
(1556,'2020-01-31 17:48:46'),
(1557,'2020-01-31 17:49:49'),
(1558,'2020-01-31 17:51:53'),
(1559,'2020-01-31 17:47:31'),
(1560,'2020-01-31 17:52:54'),
(1561,'2020-01-31 17:55:55');

INSERT INTO usterki VALUES
(7,'Awaria układu zasilania','2020-01-12 12:50:00','2020-01-13 09:13:00','2020-01-17 13:18:00'),
(11,'Wyciek płynu hamulcowego','2020-01-25 14:34:00','2020-01-27 08:23:00',NULL),
(13,'Niedziałający mechanizm zmiany biegów','2020-01-31 18:06:00',NULL,NULL);
